name,free_bikes,empty_slots,city,country,position
Chester Ave & 12 Ave,18,1,New York,Usa,15
W 56 St & 8 Ave,3,41,New York,Usa,15
S Portland Ave & Hanson Pl,25,0,New York,Usa,15
E 78 St & 2 Ave,16,7,New York,Usa,15
87 St & Roosevelt Ave,2,21,New York,Usa,15
E 157 St & River Ave,5,9,New York,Usa,15
E 17 St & Broadway,1,73,New York,Usa,15
Central Ave & Flushing Ave,20,1,New York,Usa,15
Colonial Rd & 71 St,5,7,New York,Usa,15
E 149 St & Eagle Ave,13,5,New York,Usa,15
E 165 St & Jerome Ave,13,5,New York,Usa,15
72 St & 31 Ave,4,17,New York,Usa,15
Amity St & Court St,31,1,New York,Usa,15
Irwin Ave & W 232 St,4,15,New York,Usa,15
Nassau Ave & Russell St,0,0,New York,Usa,15
1 St & 6 Ave,17,16,New York,Usa,15
Bulova Ave & Brooklyn Queens Expressway W,2,16,New York,Usa,15
45 St & 4 Ave,13,6,New York,Usa,15
Watts St & Greenwich St,32,17,New York,Usa,15
Broadway & E 14 St,0,104,New York,Usa,15
Harrison Pl & Porter Ave,16,3,New York,Usa,15
W 87 St & West End Ave,29,14,New York,Usa,15
108 St & 66 Rd,6,13,New York,Usa,15
3 Ave & E 109 St,22,2,New York,Usa,15
3 Ave & 92 St,14,1,New York,Usa,15
Myrtle Ave & St Edwards St,31,22,New York,Usa,15
E 9 St & Ave C,46,3,New York,Usa,15
Marcy Ave & Gates Ave,7,12,New York,Usa,15
Beverley Rd & Flatbush Ave,23,3,New York,Usa,15
E 149 St & Park Ave,5,18,New York,Usa,15
Sheridan Ave & E 168 St,7,12,New York,Usa,15
Dyckman St & Henshaw St,17,0,New York,Usa,15
Hudson St & Reade St,16,37,New York,Usa,15
E 106 St & 1 Ave,12,8,New York,Usa,15
E 1 St & Bowery,39,3,New York,Usa,15
Melrose Ave & E 150 St,23,4,New York,Usa,15
Botanical Sq & Webster Ave,28,0,New York,Usa,15
E 23 St & 1 Ave,8,15,New York,Usa,15
Buchanan Pl & Grand Ave,11,9,New York,Usa,15
Flatbush Ave & Ocean Ave,28,10,New York,Usa,15
Halsey St & Evergreen Ave,1,20,New York,Usa,15
Southern Blvd & E 174 St,14,7,New York,Usa,15
Park Pl & Church St,1,50,New York,Usa,15
Kent Ave & N 7 St,71,4,New York,Usa,15
E 188 St & Creston Ave,9,21,New York,Usa,15
37 St & Fort Hamilton Pkwy,6,5,New York,Usa,15
63 St & 59 Dr,13,9,New York,Usa,15
Decatur Ave & E 197 St,5,14,New York,Usa,15
E 94 St & Madison Ave,41,2,New York,Usa,15
55 Ave & 90 St,18,3,New York,Usa,15
Vernon Blvd & 41 Rd,25,1,New York,Usa,15
South St & Whitehall St,52,0,New York,Usa,15
21 St & Queens Plaza North,28,5,New York,Usa,15
Bronx Park S & Bryant Ave,13,4,New York,Usa,15
W 47 St & 6 Ave,2,61,New York,Usa,15
E 34 St & Linden Blvd,22,0,New York,Usa,15
Liberty St & Broadway,5,56,New York,Usa,15
Frost St & Debevoise Ave,17,5,New York,Usa,15
3 Ave & Schermerhorn St,19,10,New York,Usa,15
Franklin Ave & St Marks Ave,4,25,New York,Usa,15
W 170 St & University Ave,3,17,New York,Usa,15
Steuben Ave & E 210 St,2,14,New York,Usa,15
Menahan St & Wyckoff Ave,2,18,New York,Usa,15
E 114 St & 1 Ave,22,0,New York,Usa,15
Bergen St & 4 Ave,12,18,New York,Usa,15
Ave D & E 3 St,14,39,New York,Usa,15
Edgecombe Ave & W 167 St,5,13,New York,Usa,15
W 100 St & Broadway,13,23,New York,Usa,15
Caton Ave & E 10 St,22,7,New York,Usa,15
Morningside Ave & W 123 St,14,12,New York,Usa,15
65 Pl & Central Ave,10,10,New York,Usa,15
Gerard Ave & E 164 St,2,17,New York,Usa,15
Eastern Pkwy & Brooklyn Ave,3,17,New York,Usa,15
Riverview Park,1,16,New York,Usa,15
Harrison St & 4 St,1,20,New York,Usa,15
Jerome Ave & E Gun Hill Rd,11,8,New York,Usa,15
W 42 St & 6 Ave,2,49,New York,Usa,15
Riverside Dr & W 138 St,5,25,New York,Usa,15
39 St & Queens Blvd,1,19,New York,Usa,15
95 St & 35 Ave,9,13,New York,Usa,15
W 78 St & Broadway,13,26,New York,Usa,15
Coffey St & Conover St,29,1,New York,Usa,15
Warren St & Smith St,29,0,New York,Usa,15
E 91 St & Park Ave,30,3,New York,Usa,15
59 St & 4 Ave,12,20,New York,Usa,15
5 Ave & W 126 St,11,10,New York,Usa,15
W 15 St & 6 Ave,20,39,New York,Usa,15
Crotona Pkwy & Elsmere Pl,6,19,New York,Usa,15
Powers St & Olive St,4,11,New York,Usa,15
E 55 St & 2 Ave,2,24,New York,Usa,15
Morris Ave & E 142 St,2,17,New York,Usa,15
Case St & 94 St,8,13,New York,Usa,15
E 2 St & Ave B,40,37,New York,Usa,15
Fulton Ave & E 168 St,5,12,New York,Usa,15
W 92 St & Broadway,17,4,New York,Usa,15
36 St & 4 Ave,28,1,New York,Usa,15
Bloomfield St & 15 St,4,7,New York,Usa,15
Broadway & W 153 St,1,18,New York,Usa,15
Washington Ave & Greene Ave,11,7,New York,Usa,15
E 17 St & 2 Ave,0,44,New York,Usa,15
Forley St & Lamont Ave,10,7,New York,Usa,15
Market St & Henry St,39,0,New York,Usa,15
Pacific St & Smith St,36,7,New York,Usa,15
Pacific St & Classon Ave,0,19,New York,Usa,15
Montague St & Hicks St,11,18,New York,Usa,15
Union St & Bergen Ave,4,10,New York,Usa,15
W 56 St & 10 Ave,8,29,New York,Usa,15
Grand Concourse & E 199 St,6,15,New York,Usa,15
Knickerbocker Ave & Halsey St,4,14,New York,Usa,15
New York Ave & Snyder Ave,18,0,New York,Usa,15
111 St & 49 Ave,23,6,New York,Usa,15
Home St & Westchester Ave,16,3,New York,Usa,15
Andrews Ave S & W 179 St,11,7,New York,Usa,15
Morton St & Greenwich St,51,0,New York,Usa,15
Lott St & Erasmus St,14,3,New York,Usa,15
Putnam Ave & Throop Ave,2,17,New York,Usa,15
5 Ave & 88 St,13,2,New York,Usa,15
21 St & Hoyt Ave S,17,11,New York,Usa,15
E 176 St & Clinton Ave,3,16,New York,Usa,15
39 Dr & 52 St,6,13,New York,Usa,15
Jay St & York St,25,11,New York,Usa,15
Greenpoint Ave & 47 St,12,10,New York,Usa,15
Clinton St & Centre St,15,3,New York,Usa,15
Bedford Ave & Fenimore St,17,1,New York,Usa,15
E 179 St & Southern Blvd,8,17,New York,Usa,15
E 134 St & Walnut Ave,0,15,New York,Usa,15
Freeman St & Reverend James A Polite Ave,2,14,New York,Usa,15
Carroll St & Washington Ave,6,19,New York,Usa,15
W 45 St & 8 Ave,22,32,New York,Usa,15
Bergen St & Saratoga Ave,2,17,New York,Usa,15
Cleveland Pl & Spring St,15,12,New York,Usa,15
E 180 St & Monterey Ave,0,19,New York,Usa,15
Sumpter St & Fulton St,15,4,New York,Usa,15
79 St & Woodside Ave,18,0,New York,Usa,15
E 15 St & 3 Ave,21,55,New York,Usa,15
Woodside Ave & 55 St,4,15,New York,Usa,15
Nostrand Ave & Flushing Ave,13,11,New York,Usa,15
Yellowstone Blvd & 65 Ave,5,9,New York,Usa,15
20 Ave & 31 St,18,3,New York,Usa,15
Franklin St & Dupont St,19,3,New York,Usa,15
Myrtle Ave & Lewis Ave,6,13,New York,Usa,15
1 Ave & E 94 St,19,13,New York,Usa,15
Queens Blvd S & 71 Ave,6,22,New York,Usa,15
E 135 St & St Ann's Ave,9,6,New York,Usa,15
E 35 St & Madison Ave,19,26,New York,Usa,15
49 St & 25 Ave,2,23,New York,Usa,15
Strong St & University Ave,5,14,New York,Usa,15
Carlton Ave & Park Ave,13,5,New York,Usa,15
110 St & 68 Ave,1,11,New York,Usa,15
Clinton St & Tillary St,29,0,New York,Usa,15
Sheridan Ave & E 172 St,2,21,New York,Usa,15
19 St & 24 Ave,11,11,New York,Usa,15
Winthrop St & Schenectady Ave,21,0,New York,Usa,15
Forsyth St & Canal St,24,1,New York,Usa,15
6 Ave & 21 St,13,12,New York,Usa,15
100 St & 37 Ave,2,15,New York,Usa,15
Beaver St & Fayette St,14,15,New York,Usa,15
Malcolm X Blvd & DeKalb Ave,16,2,New York,Usa,15
Walton Ave & E 183 St,4,23,New York,Usa,15
Somers St & Rockaway Ave,8,12,New York,Usa,15
Carroll St & 5 Ave,22,0,New York,Usa,15
Astor Place,8,5,New York,Usa,15
12 St & Sinatra Dr N,11,15,New York,Usa,15
Cedar St & Myrtle Ave,7,18,New York,Usa,15
E 45 St & 3 Ave,1,33,New York,Usa,15
Morris Ave & McClellan St,5,13,New York,Usa,15
E 161 St & River Ave,24,6,New York,Usa,15
Park Ave & Marcy Ave,17,4,New York,Usa,15
81 St & 35 Ave,5,19,New York,Usa,15
3 Ave & E 189 St,27,1,New York,Usa,15
27 Ave & 3 St,11,5,New York,Usa,15
Decatur Ave & Bedford Park Blvd,16,2,New York,Usa,15
Riverside Dr & W 82 St,18,49,New York,Usa,15
Fulton St & Adams St,17,27,New York,Usa,15
32 Ave & 81 St,2,15,New York,Usa,15
Driggs Ave & S 2 St,28,1,New York,Usa,15
Jerome Ave & W 193 St,9,8,New York,Usa,15
W 74 St & Columbus Ave,10,15,New York,Usa,15
Central Ave & Himrod St,5,17,New York,Usa,15
W 17 St & 8 Ave,11,43,New York,Usa,15
Paul Ave & W 205 St,12,6,New York,Usa,15
Ditmars Blvd & 79 St,21,3,New York,Usa,15
3 Ave & E 174 St,27,4,New York,Usa,15
Broadway & 49 St,24,0,New York,Usa,15
Calyer St & Jewel St,20,19,New York,Usa,15
Cypress Hills St & Otto Rd,14,4,New York,Usa,15
61 St & 39 Ave,14,11,New York,Usa,15
E 179 St & Daly Ave,12,4,New York,Usa,15
Concourse Village West & E 156 St,6,13,New York,Usa,15
Grand St,2,15,New York,Usa,15
Perry St & Bleecker St,22,8,New York,Usa,15
Broadway & Battery Pl,22,25,New York,Usa,15
Waldron St & 108 St,9,9,New York,Usa,15
Prospect Pl & Underhill Ave,4,15,New York,Usa,15
Broadway & Moylan Pl,15,23,New York,Usa,15
Queens Blvd & 56 St,7,13,New York,Usa,15
Newark St & Washington St,4,15,New York,Usa,15
1 Ave & E 42 St,16,38,New York,Usa,15
Buffalo Ave & E New York Ave,18,2,New York,Usa,15
E 182 St & Grand Concourse,6,19,New York,Usa,15
Prospect Ave & E 151 St,2,17,New York,Usa,15
34 Ave & 74 St,5,16,New York,Usa,15
E 2 St & Ave C,28,53,New York,Usa,15
66 Rd & 102 St,0,18,New York,Usa,15
Sands St & Jay St,33,12,New York,Usa,15
Fulton Ave & E 172 St,5,12,New York,Usa,15
Shore Rd & 86 St,7,2,New York,Usa,15
Christ Hospital,0,20,New York,Usa,15
112 St & Northern Blvd,2,10,New York,Usa,15
59 St & 5 Ave,4,24,New York,Usa,15
University Ave & Macombs Rd,4,19,New York,Usa,15
W 76 St & Columbus Ave,5,44,New York,Usa,15
Devoe St & Lorimer St,16,2,New York,Usa,15
Lewis Ave & Fulton St,12,2,New York,Usa,15
E 43 St & 2 Ave,4,42,New York,Usa,15
Cortelyou Rd & E 34 St,17,0,New York,Usa,15
46 St & Queens Blvd,18,15,New York,Usa,15
Picnic Point,34,2,New York,Usa,15
26 Ave & 2 St,15,5,New York,Usa,15
Goulden Ave & W 205 St,12,7,New York,Usa,15
53 Ave & 94 St,6,12,New York,Usa,15
Tilden Ave & Nostrand Ave,10,2,New York,Usa,15
62 St & 43 Ave,5,13,New York,Usa,15
E 7 St & Ave B,56,11,New York,Usa,15
Yellowstone Blvd & 68 Ave,6,9,New York,Usa,15
99 St & 35 Ave,2,18,New York,Usa,15
2 Ave & E 29 St,0,47,New York,Usa,15
E 6 St & 2 Ave,67,0,New York,Usa,15
21 St & 21 Ave,14,7,New York,Usa,15
Schermerhorn St & Court St,32,22,New York,Usa,15
Austin St & 66 Ave,10,1,New York,Usa,15
W 89 St & Columbus Ave,30,14,New York,Usa,15
44 Dr & 21 St,24,12,New York,Usa,15
Little West St & 1 Pl,26,8,New York,Usa,15
E 66 St & Madison Ave,2,25,New York,Usa,15
108 St & 39 Ave,21,0,New York,Usa,15
35 St & Broadway,11,6,New York,Usa,15
44 Dr & Jackson Ave,16,12,New York,Usa,15
Front St & Jay St,16,6,New York,Usa,15
E 10 St & 5 Ave,0,0,New York,Usa,15
51 Ave & Junction Blvd,16,2,New York,Usa,15
Halsey St & Broadway,1,18,New York,Usa,15
Berkeley Pl & 6 Ave,24,14,New York,Usa,15
Linden Blvd & Nostrand Ave,8,12,New York,Usa,15
Broadway & Roebling St,21,6,New York,Usa,15
92 St & Astoria Blvd,9,7,New York,Usa,15
Charlotte St & Boston Rd,9,5,New York,Usa,15
W 18 St & 9 Ave,27,8,New York,Usa,15
Brook Ave & E 138 St,15,3,New York,Usa,15
Grand Concourse & E 171 St,3,17,New York,Usa,15
Ralph Ave & Fulton St,17,6,New York,Usa,15
Broadway & W 157 St,14,15,New York,Usa,15
Leonard St & Church St,31,22,New York,Usa,15
56 St & 2 Ave,13,21,New York,Usa,15
Bedford Ave & Bergen St,3,20,New York,Usa,15
Bus Slip & State St,50,16,New York,Usa,15
Greene Ave & Grandview Ave,5,11,New York,Usa,15
Park Pl & Carlton Ave,6,19,New York,Usa,15
JC Medical Center,8,11,New York,Usa,15
Austin St & 70 Rd,18,5,New York,Usa,15
Church Ave & E 45 St,22,2,New York,Usa,15
Fulton St & William St,4,37,New York,Usa,15
E 81 St & York Ave,20,27,New York,Usa,15
69 St & 43 Ave,16,2,New York,Usa,15
W 25 St & 8 Ave,2,27,New York,Usa,15
Park Circle & East Dr,25,0,New York,Usa,15
50 St & 7 Ave,7,13,New York,Usa,15
Degraw St & Hoyt St,23,0,New York,Usa,15
E Fordham Rd & Webster Ave,22,5,New York,Usa,15
Ave D & E 10 St,14,15,New York,Usa,15
36 St & Queens Blvd,18,3,New York,Usa,15
Flatbush Ave & Lincoln Rd,15,6,New York,Usa,15
E 174 St & Longfellow Ave,13,5,New York,Usa,15
Wilson Ave & Moffat St,26,6,New York,Usa,15
Jackson Ave & 50 Ave,26,4,New York,Usa,15
E 156 St & Brook Ave,10,3,New York,Usa,15
Bruckner Blvd & Faile St,11,13,New York,Usa,15
Pleasant Ave & E 120 St,19,1,New York,Usa,15
Onderdonk Ave & Gates Ave,7,12,New York,Usa,15
Prospect Pl & 6 Ave,15,4,New York,Usa,15
University Ave & Brandt Pl,2,18,New York,Usa,15
Lincoln Ave & E 138 St,5,19,New York,Usa,15
Edgecombe Ave & W 141 St,18,3,New York,Usa,15
8 Ave & W 27 St,17,10,New York,Usa,15
W 20 St & 5 Ave,0,0,New York,Usa,15
Lenox Ave & W 146 St,19,3,New York,Usa,15
Prospect Park SW & 10 Ave,25,4,New York,Usa,15
Boone Ave & E 172 St,15,1,New York,Usa,15
Ave D & E 12 St,14,23,New York,Usa,15
81 St & 34 Ave,2,22,New York,Usa,15
Marshall St & 2 St,4,12,New York,Usa,15
West End Ave & W 60 St,33,3,New York,Usa,15
46 St & 30 Rd,6,13,New York,Usa,15
Bayard St & Leonard St,37,1,New York,Usa,15
31 Ave & 30 St,8,12,New York,Usa,15
49 Ave & 27 St,15,9,New York,Usa,15
14 St Ferry - 14 St & Shipyard Ln,6,25,New York,Usa,15
43 St & 35 Ave,22,2,New York,Usa,15
Richards St & Delavan St,8,6,New York,Usa,15
Park Pl & Buffalo Ave,2,17,New York,Usa,15
E 61 St & Madison Ave,1,36,New York,Usa,15
E 89 St & 3 Ave,34,4,New York,Usa,15
Grand Concourse & E 181 St,6,14,New York,Usa,15
56 Dr & 61 St,17,2,New York,Usa,15
Lexington Ave & E 29 St,21,24,New York,Usa,15
Ogden Ave & W 165 St,5,11,New York,Usa,15
Willoughby Ave & Hall St,23,18,New York,Usa,15
Yankee Ferry Terminal,24,8,New York,Usa,15
Sedgwick Ave & W Burnside Ave,4,12,New York,Usa,15
Maple St & Flatbush Ave,6,14,New York,Usa,15
5 St & Market St,7,31,New York,Usa,15
Southern Blvd & E 180 St,4,14,New York,Usa,15
65 Ln & Metropolitan Ave,17,6,New York,Usa,15
Van Sinderen Ave & Atlantic Ave,11,9,New York,Usa,15
Broadway & W 160 St,4,16,New York,Usa,15
W 55 St & 6 Ave,0,42,New York,Usa,15
Popham Ave & W 174 St,0,20,New York,Usa,15
Church Ave & Nostrand Ave,17,10,New York,Usa,15
Broadway & W 61 St,3,43,New York,Usa,15
Henry St & Atlantic Ave,16,0,New York,Usa,15
Grand Central Pkwy & 62 Dr,8,5,New York,Usa,15
38 St & Northern Blvd,9,10,New York,Usa,15
21 St & 31 Dr,4,16,New York,Usa,15
Washington St,10,4,New York,Usa,15
57 St & 1 Ave,10,17,New York,Usa,15
Amsterdam Ave & W 136 St,5,11,New York,Usa,15
Columbia St & Kane St,15,3,New York,Usa,15
Clay Ave & E 173 St,7,10,New York,Usa,15
Scholes St & Manhattan Ave,17,14,New York,Usa,15
Alexander Ave & E 134 St,9,8,New York,Usa,15
E 58 St & 1 Ave (NE Corner),3,20,New York,Usa,15
55 Dr & Maurice Ave,18,1,New York,Usa,15
6 Ave & Walker St,25,10,New York,Usa,15
Flushing Ave & Clermont Ave,6,14,New York,Usa,15
Bushwick Ave & Stagg St,2,18,New York,Usa,15
Longwood Ave & Southern Blvd,2,18,New York,Usa,15
Brunswick & 6th,7,7,New York,Usa,15
E 138 St & Cypress Ave,9,13,New York,Usa,15
36 St & Hunters Point Ave,2,19,New York,Usa,15
E 142 St & 3 Ave,0,14,New York,Usa,15
E 20 St & 2 Ave,15,61,New York,Usa,15
Waldo Ave & Manhattan College Pkwy,15,4,New York,Usa,15
Grand St & Samuel Dickstein Plaza,46,30,New York,Usa,15
43 Ave & 40 St,1,20,New York,Usa,15
1 Ave & E 18 St,12,39,New York,Usa,15
Smith St & 9 St,11,4,New York,Usa,15
Frederick Douglass Blvd & W 117 St,34,1,New York,Usa,15
18 St & 27 Ave,11,12,New York,Usa,15
Amsterdam Ave & W 183 St,0,18,New York,Usa,15
St Marks Ave & Ralph Ave,5,13,New York,Usa,15
St Nicholas Ave & W 155 St,0,21,New York,Usa,15
97 St & 23 Ave,7,10,New York,Usa,15
77 St & Colonial Rd,14,0,New York,Usa,15
St Mary's St & Jackson Ave,9,7,New York,Usa,15
Wards Meadow Comfort Station,9,3,New York,Usa,15
Eastern Pkwy & St Marks Ave,15,2,New York,Usa,15
Amsterdam Ave & W 180 St,1,21,New York,Usa,15
Shore Rd & 4 Ave,12,0,New York,Usa,15
Old Fulton St,13,22,New York,Usa,15
111 St & 37 Ave,17,3,New York,Usa,15
Flushing Ave & Woodward Ave,19,1,New York,Usa,15
E 56 St & 3 Ave,4,70,New York,Usa,15
Central Ave & Starr St,8,14,New York,Usa,15
Columbus Park - Clinton St & 9 St,13,10,New York,Usa,15
24 Ave & 87 St,13,6,New York,Usa,15
Seneca Ave & Decatur St,4,14,New York,Usa,15
Eastern Pkwy & Washington Ave,7,21,New York,Usa,15
Pulaski St & Throop Ave,0,18,New York,Usa,15
McGuinness Blvd & Eagle St,8,32,New York,Usa,15
Walton Ave & E 176 St,19,4,New York,Usa,15
Walton Ave & E 153 St,16,2,New York,Usa,15
37 Ave & 106 St,19,0,New York,Usa,15
59 St & 59 Rd,13,8,New York,Usa,15
24 Ave & 92 St,7,12,New York,Usa,15
E 15 St & 5 Ave,0,0,New York,Usa,15
3 Ave & E 72 St,28,5,New York,Usa,15
E 23 St & FDR Dr,20,24,New York,Usa,15
Norman St & Wyckoff Ave,13,0,New York,Usa,15
W 20 St & 11 Ave,35,35,New York,Usa,15
Schenectady Ave & Prospect Pl,9,7,New York,Usa,15
Colonial Rd & 68 St,13,3,New York,Usa,15
Pacific St & Utica Ave,2,18,New York,Usa,15
7 Ave & 62 St,28,1,New York,Usa,15
Washington Ave & Park Ave,46,6,New York,Usa,15
Grand Concourse & E 175 St,4,20,New York,Usa,15
Bailey Ave & W 229 St,12,5,New York,Usa,15
Dwight St & Van Dyke St,19,3,New York,Usa,15
University Pl & E 14 St,0,53,New York,Usa,15
Post Rd & W 251 St,3,8,New York,Usa,15
Rogers Ave & Snyder Ave,15,6,New York,Usa,15
78 St & Ridge Blvd,12,0,New York,Usa,15
Sherman Ave & E 166 St,1,16,New York,Usa,15
Park Ave & St Edwards St,49,2,New York,Usa,15
Wakeman Pl & Ridge Blvd,4,15,New York,Usa,15
St Ann's Ave & Bruckner Blvd,1,10,New York,Usa,15
Herkimer St & New York Ave,4,21,New York,Usa,15
46 Ave & Junction Blvd,3,15,New York,Usa,15
Riverside Blvd & W 67 St,64,13,New York,Usa,15
Broadway & W 53 St,0,82,New York,Usa,15
Gleane St & Britton Ave,5,12,New York,Usa,15
Dock 72 Way & Market St,15,8,New York,Usa,15
West St & Liberty St,10,27,New York,Usa,15
E 85 St & York Ave,18,29,New York,Usa,15
Riverdale Ave & W 261 St,4,7,New York,Usa,15
Varick St & Watts St,19,28,New York,Usa,15
38 Ave & 29 St,4,14,New York,Usa,15
Queens Blvd S & 65 Rd,16,2,New York,Usa,15
Morris Ave & E 163 St,7,12,New York,Usa,15
Featherbed Ln & Jerome Ave,17,2,New York,Usa,15
Howard St & Lafayette St,6,32,New York,Usa,15
Mets Plaza at Citi Field,32,3,New York,Usa,15
36 St & Ditmars Blvd,24,0,New York,Usa,15
Jerome Ave & Anderson Ave,9,9,New York,Usa,15
W 53 St & 10 Ave,13,11,New York,Usa,15
E 182 St & Morris Ave,15,2,New York,Usa,15
65 Pl & Woodside Ave,5,14,New York,Usa,15
Crescent St & 34 Ave,5,20,New York,Usa,15
E Gun Hill Rd & Tryon Ave,2,16,New York,Usa,15
E 74 St & 1 Ave,17,53,New York,Usa,15
Centre St & Seneca Ave,8,15,New York,Usa,15
Somers St & Broadway,21,7,New York,Usa,15
Central Park W & W 85 St,25,8,New York,Usa,15
Central Ave & Melrose St,17,0,New York,Usa,15
E 77 St & 3 Ave,5,38,New York,Usa,15
Stuyvesant Ave & Gates Ave,5,13,New York,Usa,15
Steinway St & 28 Ave,21,1,New York,Usa,15
Cortelyou Rd & E 8 St,15,0,New York,Usa,15
South St & Gouverneur Ln,32,10,New York,Usa,15
Rogers Ave & Sterling St,12,4,New York,Usa,15
E 118 St & Madison Ave,25,1,New York,Usa,15
E 88 St & Park Ave,33,4,New York,Usa,15
Eagle St & Manhattan Ave,19,14,New York,Usa,15
E 38 St & Church Ave,14,9,New York,Usa,15
31 Ave & 84 St,0,21,New York,Usa,15
Pinehurst Ave & W 187 St,4,16,New York,Usa,15
King St & Varick St,34,1,New York,Usa,15
W 13 St & 7 Ave,0,0,New York,Usa,15
Bergen St & Kingston Ave,1,20,New York,Usa,15
Gillmore St & 27 Ave,17,0,New York,Usa,15
40 Ave & Crescent St,10,11,New York,Usa,15
Wilson Ave & Troutman St,20,5,New York,Usa,15
Wyckoff Ave & Jefferson St,22,1,New York,Usa,15
8 Ave & W 52 St,1,21,New York,Usa,15
W 18 St & 6 Ave,6,60,New York,Usa,15
35 St & 34 Ave,18,5,New York,Usa,15
Rivington St & Chrystie St,62,1,New York,Usa,15
Southern Blvd & Ave St John,12,6,New York,Usa,15
Woodside Ave & 60 St,13,8,New York,Usa,15
50 Ave & 65 St,8,9,New York,Usa,15
E 40 St & Park Ave,0,121,New York,Usa,15
Grand Ave & W Fordham Rd,2,17,New York,Usa,15
Broadway & Ellwood St,13,4,New York,Usa,15
64 St & 3 Ave,16,17,New York,Usa,15
Adam Clayton Powell Blvd & W 115 St,14,1,New York,Usa,15
Hoe Ave & Jennings St,0,18,New York,Usa,15
61 St & 60 Ln,2,15,New York,Usa,15
Clinton St & Grand St,51,0,New York,Usa,15
Brooklyn Ave & Beverley Rd,18,1,New York,Usa,15
4 Ave & Shore Road Dr,12,8,New York,Usa,15
Forest Ave & Summerfield St,1,21,New York,Usa,15
92 St & 37 Ave,5,13,New York,Usa,15
98 St & 64 Rd,15,2,New York,Usa,15
Jackson Ave & 46 Rd,11,14,New York,Usa,15
Hancock St & Malcolm X Blvd,0,18,New York,Usa,15
York St & Marin Blvd,15,2,New York,Usa,15
Marcy Ave & Lynch St,20,2,New York,Usa,15
Margaret Corbin Plz & Ft Washington Ave,1,19,New York,Usa,15
City Hall,22,0,New York,Usa,15
Clarkson Ave & Troy Ave,21,0,New York,Usa,15
Hart St & Wyckoff Ave,23,1,New York,Usa,15
Franklin Ave & Quincy St,10,11,New York,Usa,15
99 St & 65 Rd,7,5,New York,Usa,15
Wales Ave & E 147 St,3,15,New York,Usa,15
Lefferts Pl & Franklin Ave,10,12,New York,Usa,15
Southern Blvd & E 172 St,6,13,New York,Usa,15
Kingston Ave & E New York Ave,17,2,New York,Usa,15
E 24 St & Park Ave S,0,76,New York,Usa,15
Gold St & Frankfort St,18,17,New York,Usa,15
Orchard St & Grand St,37,0,New York,Usa,15
Butler St & Court St,31,0,New York,Usa,15
Newtown Ave & 23 St,13,2,New York,Usa,15
Park Ave & Marcus Garvey Blvd,1,22,New York,Usa,15
23 Ave & 83 St,7,9,New York,Usa,15
W 22 St & 10 Ave,6,66,New York,Usa,15
E 184 St & 3 Ave,8,10,New York,Usa,15
Warren St & W Broadway,4,67,New York,Usa,15
Central Park W & W 72 St,45,3,New York,Usa,15
Grand Concourse & E 203 St,1,15,New York,Usa,15
49 St & 31 Ave,6,11,New York,Usa,15
N 9 St & Wythe Ave,44,2,New York,Usa,15
Church St & Worth St,16,27,New York,Usa,15
Columbus Ave & W 95 St,22,14,New York,Usa,15
Lexington Ave & Stuyvesant Ave,1,17,New York,Usa,15
E 16 St & 5 Ave,0,0,New York,Usa,15
Mallory Ave & Roosevelt Ave,12,0,New York,Usa,15
Hull Ave & E Gun Hill Rd,8,4,New York,Usa,15
Colonial Rd & 83 St,12,2,New York,Usa,15
Baldwin at Montgomery,2,8,New York,Usa,15
35 Ave & 37 St,27,3,New York,Usa,15
E 20 St & FDR Dr,13,58,New York,Usa,15
Loring Pl North & W 183 St,3,14,New York,Usa,15
8 Ave & W 38 St,10,49,New York,Usa,15
Dawson St & Intervale Ave,9,7,New York,Usa,15
Queens Blvd S & Yellowstone Blvd,20,3,New York,Usa,15
Ave C & E 16 St,7,40,New York,Usa,15
Thomas S. Boyland St & Marion St,5,14,New York,Usa,15
10 St & 5 Ave,18,1,New York,Usa,15
Kent St & McGuinness Blvd,16,3,New York,Usa,15
St Johns Pl & Howard Ave,5,15,New York,Usa,15
Mount Eden Pkwy & Eastburn Ave,10,8,New York,Usa,15
Ocean Ave & New St,0,9,New York,Usa,15
31 Ave & Crescent St,5,16,New York,Usa,15
W 20 St & 10 Ave,3,43,New York,Usa,15
E 11 St & 3 Ave,0,0,New York,Usa,15
Ave D & E 8 St,23,6,New York,Usa,15
Frederick Douglass Blvd & W 129 St,21,4,New York,Usa,15
Brooklyn Ave & Lefferts Ave,17,2,New York,Usa,15
Clarkson Ave & Nostrand Ave,19,5,New York,Usa,15
Academy St & Nagle Ave,16,0,New York,Usa,15
Henry St & Degraw St,17,6,New York,Usa,15
Schenectady Ave & Cortelyou Rd,18,0,New York,Usa,15
6 Ave & W 45 St,3,60,New York,Usa,15
112 St & 67 Rd,7,8,New York,Usa,15
20 Ave & 38 St,26,1,New York,Usa,15
W 204 St & Vermilyea Ave,0,0,New York,Usa,15
Marcy Ave & Rutledge St,12,5,New York,Usa,15
Stratford Rd & Beverley Rd,17,0,New York,Usa,15
Broadway & Kosciuszko St,0,26,New York,Usa,15
Arlington Ave & Bramhall Ave,8,10,New York,Usa,15
62 Dr & 97 Pl,15,2,New York,Usa,15
W 34 St & 11 Ave,1,78,New York,Usa,15
57 St & Grand Ave,19,0,New York,Usa,15
Grand Concourse & E 167 St,0,25,New York,Usa,15
E 16 St & Irving Pl,32,43,New York,Usa,15
Marcy Ave & Hart St,3,15,New York,Usa,15
McKibbin St & Manhattan Ave,4,16,New York,Usa,15
George St & Wilson Ave,17,1,New York,Usa,15
W 107 St & Columbus Ave,14,4,New York,Usa,15
W 52 St & 5 Ave,0,55,New York,Usa,15
Madison Ave & E 82 St,29,4,New York,Usa,15
Seneca Ave & Irvine St,13,5,New York,Usa,15
W 230 St & Marble Hill Ave,18,2,New York,Usa,15
Peck Slip & South St,40,1,New York,Usa,15
Pier 61 at Chelsea Piers,2,36,New York,Usa,15
River Ave & McClellan St,16,2,New York,Usa,15
Woodlawn Ave & Sterling Ave,6,9,New York,Usa,15
William St & Pine St,2,48,New York,Usa,15
3 Ave & Wakeman Pl,11,12,New York,Usa,15
Manhattan Ave & Devoe St,21,2,New York,Usa,15
Grand Concourse & E 166 St,5,19,New York,Usa,15
48 Ave & 5 St,40,38,New York,Usa,15
Webster Ave & E 166 St,13,5,New York,Usa,15
96 St & Northern Blvd,1,17,New York,Usa,15
W 106 St & Amsterdam Ave,22,9,New York,Usa,15
Newport PATH,2,13,New York,Usa,15
E Mosholu Pkwy & E 204 St,5,13,New York,Usa,15
E 16 St & Cortelyou Rd,21,1,New York,Usa,15
39 Ave & 56 St,6,12,New York,Usa,15
37 St & 24 Ave,13,5,New York,Usa,15
E 47 St & 1 Ave,18,49,New York,Usa,15
Sullivan St & Washington Sq,46,6,New York,Usa,15
57 St & 4 Ave,5,15,New York,Usa,15
Bialystoker Pl & Delancey St,13,15,New York,Usa,15
Henry St & Grand St,17,16,New York,Usa,15
Pioneer St & Van Brunt St,31,4,New York,Usa,15
Murray St & Greenwich St,0,45,New York,Usa,15
E 60 St & York Ave,13,18,New York,Usa,15
Dahill Rd & 12 Ave,11,5,New York,Usa,15
Waterbury St & Stagg St,22,0,New York,Usa,15
62 Ave & Queens Blvd,14,6,New York,Usa,15
E 58 St & Madison Ave,1,58,New York,Usa,15
24 St & 5 Ave,7,9,New York,Usa,15
Broadway & W 29 St,0,0,New York,Usa,15
E 171 St & Webster Ave,7,11,New York,Usa,15
E 48 St & 5 Ave,0,59,New York,Usa,15
Fulton St & Irving Pl,10,19,New York,Usa,15
W 163 St & Edgecombe Ave,2,17,New York,Usa,15
3 St & Hoyt St,52,0,New York,Usa,15
39 Ave & 54 St,5,14,New York,Usa,15
Kosciuszko St & Tompkins Ave,3,11,New York,Usa,15
60 Pl & Linden St,5,14,New York,Usa,15
Grand Ave & 55 St,16,1,New York,Usa,15
E 7 St & Ave C,22,8,New York,Usa,15
Fort Washington Ave & W 183 St,4,24,New York,Usa,15
Wyckoff Ave & Stanhope St,16,4,New York,Usa,15
E 89 St & York Ave,14,17,New York,Usa,15
Clinton St & Cherry St,29,16,New York,Usa,15
E 53 St & Madison Ave,0,47,New York,Usa,15
48 Ave & 41 St,4,17,New York,Usa,15
Spring St & Hudson St,12,50,New York,Usa,15
3 Ave & Carroll St,19,3,New York,Usa,15
David Sheridan Plaza & Broadway,10,5,New York,Usa,15
Broadway & E 21 St,17,31,New York,Usa,15
W 56 St & 6 Ave,0,50,New York,Usa,15
Crotona Ave & Crotona Park N,7,10,New York,Usa,15
Broadway & W 251 St,1,14,New York,Usa,15
6 Ave & 55 St,17,2,New York,Usa,15
4 Ave & 81 St,16,1,New York,Usa,15
River Ter & Warren St,10,54,New York,Usa,15
Forsyth St & Grand St,62,0,New York,Usa,15
W 218 St & Indian Rd,10,8,New York,Usa,15
Bedford Ave & S 9 St,20,2,New York,Usa,15
78 St & Northern Blvd,14,25,New York,Usa,15
Prospect Pl & Nostrand Ave,1,17,New York,Usa,15
51 Ave & Van Loon St,22,0,New York,Usa,15
Westchester Ave & Jackson Ave,9,13,New York,Usa,15
4 Ave & 76 St,16,0,New York,Usa,15
E 82 St & East End Ave,16,11,New York,Usa,15
E 141 St & St Ann's Ave,14,0,New York,Usa,15
Broadway & 51 St,16,8,New York,Usa,15
Chauncey St & Malcolm X Blvd,12,10,New York,Usa,15
68 St & 4 Ave,11,1,New York,Usa,15
E 169 St & Fox St,10,8,New York,Usa,15
Knickerbocker Ave & Hancock St,6,14,New York,Usa,15
Rogers Ave & Lenox Rd,17,4,New York,Usa,15
W 35 St & 9 Ave,4,21,New York,Usa,15
Davidson Ave & W Burnside Ave,27,0,New York,Usa,15
Marcy Ave & Lafayette Ave,4,18,New York,Usa,15
Wyckoff Ave & Cooper Ave,15,4,New York,Usa,15
Woodhaven Blvd & Hoffman Dr,22,6,New York,Usa,15
11 St & Washington St,4,18,New York,Usa,15
W 13 St & 5 Ave,0,0,New York,Usa,15
E 21 St & Church Ave,19,5,New York,Usa,15
Columbus Pl & Atlantic Ave,5,14,New York,Usa,15
Warren St & Roosevelt Ave,14,6,New York,Usa,15
Madison St & Malcolm X Blvd,5,15,New York,Usa,15
W 100 St & Manhattan Ave,25,15,New York,Usa,15
W 46 St & 11 Ave,16,6,New York,Usa,15
Fairmount Pl & Prospect Ave,5,11,New York,Usa,15
E 205 St & Webster Ave,2,13,New York,Usa,15
20 Ave & 42 St,18,2,New York,Usa,15
Schenectady Ave & Maple St,16,2,New York,Usa,15
Fresh Pond Rd & Flushing Ave,18,0,New York,Usa,15
32 Ave & 84 St,2,16,New York,Usa,15
60 Ave & Junction Blvd,23,0,New York,Usa,15
7 St & Monroe St,11,8,New York,Usa,15
Lenox Ave & W 126 St,46,3,New York,Usa,15
Macombs Rd & W 175 St,4,14,New York,Usa,15
Bergen St & Buffalo Ave,1,18,New York,Usa,15
Ocean Pkwy & Ave C,12,1,New York,Usa,15
3 Ave & E 172 St,2,17,New York,Usa,15
Greene Ave & Myrtle Ave,25,3,New York,Usa,15
64 St & 53 Dr,19,0,New York,Usa,15
Sharon St & Olive St,10,13,New York,Usa,15
Cedar St & Evergreen Ave,5,20,New York,Usa,15
Bainbridge Ave & Bedford Park Blvd,3,15,New York,Usa,15
Kent Ave & N 3 St,43,6,New York,Usa,15
33 St & 47 Ave,8,13,New York,Usa,15
Southwest Park - Jackson St & Observer Hwy,10,8,New York,Usa,15
Henry St & Remsen St,10,12,New York,Usa,15
Bedford Ave & Beverley Rd,20,1,New York,Usa,15
E 170 St & Sheridan Ave,5,20,New York,Usa,15
Degraw St & Smith St,19,0,New York,Usa,15
Front St & Washington St,49,5,New York,Usa,15
37 Ave & 113 St,28,0,New York,Usa,15
Ocean Ave & Crooke Ave,9,18,New York,Usa,15
Court St & Huntington St,24,5,New York,Usa,15
W 116 St & Broadway,0,38,New York,Usa,15
W Tremont Ave & Matthewson Rd,6,13,New York,Usa,15
E 128 St & Madison Ave,14,5,New York,Usa,15
Valentine Ave & E 181 St,13,6,New York,Usa,15
Macon St & Nostrand Ave,9,11,New York,Usa,15
5 Ave & E 135 St,14,7,New York,Usa,15
4 Ave & 94 St,12,7,New York,Usa,15
Butler St & 27 Ave,14,2,New York,Usa,15
Macombs Rd & Featherbed Ln,7,10,New York,Usa,15
30 Ave & 41 St,7,15,New York,Usa,15
Tompkins Ave & Hopkins St,16,3,New York,Usa,15
Menahan St & Onderdonk Ave,5,13,New York,Usa,15
Sterling St & Nostrand Ave,13,8,New York,Usa,15
7 Ave & 17 St,15,6,New York,Usa,15
W 50 St & 9 Ave,8,21,New York,Usa,15
E Houston St & Columbia St,29,21,New York,Usa,15
Fulton St & Utica Ave,13,4,New York,Usa,15
Grand St & Elizabeth St,37,2,New York,Usa,15
New York Ave & St Marks Ave,0,23,New York,Usa,15
Vernon Blvd & 50 Ave,25,18,New York,Usa,15
Bradley Ave & Greenpoint Ave,12,6,New York,Usa,15
E 25 St & 2 Ave,3,70,New York,Usa,15
W 36 St & 9 Ave,1,42,New York,Usa,15
36 Ave & 10 St,14,2,New York,Usa,15
Knolls Crescent & Kappock St,1,14,New York,Usa,15
E 49 St & Church Ave,16,7,New York,Usa,15
Graham Ave & Conselyea St,28,0,New York,Usa,15
Lispenard St & Broadway,26,51,New York,Usa,15
Paul Ave & Mosholu Pkwy,5,11,New York,Usa,15
Center Blvd & 48 Ave,12,15,New York,Usa,15
Gerard Ave & McClellan St,6,23,New York,Usa,15
Metropolitan Ave & Flushing Ave,18,0,New York,Usa,15
Lenox Ave & W 140 St,12,9,New York,Usa,15
W 147 St & Adam Clayton Powell Blvd,18,7,New York,Usa,15
E 33 St & 1 Ave,2,76,New York,Usa,15
Marble Hill Ave & W 225 St,7,12,New York,Usa,15
Madison St & Cypress Ave,3,14,New York,Usa,15
Church Ave & McDonald Ave,27,0,New York,Usa,15
23 St & 3 Ave,14,1,New York,Usa,15
E 33 St & Park Ave,3,65,New York,Usa,15
St Nicholas Terrace & Convent Ave,2,19,New York,Usa,15
Eastern Pkwy & Troy Ave,1,21,New York,Usa,15
Queens Plaza North & Crescent St,1,36,New York,Usa,15
Lenox Rd & E 43 St,17,3,New York,Usa,15
Riverdale Ave & W 254 St,6,5,New York,Usa,15
108 St & 52 Ave,26,7,New York,Usa,15
Menahan St & Central Ave,2,22,New York,Usa,15
63 Dr & 102 St,3,10,New York,Usa,15
Columbus Drive,9,0,New York,Usa,15
Church Ave & E 42 St,22,2,New York,Usa,15
8 St & Washington St,5,15,New York,Usa,15
Broadway & W 131 St,4,14,New York,Usa,15
Yellowstone Blvd & 67 Rd,11,4,New York,Usa,15
62 St & 4 Ave,9,10,New York,Usa,15
Cumberland St & Lafayette Ave,27,1,New York,Usa,15
Ditmars Blvd & 94 St,18,1,New York,Usa,15
1 Ave & E 16 St,29,25,New York,Usa,15
Lexington Ave & Patchen Ave,5,13,New York,Usa,15
61 St & Laurel Hill Blvd,13,4,New York,Usa,15
4 Ave & 26 St,11,9,New York,Usa,15
W 39 St & 9 Ave,14,27,New York,Usa,15
Willow Ave & E 133 St,7,12,New York,Usa,15
Classon Ave & St Marks Ave,0,22,New York,Usa,15
Bradhurst Ave & W 148 St,10,11,New York,Usa,15
Broadway & W 48 St,0,101,New York,Usa,15
9 Ave & W 33 St,5,82,New York,Usa,15
Cortelyou Rd & Stratford Rd,18,1,New York,Usa,15
3 Ave & E 163 St,6,17,New York,Usa,15
Pike St & Monroe St,19,1,New York,Usa,15
40 Ave & 9 St,19,1,New York,Usa,15
44 St & 3 Ave,21,1,New York,Usa,15
53 St & 5 Ave,9,20,New York,Usa,15
Parade Pl & Crooke Ave,21,5,New York,Usa,15
Shore Blvd & Astoria Park,15,18,New York,Usa,15
52 St & 6 Ave,5,12,New York,Usa,15
Church Ave & Story St,19,3,New York,Usa,15
Westchester Ave & E 156 St,14,5,New York,Usa,15
34 St & 38 Ave,11,13,New York,Usa,15
65 St & 2 Ave,15,5,New York,Usa,15
Crown St & Rogers Ave,8,10,New York,Usa,15
Westchester Ave & Southern Blvd,7,12,New York,Usa,15
Dey St,9,8,New York,Usa,15
W 4 St & 7 Ave S,0,0,New York,Usa,15
35 St & 21 Ave,21,2,New York,Usa,15
63 St & 5 Ave,4,18,New York,Usa,15
42 Pl & Northern Blvd,8,16,New York,Usa,15
E 7 St & Ave A,39,0,New York,Usa,15
1 Pl & Clinton St,22,9,New York,Usa,15
W 30 St & 10 Ave,44,4,New York,Usa,15
W 22 St & 8 Ave,40,24,New York,Usa,15
Grand St & Havemeyer St,25,0,New York,Usa,15
Pershing Field,0,18,New York,Usa,15
Grand Concourse & E 164 St,7,12,New York,Usa,15
Fresh Pond Rd & 69 Ave,3,19,New York,Usa,15
Putnam Ave & Wyckoff Ave,13,9,New York,Usa,15
Frederick Douglass Blvd & W 145 St,20,2,New York,Usa,15
Bergen Ave & Sip Ave,15,21,New York,Usa,15
Washington Ave & Empire Blvd,14,11,New York,Usa,15
Bainbridge Ave & E 211 St,2,18,New York,Usa,15
3 St & 3 Ave,73,2,New York,Usa,15
Vyse Ave & E 181 St,7,12,New York,Usa,15
W 59 St & 10 Ave,1,107,New York,Usa,15
Broadway & W 165 St,1,18,New York,Usa,15
Park Ave & E 42 St,1,78,New York,Usa,15
Cortelyou Rd & Argyle Rd,23,0,New York,Usa,15
5 Corners Library,6,12,New York,Usa,15
W 27 St & 7 Ave,24,48,New York,Usa,15
60 Pl & 67 Ave,4,10,New York,Usa,15
21 Ave & Shore Blvd,16,2,New York,Usa,15
Nagle Ave & Ellwood St,19,1,New York,Usa,15
Washington Ave & Park Pl,4,21,New York,Usa,15
Ocean Pkwy & Church Ave,21,1,New York,Usa,15
John St & William St,45,12,New York,Usa,15
St Nicholas Ave & Manhattan Ave,21,3,New York,Usa,15
Newark Ave,11,8,New York,Usa,15
Corona Ave & 102 St,19,0,New York,Usa,15
38 St & 30 Ave,9,14,New York,Usa,15
MacDougal St & Rockaway Ave,3,16,New York,Usa,15
64 Ave & 108 St,15,1,New York,Usa,15
35 St & 30 Ave,13,9,New York,Usa,15
Herkimer St & Eastern Pkwy,12,8,New York,Usa,15
68 St & 5 Ave,4,8,New York,Usa,15
Macon St & Patchen Ave,2,15,New York,Usa,15
W 25 St & 9 Ave,6,44,New York,Usa,15
Riverside Dr & W 148 St,3,17,New York,Usa,15
21 St & 36 Ave,7,11,New York,Usa,15
Tiebout Ave & E Fordham Rd,8,17,New York,Usa,15
E 8 St & Beverley Rd,12,0,New York,Usa,15
65 St & Broadway,12,5,New York,Usa,15
W 225 St & Exterior St,10,7,New York,Usa,15
W 211 St & 10 Ave,16,0,New York,Usa,15
Willow Ave & 12 St,2,8,New York,Usa,15
48 St & 5 Ave,7,18,New York,Usa,15
3 Ave & E 62 St,2,45,New York,Usa,15
Sherman Ave & Thayer St,20,0,New York,Usa,15
Suydam St & Broadway,9,19,New York,Usa,15
Spruce St & Nassau St,3,27,New York,Usa,15
47 Ave & 48 St,4,15,New York,Usa,15
52 St & 1 Ave,12,8,New York,Usa,15
Fulton St & Saratoga Ave,0,16,New York,Usa,15
Lorimer St & Calyer St,10,5,New York,Usa,15
62 St & Northern Blvd,0,0,New York,Usa,15
Graham Ave & Grand St,26,2,New York,Usa,15
21 St & 38 Ave,4,13,New York,Usa,15
48 St & Skillman Ave,11,9,New York,Usa,15
69 St & 38 Ave,9,14,New York,Usa,15
Shore Rd & 97 St,12,0,New York,Usa,15
Grand Ave & Remsen Pl,20,0,New York,Usa,15
Amsterdam Ave & W 131 St,13,1,New York,Usa,15
Amsterdam Ave & W 119 St,5,23,New York,Usa,15
India St & Manhattan Ave,33,12,New York,Usa,15
E 76 St & Park Ave,6,22,New York,Usa,15
2 Ave & E 122 St,18,4,New York,Usa,15
Columbus Ave & W 103 St,6,33,New York,Usa,15
Judge St & Britton Ave,9,14,New York,Usa,15
Richardson St & N Henry St,0,4,New York,Usa,15
E 44 St & 2 Ave,3,30,New York,Usa,15
Walton Ave & E 168 St,9,10,New York,Usa,15
31 Ave & 34 St,14,8,New York,Usa,15
Irving Ave & DeKalb Ave,17,10,New York,Usa,15
E 65 St & 2 Ave,8,37,New York,Usa,15
23 Ave & 31 St,27,0,New York,Usa,15
28 Ave & 44 St,5,11,New York,Usa,15
1 Ave & E 62 St,5,39,New York,Usa,15
42 St & 1 Ave,18,0,New York,Usa,15
3 Ave & 77 St,14,1,New York,Usa,15
Boston Rd & West Farms Rd,20,3,New York,Usa,15
Leonard Gordon Park,4,10,New York,Usa,15
5 Ave & E 103 St,6,25,New York,Usa,15
White St & Moore St,19,0,New York,Usa,15
21 Ave & 80 St,13,6,New York,Usa,15
Johnson St & Gold St,18,18,New York,Usa,15
24 Ave & 29 St,42,0,New York,Usa,15
Myrtle Ave & Fleet Pl,7,35,New York,Usa,15
Amsterdam Ave & W 167 St,0,21,New York,Usa,15
Morgan Ave & Maspeth Ave,15,8,New York,Usa,15
Kingston Ave & Carroll St,1,14,New York,Usa,15
W 110 St & Amsterdam Ave,12,28,New York,Usa,15
Morris Ave & E 171 St,9,10,New York,Usa,15
Reservoir Oval E & Bainbridge Ave,1,12,New York,Usa,15
71 St & 32 Ave,10,8,New York,Usa,15
41 St & 3 Ave,16,2,New York,Usa,15
W 146 St & Broadway,7,21,New York,Usa,15
Culver Ave & JFK Blvd,2,11,New York,Usa,15
West End Ave & W 107 St,2,26,New York,Usa,15
7 Ave & W 55 St,0,64,New York,Usa,15
Borden Ave & Review Ave,3,16,New York,Usa,15
W 20 St & 7 Ave,0,0,New York,Usa,15
E 171 St & 3 Ave,8,10,New York,Usa,15
E 51 St & Linden Blvd,12,6,New York,Usa,15
Graham Ave & Herbert St,23,1,New York,Usa,15
New York Ave & Hawthorne St,11,6,New York,Usa,15
65 St & Otto Rd,10,11,New York,Usa,15
Union St,15,3,New York,Usa,15
Colonial Rd & 89 St,7,3,New York,Usa,15
21 St & 4 Ave,3,16,New York,Usa,15
W 140 St & Riverside Dr,2,20,New York,Usa,15
Greenpoint Ave & Monitor St,17,2,New York,Usa,15
Prospect Ave & Jennings St,4,15,New York,Usa,15
8 Ave & W 16 St,17,11,New York,Usa,15
Mt Morris Park W & W 120 St,18,1,New York,Usa,15
Jerome Ave & W 177 St,22,4,New York,Usa,15
River St & 1 St,1,18,New York,Usa,15
W 104 St & Amsterdam Ave,21,23,New York,Usa,15
Longfellow Ave & E 165 St,7,11,New York,Usa,15
Hudson Blvd W & W 36 St,1,44,New York,Usa,15
Corona Ave & 98 St,13,4,New York,Usa,15
Clarkson Ave & E 40 St,23,5,New York,Usa,15
Broadway & W 36 St,3,50,New York,Usa,15
Clermont Ave & Lafayette Ave,48,0,New York,Usa,15
W Mosholu Pkwy S & Sedgwick Ave,2,35,New York,Usa,15
W 218 St & Broadway,18,7,New York,Usa,15
Amsterdam Ave & W 66 St,24,3,New York,Usa,15
E 2 St & 2 Ave,79,0,New York,Usa,15
Gramercy Park N & Gramercy Park E,9,36,New York,Usa,15
Bergen St & Flatbush Ave,27,1,New York,Usa,15
Albemarle Rd & E 21 St,12,6,New York,Usa,15
Water St & Gouverneur Ln,26,7,New York,Usa,15
Ferris Triangle Park,7,4,New York,Usa,15
Park Pl & Utica Ave,9,9,New York,Usa,15
E 70 St & Madison Ave,28,14,New York,Usa,15
Willis Ave & E 143 St,15,7,New York,Usa,15
W 50 St & 10 Ave,14,35,New York,Usa,15
Meserole Ave & Manhattan Ave,20,3,New York,Usa,15
2 St & Park Ave,11,1,New York,Usa,15
Featherbed Ln & Nelson Ave,2,18,New York,Usa,15
E 5 St & Cooper Sq,28,18,New York,Usa,15
E 84 St & Park Ave,36,6,New York,Usa,15
67 Ave & Fresh Pond Rd,15,14,New York,Usa,15
Valentine Ave & E 183 St,8,14,New York,Usa,15
E 123 St & Lexington Ave,19,4,New York,Usa,15
71 Ave & Myrtle Ave,4,22,New York,Usa,15
Crescent St & Broadway,11,4,New York,Usa,15
Anthony Ave & E 175 St,13,4,New York,Usa,15
53 St & Flushing Ave,19,0,New York,Usa,15
Bedford Ave & Nassau Ave,43,2,New York,Usa,15
E 33 St & 5 Ave,0,0,New York,Usa,15
62 St & 34 Ave,9,12,New York,Usa,15
Riverside Dr & W 72 St,27,5,New York,Usa,15
E 43 St & Madison Ave,1,53,New York,Usa,15
Hunts Point Ave & Bryant Ave,12,8,New York,Usa,15
Bank St & Washington St,27,2,New York,Usa,15
104 St & 32 Ave,3,18,New York,Usa,15
Sterling Pl & Classon Ave,0,26,New York,Usa,15
Norman Ave & Leonard St,9,1,New York,Usa,15
Madison St & Montgomery St,15,5,New York,Usa,15
43 St & 50 Ave,1,18,New York,Usa,15
62 Dr & 110 St,9,5,New York,Usa,15
E 138 St & Park Ave,12,6,New York,Usa,15
Lafayette Ave & St James Pl,10,25,New York,Usa,15
Crotona Ave & E Fordham Rd,16,8,New York,Usa,15
Arthur Ave & E Tremont Ave,6,7,New York,Usa,15
Van Cortlandt Park S & Dickinson Ave,2,21,New York,Usa,15
Pulaski St & Marcus Garvey Blvd,3,15,New York,Usa,15
Clarkson Ave & Utica Ave,12,5,New York,Usa,15
Adam Clayton Powell Blvd & W 126 St,30,1,New York,Usa,15
86 St & 37 Ave,6,15,New York,Usa,15
43 St & Broadway,15,4,New York,Usa,15
3 St & 7 Ave,20,4,New York,Usa,15
Carroll St & Franklin Ave,13,6,New York,Usa,15
Broadway & W 142 St,5,14,New York,Usa,15
Broadway & Furman Ave,11,13,New York,Usa,15
3 Ave & E 112 St,21,0,New York,Usa,15
River Ave & E 151 St,16,10,New York,Usa,15
72 St & Woodside Ave,2,17,New York,Usa,15
32 Ave & 75 St,8,10,New York,Usa,15
Fairview Ave & Linden St,3,14,New York,Usa,15
W 36 St & 7 Ave,22,11,New York,Usa,15
E 53 St & 3 Ave,3,36,New York,Usa,15
Prospect Ave & Longwood Ave,11,16,New York,Usa,15
Washington Ave & E 174 St,14,4,New York,Usa,15
White St & Johnson Ave,23,0,New York,Usa,15
Vernon Blvd & 47 Rd,14,17,New York,Usa,15
Washington Pl & Broadway,2,22,New York,Usa,15
Isham St & Broadway,26,0,New York,Usa,15
Amsterdam Ave & W 156 St,0,20,New York,Usa,15
12 Ave & W 40 St,43,27,New York,Usa,15
Pacific St & Thomas S. Boyland St,2,19,New York,Usa,15
W Broadway & W Houston St,47,0,New York,Usa,15
Eames Pl & Claflin Ave,0,18,New York,Usa,15
Skillman Ave & 54 St,2,16,New York,Usa,15
Brook Ave & E 157 St,10,8,New York,Usa,15
34 Ave & Vernon Blvd,24,6,New York,Usa,15
Henry Hudson Pkwy E & W 231 St,3,7,New York,Usa,15
46 St & 7 Ave,9,9,New York,Usa,15
45 Rd & 11 St,8,12,New York,Usa,15
Garfield Light Rail,5,9,New York,Usa,15
Jerome Ave & W Fordham Rd,5,17,New York,Usa,15
Rugby Rd & Beverley Rd,21,2,New York,Usa,15
E 116 St & 1 Ave,28,1,New York,Usa,15
Caven Point Recreation Fields,9,3,New York,Usa,15
Troy Ave & Park Pl,5,13,New York,Usa,15
Madison Ave & E 26 St,18,53,New York,Usa,15
Adam Clayton Powell Blvd & W 118 St,16,8,New York,Usa,15
University Ave & W Burnside Ave,11,12,New York,Usa,15
W 31 St & 7 Ave,75,6,New York,Usa,15
Arthur Ave & E 183 St,2,21,New York,Usa,15
W 70 St & Amsterdam Ave,41,0,New York,Usa,15
Putnam Ave & Knickerbocker Ave,6,22,New York,Usa,15
Broadway & W 238 St,25,2,New York,Usa,15
97 St & 57 Ave,13,7,New York,Usa,15
Macon St & Howard Ave,2,15,New York,Usa,15
68 Dr & 112 St,0,11,New York,Usa,15
Parkside Ave & Parade Pl,12,8,New York,Usa,15
Cortelyou Rd & E 19 St,22,0,New York,Usa,15
Hughes Ave & Oak Tree Pl,7,13,New York,Usa,15
Motorgate,35,0,New York,Usa,15
93 St & Northern Blvd,4,16,New York,Usa,15
Sedgwick Ave & Hillman Ave,11,10,New York,Usa,15
Prospect Pl & Vanderbilt Ave,12,11,New York,Usa,15
71 St & 37 Ave,20,2,New York,Usa,15
St Marks Pl & 1 Ave,53,0,New York,Usa,15
Broadway & W 220 St,13,5,New York,Usa,15
Lewis Ave & Decatur St,3,15,New York,Usa,15
E 3 St & 1 Ave,46,5,New York,Usa,15
Bedford Ave & Montgomery St,10,13,New York,Usa,15
W 145 St & Amsterdam Ave,7,16,New York,Usa,15
Park Ave & E 124 St,28,3,New York,Usa,15
Winthrop St & Nostrand Ave,19,1,New York,Usa,15
E 22 St & 2 Ave,2,42,New York,Usa,15
Boerum St & Broadway,12,3,New York,Usa,15
1 Ave & E 68 St,0,60,New York,Usa,15
Grand Army Plaza & Plaza St West,7,30,New York,Usa,15
Broadway & W 192 St,13,9,New York,Usa,15
4 Ave & 72 St,5,8,New York,Usa,15
34 St & 48 Ave,13,12,New York,Usa,15
Vernon Blvd & 10 St,32,5,New York,Usa,15
E 4 St & Ave B,29,6,New York,Usa,15
E 14 St & 1 Ave,33,0,New York,Usa,15
Pacific St & Sackman St,7,9,New York,Usa,15
31 Ave & 14 St,13,6,New York,Usa,15
Monroe St & Patchen Ave,4,13,New York,Usa,15
Ditmars Blvd & 19 St,20,5,New York,Usa,15
8 Ave & W 33 St,92,1,New York,Usa,15
Edgecombe Ave & W 150 St,3,16,New York,Usa,15
Brunswick St,14,8,New York,Usa,15
Hoyt St & Warren St,30,1,New York,Usa,15
79 St & Roosevelt Ave,8,14,New York,Usa,15
Southern Blvd & Xavier Way,8,22,New York,Usa,15
Matthews Ct & Coney Island Ave,20,0,New York,Usa,15
31 Ave & Steinway St,14,12,New York,Usa,15
Bailey Ave & Sedgwick Ave,4,15,New York,Usa,15
Sterling St & Bedford Ave,12,7,New York,Usa,15
W 160 St & St Nicholas Ave,0,23,New York,Usa,15
Faile St & Garrison Ave,13,1,New York,Usa,15
Hanson Pl & Ashland Pl,20,1,New York,Usa,15
E 48 St & 3 Ave,7,68,New York,Usa,15
33 St & Queens Blvd,9,12,New York,Usa,15
Leonard St & Boerum St,11,13,New York,Usa,15
E 6 St & Ave B,89,2,New York,Usa,15
100 St & Lewis Ave,20,0,New York,Usa,15
48 St & 2 Ave,15,4,New York,Usa,15
W 20 St & 8 Ave,51,30,New York,Usa,15
Roebling St & N 4 St,22,0,New York,Usa,15
43 St & 23 Ave,7,16,New York,Usa,15
Emerson Pl & Myrtle Ave,33,25,New York,Usa,15
Henry St & W 9 St,15,1,New York,Usa,15
90 St & 32 Ave,6,14,New York,Usa,15
Eastern Pkwy & Schenectady Ave,3,16,New York,Usa,15
81 St & 24 Ave,13,6,New York,Usa,15
E 51 St & 2 Ave,7,49,New York,Usa,15
Ithaca St & Baxter Ave,8,17,New York,Usa,15
Shea Rd & Boat Basin Pl,0,8,New York,Usa,15
Jersey & 6th St,4,10,New York,Usa,15
Fort Washington Ave & W 173 St,3,17,New York,Usa,15
Madison St & Clinton St,39,0,New York,Usa,15
37 Ave & 35 St,13,11,New York,Usa,15
Arion Pl & Broadway,2,15,New York,Usa,15
28 St & 36 Ave,5,22,New York,Usa,15
N 12 St & Bedford Ave,46,1,New York,Usa,15
6 Ave & 78 St,3,6,New York,Usa,15
9 Ave & W 22 St,17,66,New York,Usa,15
9 St & 44 Rd,26,2,New York,Usa,15
St Marks Ave & Thomas S. Boyland St,13,5,New York,Usa,15
Lewis Ave & Greene Ave,1,19,New York,Usa,15
West Side Ave & Stegman Pkwy,13,3,New York,Usa,15
E 178 St & Monterey Ave,0,14,New York,Usa,15
Jerome Ave & E 198 St,3,14,New York,Usa,15
Monroe St & Classon Ave,9,7,New York,Usa,15
5 Ave & E 87 St,13,13,New York,Usa,15
4 Ave & 85 St,9,2,New York,Usa,15
Macon St & Lewis Ave,5,12,New York,Usa,15
Nelson Ave & W 172 St,6,10,New York,Usa,15
W 82 St & Central Park W,36,5,New York,Usa,15
3 Ave & E Tremont Ave,10,15,New York,Usa,15
E New York Ave & Troy Ave,17,0,New York,Usa,15
E 11 St & Ave B,51,8,New York,Usa,15
99 St & 38 Ave,5,21,New York,Usa,15
Steinway St & Broadway,13,19,New York,Usa,15
E 2 St & Ave A,48,14,New York,Usa,15
Myrtle Ave & Linden St,6,18,New York,Usa,15
Nostrand Ave & Rutland Rd,16,4,New York,Usa,15
Park Pl & Vanderbilt Ave,19,0,New York,Usa,15
Van Cleef St & 108 St,18,2,New York,Usa,15
W 47 St & 10 Ave,1,30,New York,Usa,15
Atlantic Ave & Furman St,49,4,New York,Usa,15
28 Ave & 35 St,3,22,New York,Usa,15
40 St & Queens Blvd,5,18,New York,Usa,15
1 Ave & E 38 St,19,14,New York,Usa,15
Prospect Pl & Howard Ave,3,16,New York,Usa,15
Johnson Ave & W 235 St,15,1,New York,Usa,15
5 St & 51 Ave,11,8,New York,Usa,15
Putnam Ave & Nostrand Ave,13,4,New York,Usa,15
Sands St Gate,9,6,New York,Usa,15
28 St & 41 Ave,2,25,New York,Usa,15
Boston Rd & Prospect Ave,5,12,New York,Usa,15
41 Ave & 67 St,3,17,New York,Usa,15
Roosevelt Ave & 104 St,0,0,New York,Usa,15
Boston Rd & E 167 St,0,21,New York,Usa,15
National St & 45 Ave,15,5,New York,Usa,15
Windsor Pl & 8 Ave,4,14,New York,Usa,15
South Waterfront Walkway - Sinatra Dr & 1 St,18,10,New York,Usa,15
63 St & Borden Ave,21,0,New York,Usa,15
Clark St & Henry St,9,31,New York,Usa,15
31 St & 21 Ave,25,0,New York,Usa,15
Grand Concourse & E 156 St,8,10,New York,Usa,15
W 37 St & 5 Ave,9,46,New York,Usa,15
3 Ave & E 169 St,4,14,New York,Usa,15
Old Broadway & W 133 St,0,18,New York,Usa,15
Lafayette Ave & Stuyvesant Ave,4,18,New York,Usa,15
Brooklyn Ave & Prospect Pl,3,21,New York,Usa,15
65 Pl & 53 Ave,16,3,New York,Usa,15
Ditmas Ave & McDonald Ave,16,3,New York,Usa,15
73 St & Ridge Blvd,11,2,New York,Usa,15
Kent Ave & Grand St,39,3,New York,Usa,15
Clinton St & Union St,32,2,New York,Usa,15
5 Ave & W 139 St,7,12,New York,Usa,15
Lexington Ave & E 36 St,8,13,New York,Usa,15
60 St & 37 Ave,13,5,New York,Usa,15
W 231 St & Tibbett Ave,12,3,New York,Usa,15
25 Ave & 85 St,17,2,New York,Usa,15
Pleasant Ave & E 116 St,13,6,New York,Usa,15
Fort Hamilton Pkwy & 95 St,0,15,New York,Usa,15
Metropolitan Ave & Vandervoort Ave,11,12,New York,Usa,15
Concourse Village East & E 158 St,2,26,New York,Usa,15
Fort Hamilton Pkwy & 92 St,12,3,New York,Usa,15
Queens Blvd N & 71 Ave,2,27,New York,Usa,15
Palmetto St & Traffic Ave,8,11,New York,Usa,15
W 40 St & 7 Ave,7,34,New York,Usa,15
Irving Ave & Jefferson St,18,0,New York,Usa,15
36 Ave & 31 St,5,22,New York,Usa,15
W 160 St & Riverside Dr,0,24,New York,Usa,15
E 51 St & Lexington Ave,0,69,New York,Usa,15
Lafayette St & Grand St,38,33,New York,Usa,15
City Hall - Washington St & 1 St,5,1,New York,Usa,15
E 138 St & 5 Ave,6,15,New York,Usa,15
Wyckoff St & 3 Ave,13,0,New York,Usa,15
Wallabout St & Kent Ave,12,9,New York,Usa,15
Caton Ave & E 7 St,18,1,New York,Usa,15
Grand Concourse & E Mosholu Pkwy S,3,17,New York,Usa,15
Sterling Pl & New York Ave,2,19,New York,Usa,15
Broadway & W 168 St,0,28,New York,Usa,15
E 10 St & 2 Ave,34,1,New York,Usa,15
E 12 St & 3 Ave,0,0,New York,Usa,15
Cauldwell Ave & E 158 St,6,11,New York,Usa,15
Decatur Ave & Oliver Pl,8,9,New York,Usa,15
Maiden Ln & Pearl St,15,13,New York,Usa,15
Thomas S. Boyland St & Macon St,3,16,New York,Usa,15
Leonard St & Nassau Ave,35,0,New York,Usa,15
Plaza St East & Flatbush Ave,32,21,New York,Usa,15
W Broadway & Watts St,0,0,New York,Usa,15
W 111 St & 5 Ave,21,1,New York,Usa,15
Lexington Ave & E 111 St,25,1,New York,Usa,15
8 Ave & W 31 St,88,2,New York,Usa,15
E 141 St & Jackson Ave,2,16,New York,Usa,15
Bushwick Ave & Harman St,1,18,New York,Usa,15
21 St & 23 Ave,16,5,New York,Usa,15
49 Ave & 21 St,10,9,New York,Usa,15
E 188 St & Hughes Ave,18,0,New York,Usa,15
Newton Rd & 44 St,4,13,New York,Usa,15
Melrose Ave & E 154 St,14,3,New York,Usa,15
7 Ave S & Bleecker St,78,1,New York,Usa,15
Summerfield St & Cypress Ave,9,10,New York,Usa,15
Broadway & Madison St,2,21,New York,Usa,15
E 169 St & Webster Ave,11,9,New York,Usa,15
Cypress Ave & George St,7,12,New York,Usa,15
Marion Ave & Mosholu Pkwy,17,3,New York,Usa,15
W 51 St & 6 Ave,4,74,New York,Usa,15
Patchen Ave & Bainbridge St,6,12,New York,Usa,15
92 St & 35 Ave,3,23,New York,Usa,15
1 Ave & E 6 St,80,5,New York,Usa,15
11 St & 44 Rd,17,10,New York,Usa,15
104 St & Northern Blvd,4,16,New York,Usa,15
Tyler Ave & Maurice Ave,16,1,New York,Usa,15
E New York Ave & Utica Ave,15,6,New York,Usa,15
11 Ave & Prospect Ave,11,7,New York,Usa,15
Central Park W & W 97 St,34,15,New York,Usa,15
Crescent Ave & Belmont Ave,15,8,New York,Usa,15
Bronx Shore Comfort Station,0,23,New York,Usa,15
Willoughby St & Fleet St,28,21,New York,Usa,15
Nassau Ave & Newell St,47,3,New York,Usa,15
Madison Ave & E 120 St,22,4,New York,Usa,15
W 148 St & Amsterdam Ave,11,8,New York,Usa,15
43 Ave & 111 St,19,0,New York,Usa,15
DeKalb Ave & Hudson Ave,64,9,New York,Usa,15
St Johns Pl & Utica Ave,0,20,New York,Usa,15
Verona Pl & Fulton St,2,14,New York,Usa,15
Smith St & 3 St,21,1,New York,Usa,15
34 Ave & 45 St,10,13,New York,Usa,15
5 St & 6 Ave,18,2,New York,Usa,15
Goble Pl & Macombs Rd,13,3,New York,Usa,15
W 186 St & St Nicholas Ave,0,21,New York,Usa,15
Albany Ave & Carroll St,1,17,New York,Usa,15
61 St & Borden Ave,15,4,New York,Usa,15
Metropolitan Ave & 65 Ln,24,2,New York,Usa,15
Jefferson Ave & Evergreen Ave,0,17,New York,Usa,15
E 72 St & Park Ave,32,7,New York,Usa,15
University Ave & Morton Pl,18,3,New York,Usa,15
Rogers Pl & E 165 St,2,17,New York,Usa,15
Southern Blvd & E 149 St,24,0,New York,Usa,15
St Johns Pl & Washington Ave,0,27,New York,Usa,15
Berry St & N 8 St,25,1,New York,Usa,15
College Ave & E 170 St,4,17,New York,Usa,15
Steinway St & Ditmars Blvd,5,16,New York,Usa,15
Amsterdam Ave & W 73 St,48,5,New York,Usa,15
Garfield Pl & 8 Ave,0,24,New York,Usa,15
Richard St Light Rail,5,11,New York,Usa,15
W 133 St & 12 Ave,16,1,New York,Usa,15
E 163 St & Union Ave,4,20,New York,Usa,15
Caton Ave & Bedford Ave,4,17,New York,Usa,15
Shakespeare Ave & W 169 St,7,11,New York,Usa,15
7 Ave & Central Park South,0,76,New York,Usa,15
Carroll St & Utica Ave,7,11,New York,Usa,15
Thomas S. Boyland St & Fulton St,3,18,New York,Usa,15
Winthrop St & Albany Ave,12,6,New York,Usa,15
Laight St & Hudson St,45,39,New York,Usa,15
St James Pl & Oliver St,40,0,New York,Usa,15
50 St & Northern Blvd,23,1,New York,Usa,15
Degraw St & 3 Ave,28,1,New York,Usa,15
Ditmars Blvd & 73 St,17,1,New York,Usa,15
W 238 St & Tibbett Ave,14,1,New York,Usa,15
Ogden Ave & Merriam Ave,3,15,New York,Usa,15
23 Ave & 27 St,20,1,New York,Usa,15
Lexington Ave & E 24 St,5,70,New York,Usa,15
Withers St & Kingsland Ave,13,5,New York,Usa,15
Flatbush Ave & Fenimore St,17,4,New York,Usa,15
30 Ave & 21 St,7,7,New York,Usa,15
E 25 St & 1 Ave,4,30,New York,Usa,15
Willis Ave & E 137 St,6,14,New York,Usa,15
Green St & McGuinness Blvd,15,4,New York,Usa,15
Bedford Ave & Maple St,18,5,New York,Usa,15
Bainbridge Ave & E 198 St,1,22,New York,Usa,15
82 St & 30 Ave,10,8,New York,Usa,15
Ave A & E 14 St,32,2,New York,Usa,15
Carroll St & Rochester Ave,12,7,New York,Usa,15
Driggs Ave & N Henry St,41,16,New York,Usa,15
Washington Ave & E 163 St,2,16,New York,Usa,15
W 106 St & Central Park W,17,38,New York,Usa,15
Vernon Blvd & 31 Ave,17,3,New York,Usa,15
Adam Clayton Powell Blvd & W 130 St,10,6,New York,Usa,15
43 Ave & 47 St,2,28,New York,Usa,15
Vesey Pl & River Terrace,3,51,New York,Usa,15
Snyder Ave & Schenectady Ave,18,1,New York,Usa,15
7 Ave & 40 St,11,11,New York,Usa,15
Woodside Ave & Roosevelt Ave,11,8,New York,Usa,15
Plaza Dr & W 170 St,21,2,New York,Usa,15
S 5 Pl & S 5 St,35,4,New York,Usa,15
1 Ave & E 118 St,12,6,New York,Usa,15
24 St & 38 Ave,6,12,New York,Usa,15
Broadway & Morris St,8,57,New York,Usa,15
Aqueduct Ave & W 190 St,7,10,New York,Usa,15
Grand Ave & Bergen St,4,18,New York,Usa,15
Marin Light Rail,12,13,New York,Usa,15
Prospect Park SW & 16 St,27,6,New York,Usa,15
Grand Ave & W 181 St,18,1,New York,Usa,15
E 133 St & Cypress Pl,8,9,New York,Usa,15
W 237 St & Hudson Manor Terrace,3,8,New York,Usa,15
Louis Nine Blvd & Intervale Ave,8,10,New York,Usa,15
Stevens - River Ter & 6 St,7,11,New York,Usa,15
Fort Hamilton Pkwy & E 5 St,22,1,New York,Usa,15
Berkeley Pl & 7 Ave,6,22,New York,Usa,15
Queens Blvd & Broadway,16,4,New York,Usa,15
E 1 St & 1 Ave,68,2,New York,Usa,15
Carroll St & 6 Ave,19,1,New York,Usa,15
S 4 St & Roebling St,32,7,New York,Usa,15
West Farms Rd & Boone Ave,12,6,New York,Usa,15
Washington Ave & E 167 St,4,11,New York,Usa,15
Market St & Cherry St,28,12,New York,Usa,15
Duffield St & Willoughby St,23,16,New York,Usa,15
Franklin St & W Broadway,25,4,New York,Usa,15
W 54 St & 9 Ave,1,39,New York,Usa,15
86 St & Ridge Blvd,12,2,New York,Usa,15
Frederick Douglass Blvd & W 115 St,15,13,New York,Usa,15
Sedgwick Ave & W 231 St,6,11,New York,Usa,15
E 97 St & 3 Ave,22,7,New York,Usa,15
Gerard Ave & E 165 St,8,12,New York,Usa,15
9 Ave & W 219 St,16,3,New York,Usa,15
Cadman Plaza E & Red Cross Pl,14,25,New York,Usa,15
36 St & 3 Ave,28,1,New York,Usa,15
Wythe Ave & N 13 St,43,0,New York,Usa,15
11 St & 43 Ave,17,8,New York,Usa,15
Clinton St & Grand St,10,0,New York,Usa,15
Putnam Ave & Ralph Ave,6,12,New York,Usa,15
39 St & 47 Ave,3,15,New York,Usa,15
Grand Concourse & E 205 St,1,17,New York,Usa,15
Moffat St & Bushwick,1,17,New York,Usa,15
Schermerhorn St & Hoyt St,42,13,New York,Usa,15
Stagg St & Union Ave,10,18,New York,Usa,15
41 Ave & 80 St,11,9,New York,Usa,15
Park Ave & E 162 St,10,9,New York,Usa,15
Southern Blvd & E 142 St,5,16,New York,Usa,15
Albemarle Rd & McDonald Ave,12,3,New York,Usa,15
Walton Ave & E 151 St,14,15,New York,Usa,15
Stanton St & Chrystie St,43,1,New York,Usa,15
Pike St & E Broadway,29,0,New York,Usa,15
Exchange Pl,14,15,New York,Usa,15
E 54 St & 1 Ave,5,35,New York,Usa,15
South St & Pike St,21,7,New York,Usa,15
Riverside Dr & W 153 St,1,17,New York,Usa,15
Sterling Pl & Schenectady Ave,1,20,New York,Usa,15
Central Park W & W 68 St,29,12,New York,Usa,15
E Burnside Ave & Ryer Ave,10,8,New York,Usa,15
Waterloo Pl & Crotona Park East,6,13,New York,Usa,15
Giles Pl & Fort Independence St,2,17,New York,Usa,15
Bainbridge Ave & E 206 St,7,16,New York,Usa,15
Jefferson Ave & Patchen Ave,3,15,New York,Usa,15
Douglass St & 3 Ave,28,0,New York,Usa,15
Clinton St & Newark St,4,10,New York,Usa,15
101 St & Fort Hamilton Pkwy,8,2,New York,Usa,15
E 187 St & 3 Ave,13,3,New York,Usa,15
Hancock St & Wyckoff Ave,14,3,New York,Usa,15
Chauncey St & Howard Ave,3,16,New York,Usa,15
Shore Rd & 80 St,8,2,New York,Usa,15
W 25 St & 6 Ave,0,0,New York,Usa,15
Central Ave & Decatur St,3,19,New York,Usa,15
Beverley Rd & E 49 St,14,3,New York,Usa,15
Seigel St & Humboldt St,23,17,New York,Usa,15
Murray St & West St,0,59,New York,Usa,15
E 156 St & Courtlandt Ave,10,12,New York,Usa,15
86 St & 35 Ave,0,21,New York,Usa,15
W Tremont Ave & Grand Ave,5,14,New York,Usa,15
76 St & 45 Ave,18,0,New York,Usa,15
Crescent St & 35 Ave,3,22,New York,Usa,15
99 St & Astoria Blvd,9,14,New York,Usa,15
Van Vorst Park,4,17,New York,Usa,15
Hancock St & Bedford Ave,9,16,New York,Usa,15
W 54 St & 6 Ave,0,63,New York,Usa,15
Division Ave & Marcy Ave,31,1,New York,Usa,15
87 St & 30 Ave,19,2,New York,Usa,15
84 St & Roosevelt Ave,2,26,New York,Usa,15
6 Ave & W 33 St,67,4,New York,Usa,15
Barclay St & Church St,18,17,New York,Usa,15
55 St & 7 Ave,8,15,New York,Usa,15
Grand St & Wythe Ave,48,6,New York,Usa,15
82 St & Broadway,26,2,New York,Usa,15
Park Ave & E 179 St,4,18,New York,Usa,15
Prospect Park West & 8 St,22,3,New York,Usa,15
Lincoln Pl & Nostrand Ave,0,21,New York,Usa,15
Danforth Ave & Sullivan Dr,11,4,New York,Usa,15
New Utrecht Ave & 9 Ave,13,5,New York,Usa,15
E 144 St & Brook Ave,5,13,New York,Usa,15
Bridge St & Front St,34,10,New York,Usa,15
7 St & 5 Ave,25,0,New York,Usa,15
14 St & 5 Ave,16,2,New York,Usa,15
Eastern Pkwy & Ralph Ave,16,2,New York,Usa,15
E 44 St & Lexington Ave,1,46,New York,Usa,15
31 St & Hoyt Ave N,33,1,New York,Usa,15
Brook Ave & E 148 St,3,14,New York,Usa,15
W 135 St & Lenox Terrace Pl,10,16,New York,Usa,15
E 95 St & 3 Ave,16,14,New York,Usa,15
Webster Ave & Ford St,12,10,New York,Usa,15
Central Ave & Weirfield St,3,15,New York,Usa,15
E 68 St & 3 Ave,7,24,New York,Usa,15
Centre St & Worth St,30,88,New York,Usa,15
Riverside Dr & W 78 St,28,46,New York,Usa,15
12 Ave & 36 St,20,1,New York,Usa,15
Webb Ave & W 190 St,3,18,New York,Usa,15
Queens Blvd N & 63 Rd,12,18,New York,Usa,15
75 St & Northern Blvd,6,9,New York,Usa,15
27 Ave & 9 St,10,15,New York,Usa,15
Commerce St & Van Brunt St,13,4,New York,Usa,15
Adams St & 12 St,11,4,New York,Usa,15
2 Ave & E 72 St,12,40,New York,Usa,15
Riverside Dr & Broadway,15,1,New York,Usa,15
Union Ave & Wallabout St,12,19,New York,Usa,15
Riverside Dr & W 104 St,3,41,New York,Usa,15
5 Ave & E 78 St,12,28,New York,Usa,15
Underhill Ave & Pacific St,3,19,New York,Usa,15
E 149 St & Jackson Ave,1,20,New York,Usa,15
3 Ave & E 100 St,6,17,New York,Usa,15
Pitt St & Stanton St,13,1,New York,Usa,15
60 Ave & Otis Ave,17,1,New York,Usa,15
47 Ave & 31 St,14,10,New York,Usa,15
Pierrepont St & Monroe Pl,5,17,New York,Usa,15
E 30 St & Park Ave S,8,44,New York,Usa,15
Amory Ct & Metropolitan Ave,3,17,New York,Usa,15
Plaza St West & Flatbush Ave,4,36,New York,Usa,15
Seaman Ave & Isham St,19,2,New York,Usa,15
Audubon Ave & Fort George Ave,6,16,New York,Usa,15
Congress St & Clinton St,35,3,New York,Usa,15
Albany Ave & Fulton St,6,19,New York,Usa,15
E 3 St & Cortelyou Rd,11,0,New York,Usa,15
E 160 St & Tinton Ave,9,13,New York,Usa,15
103 St & Martense Ave,9,9,New York,Usa,15
21 St & 43 Ave,12,12,New York,Usa,15
31 St & Thomson Ave,12,32,New York,Usa,15
31 Ave & 61 St,14,5,New York,Usa,15
Broadway & 31 St,25,8,New York,Usa,15
Hoboken Terminal - Hudson St & Hudson Pl,14,8,New York,Usa,15
Broadway & W 133 St,3,16,New York,Usa,15
Bleecker St & Crosby St,38,18,New York,Usa,15
Adam Clayton Powell Blvd & W 123 St,17,12,New York,Usa,15
Greene Ave & Throop Ave,0,17,New York,Usa,15
77 St & 31 Ave,11,9,New York,Usa,15
Macombs Pl & W 152 St,20,11,New York,Usa,15
W 120 St & Claremont Ave,4,34,New York,Usa,15
Kingston Ave & Park Pl,0,20,New York,Usa,15
Jersey & 3rd,1,13,New York,Usa,15
Frost St & Meeker Ave,38,0,New York,Usa,15
E 47 St & Park Ave,0,79,New York,Usa,15
Mott St & Prince St,16,19,New York,Usa,15
Paulus Hook,1,13,New York,Usa,15
55 Ave & Center Blvd,5,20,New York,Usa,15
Ovington Ave & 3 Ave,1,15,New York,Usa,15
Perry St & Greenwich Ave,0,0,New York,Usa,15
E 75 St & 3 Ave,13,27,New York,Usa,15
Jackson Mill Rd & 93 St,2,17,New York,Usa,15
48 St & 37 Ave,11,16,New York,Usa,15
10 Ave & W 202 St,22,1,New York,Usa,15
70 St & Ridge Blvd,9,3,New York,Usa,15
88 St & Astoria Blvd,10,7,New York,Usa,15
W 12 St & Hudson St,41,1,New York,Usa,15
Grand St & Greene St,7,37,New York,Usa,15
Heights Elevator,6,12,New York,Usa,15
Bond St & Fulton St,2,1,New York,Usa,15
E 13 St & Ave A,70,16,New York,Usa,15
College Ave & E 169 St,3,16,New York,Usa,15
5 Ave & E 63 St,1,41,New York,Usa,15
Eastern Pkwy & Kingston Ave,2,22,New York,Usa,15
Central Park North & Adam Clayton Powell Blvd,30,1,New York,Usa,15
75 St & 35 Ave,14,10,New York,Usa,15
Amsterdam Ave & W 125 St,28,6,New York,Usa,15
Marble Hill Ave & W 227 St,4,13,New York,Usa,15
Linden St & Knickerbocker Ave,3,14,New York,Usa,15
Broadway & W 41 St,0,53,New York,Usa,15
20 Ave & Shore Blvd,15,4,New York,Usa,15
Sterling Pl & Ralph Ave,3,14,New York,Usa,15
W 116 St & Amsterdam Ave,6,31,New York,Usa,15
17 St & 5 Ave,24,0,New York,Usa,15
Vesey St & West St,5,66,New York,Usa,15
64 Rd & Grand Central Pkwy,5,7,New York,Usa,15
St Nicholas Ave & W 157 St,1,18,New York,Usa,15
Broadway & E 19 St,13,84,New York,Usa,15
Carteret Ave & Arlington Ave,0,14,New York,Usa,15
Aqueduct Ave & North St,17,3,New York,Usa,15
3 Ave & 17 St,14,6,New York,Usa,15
Bridge St & York St,53,0,New York,Usa,15
E 48 St & Tilden Ave,25,0,New York,Usa,15
Halsey St & Tompkins Ave,10,9,New York,Usa,15
85 St & Northern Blvd,3,16,New York,Usa,15
E 189 St & Bathgate Ave,18,0,New York,Usa,15
10 Ave & W 215 St,12,0,New York,Usa,15
Lee Ave & Taylor St,19,5,New York,Usa,15
2 Ave & E 96 St,18,25,New York,Usa,15
Columbia Heights & Cranberry St,15,17,New York,Usa,15
Bergen St & Smith St,42,4,New York,Usa,15
E 46 St & Madison Ave,10,41,New York,Usa,15
44 St & 2 Ave,16,3,New York,Usa,15
E 32 St & Park Ave,9,44,New York,Usa,15
West Drive & Prospect Park West,25,2,New York,Usa,15
W 41 St & 8 Ave,50,41,New York,Usa,15
Nagle Ave & Thayer St,33,0,New York,Usa,15
Broad St & Bridge St,35,12,New York,Usa,15
Broadway & W 261 St,1,10,New York,Usa,15
Bergen Ave,9,4,New York,Usa,15
E 182 St & Belmont Ave,4,18,New York,Usa,15
Monitor St & Meeker Ave,1,19,New York,Usa,15
25 Ave & 41 St,11,10,New York,Usa,15
Claflin Ave & Reservoir Ave,0,8,New York,Usa,15
Roosevelt Island Tramway,33,5,New York,Usa,15
McGinley Square,0,20,New York,Usa,15
4 Ave & 9 St,22,1,New York,Usa,15
Morris Ave & E Burnside Ave,19,0,New York,Usa,15
55 St & 5 Ave,14,14,New York,Usa,15
Liberty St & Nassau St,7,36,New York,Usa,15
30 Ave & 70 St,8,11,New York,Usa,15
Wyckoff Ave & Gates Ave,23,12,New York,Usa,15
President St & Henry St,24,1,New York,Usa,15
Division St & Bowery,70,0,New York,Usa,15
57 Ave & 98 Pl,18,4,New York,Usa,15
Bank St & Hudson St,20,0,New York,Usa,15
Clinton St & 7 St,3,15,New York,Usa,15
Corona Ave & 111 St,18,1,New York,Usa,15
Bushwick Ave & Powers St,21,9,New York,Usa,15
W 235 St & Independence Ave,5,13,New York,Usa,15
Wade St & MLK Dr,10,4,New York,Usa,15
Chauncey St & Stuyvesant Ave,14,8,New York,Usa,15
41 Ave & 77 St,21,3,New York,Usa,15
Morningside Dr & Amsterdam Ave,8,25,New York,Usa,15
Kane St & Clinton St,24,0,New York,Usa,15
84 St & 3 Ave,7,0,New York,Usa,15
Centre St & Chambers St,3,48,New York,Usa,15
Fulton Ave & St Paul's Pl,1,18,New York,Usa,15
Clermont Ave & Park Ave,10,7,New York,Usa,15
Broadway & Hancock St,3,31,New York,Usa,15
91 St & 23 Ave,18,4,New York,Usa,15
Audubon Ave & W 192 St,0,19,New York,Usa,15
Queens Blvd & Albion Ave,17,3,New York,Usa,15
34 Ave & Junction Blvd,13,10,New York,Usa,15
Lefferts Ave & Schenectady Ave,23,0,New York,Usa,15
Nassau St & Navy St,53,2,New York,Usa,15
14 St & 7 Ave,10,14,New York,Usa,15
Marcus Garvey Blvd & Macon St,2,16,New York,Usa,15
108 St & 62 Dr,9,6,New York,Usa,15
St Nicholas Ave & W 137 St,13,4,New York,Usa,15
Crotona Park East & E 173 St,12,5,New York,Usa,15
34 St & 35 Ave,12,9,New York,Usa,15
Brooklyn Ave & Snyder Ave,21,0,New York,Usa,15
E 40 St & 5 Ave,3,81,New York,Usa,15
37 Ave & 63 St,7,12,New York,Usa,15
4 St & Grand St,1,17,New York,Usa,15
Harlem River Dr & W 155 St,2,19,New York,Usa,15
W 43 St & 10 Ave,20,88,New York,Usa,15
West Side Ave Light Rail,19,1,New York,Usa,15
50 St & Barnett Ave,1,22,New York,Usa,15
4 Ave & 87 St,16,4,New York,Usa,15
W 52 St & 11 Ave,12,43,New York,Usa,15
6 St & Grand St,1,15,New York,Usa,15
4 Ave & 17 St,13,7,New York,Usa,15
Fort Hamilton Pkwy & E 2 St,19,0,New York,Usa,15
Montrose Ave & Bushwick Ave,5,35,New York,Usa,15
Montague St & Clinton St,28,17,New York,Usa,15
Willoughby Ave & Myrtle Ave,2,14,New York,Usa,15
Wadsworth Ave & W 175 St,3,19,New York,Usa,15
Sedgwick Ave & Hall of Fame Terrace,6,12,New York,Usa,15
98 St & 25 Ave,15,4,New York,Usa,15
Park Ave & E 41 St,0,107,New York,Usa,15
Jerome Ave & E 181 St,16,0,New York,Usa,15
MacDonough St & Malcolm X Blvd,3,16,New York,Usa,15
Kent Ave & Division Ave,26,12,New York,Usa,15
Bailey Ave & W 234 St,10,13,New York,Usa,15
58 St & Pier 4,18,10,New York,Usa,15
W 51 St & 7 Ave,0,72,New York,Usa,15
Rockaway Ave & Bainbridge St,19,1,New York,Usa,15
Benham St & Roosevelt Ave,9,15,New York,Usa,15
Naples Terrace & Godwin Terrace,17,7,New York,Usa,15
Cherry St,20,10,New York,Usa,15
73 St & 25 Ave,3,15,New York,Usa,15
Lexington Ave & Classon Ave,8,9,New York,Usa,15
2 Ave & E 31 St,13,50,New York,Usa,15
Riverdale Ave & W 258 St,5,12,New York,Usa,15
Broadway & W 38 St,5,61,New York,Usa,15
Bainbridge Ave & E 193 St,6,20,New York,Usa,15
Norfolk St & Broome St,50,0,New York,Usa,15
34 Ave & 21 St,18,5,New York,Usa,15
Central Park W & W 76 St,21,13,New York,Usa,15
Park Pl & Thomas S. Boyland St,16,3,New York,Usa,15
Broadway & Lakeview Pl,5,10,New York,Usa,15
Coffey St & Ferris St,19,4,New York,Usa,15
100 St & Humphreys St,17,6,New York,Usa,15
E 11 St & Broadway,16,83,New York,Usa,15
8 St & Astoria Blvd,13,4,New York,Usa,15
Jackson Mill Rd & 24 Ave,11,10,New York,Usa,15
Nostrand Ave & Myrtle Ave,11,8,New York,Usa,15
Jerome Ave & Ogden Ave,6,12,New York,Usa,15
Walton Ave & E 171 St,6,12,New York,Usa,15
Van Brunt St & Van Dyke St,21,2,New York,Usa,15
7 Ave & Park Pl,0,21,New York,Usa,15
25 Ave & 96 St,5,16,New York,Usa,15
Grand Concourse & E 161 St,6,19,New York,Usa,15
W 44 St & 9 Ave,12,13,New York,Usa,15
W 37 St & 10 Ave,7,26,New York,Usa,15
St James Ave & 51 Ave,15,1,New York,Usa,15
Lexington Ave & E 120 St,23,4,New York,Usa,15
Washington Pl & 6 Ave,0,0,New York,Usa,15
E 155 St & Courtlandt Ave,17,1,New York,Usa,15
W 238 St & Riverdale Ave,6,7,New York,Usa,15
Lenox Ave & W 130 St,18,5,New York,Usa,15
62 Ave & 102 St,10,4,New York,Usa,15
Water St & Fletcher St,73,1,New York,Usa,15
W 163 St & Riverside Dr,3,16,New York,Usa,15
Rogers Ave & Lincoln Rd,14,8,New York,Usa,15
Kingston Ave & Herkimer St,8,15,New York,Usa,15
Greenwich St & Rector St,25,32,New York,Usa,15
Broadway & W 58 St,7,68,New York,Usa,15
11 Ave & W 41 St,13,38,New York,Usa,15
35 St & 23 Ave,25,0,New York,Usa,15
Freeman St & Southern Blvd,8,10,New York,Usa,15
Underhill Ave & Lincoln Pl,0,21,New York,Usa,15
Lexington Ave & E 127 St,25,7,New York,Usa,15
S 2 St & Kent Ave,39,0,New York,Usa,15
Seaman Ave & Beak St,17,2,New York,Usa,15
E 97 St & Madison Ave,18,21,New York,Usa,15
W 94 St & Central Park W,27,17,New York,Usa,15
Audubon Ave & W 179 St,1,21,New York,Usa,15
Maple St & Albany Ave,14,4,New York,Usa,15
Rugby Rd & Albemarle Rd,15,3,New York,Usa,15
Carlton Ave & Greene Ave,22,1,New York,Usa,15
Cypress Ave & St Felix Ave,3,16,New York,Usa,15
Bleecker St & Forest Ave,1,16,New York,Usa,15
Stanton St & Norfolk St,47,0,New York,Usa,15
Flushing Ave & Vanderbilt Ave,2,20,New York,Usa,15
Jackson Square,2,15,New York,Usa,15
48 Ave & 37 St,2,17,New York,Usa,15
Great Jones St,2,15,New York,Usa,15
E 47 St & 2 Ave,15,79,New York,Usa,15
Ocean Ave & Tennis Ct,18,4,New York,Usa,15
W 42 St & 8 Ave,9,28,New York,Usa,15
MLK Dr & Bayview Ave,8,4,New York,Usa,15
2 Ave & 36 St,34,6,New York,Usa,15
W 44 St & 5 Ave,2,64,New York,Usa,15
99 St & 50 Ave,16,4,New York,Usa,15
W 43 St & 6 Ave,2,60,New York,Usa,15
48 St & 50 Ave,8,10,New York,Usa,15
Eastern Pkwy & Franklin Ave (SW Corner),1,25,New York,Usa,15
39 Ave & 45 St,10,6,New York,Usa,15
34 St & 5 Ave,16,1,New York,Usa,15
E 4 St & 2 Ave,78,0,New York,Usa,15
W Tremont Ave & Montgomery Ave,5,15,New York,Usa,15
8 Ave & W 49 St,1,58,New York,Usa,15
W 63 St & Broadway,17,8,New York,Usa,15
Madison St & 1 St,4,16,New York,Usa,15
Amsterdam Ave & W 162 St,4,20,New York,Usa,15
27 St & Hunter St,13,16,New York,Usa,15
W 181 St & Riverside Dr,8,8,New York,Usa,15
Madison Ave & E 51 St,0,42,New York,Usa,15
Franklin Ave & Myrtle Ave,17,8,New York,Usa,15
Halsey St & Ralph Ave,1,15,New York,Usa,15
34 Ave & 71 St,7,12,New York,Usa,15
W 54 St & 11 Ave,5,49,New York,Usa,15
Union Ave & E 169 St,9,8,New York,Usa,15
Pacific St & Nostrand Ave,6,16,New York,Usa,15
Newport Pkwy,6,8,New York,Usa,15
Rivington St & Ridge St,36,23,New York,Usa,15
Stuyvesant Ave & Hart St,3,21,New York,Usa,15
43 St & Skillman Ave,13,6,New York,Usa,15
W 24 St & 7 Ave,28,44,New York,Usa,15
E 132 St & Madison Ave,3,15,New York,Usa,15
44 St & Greenpoint Ave,5,19,New York,Usa,15
Queens Blvd N & 67 Rd,16,3,New York,Usa,15
31 Ave & 57 St,8,13,New York,Usa,15
E 53 St & Lexington Ave,2,50,New York,Usa,15
6 Ave & 74 St,9,1,New York,Usa,15
Duane St & Hudson St,11,32,New York,Usa,15
E Tremont Ave & E 176 St,5,11,New York,Usa,15
E 102 St & Park Ave,5,27,New York,Usa,15
69 Ave & Queens Blvd N,4,16,New York,Usa,15
Henry St & Bay St,13,3,New York,Usa,15
Crotona Ave & E 183 St,1,23,New York,Usa,15
Schenectady Ave & Pacific St,4,13,New York,Usa,15
E 56 St & Madison Ave,1,29,New York,Usa,15
W 155 St & Frederick Douglass Blvd,21,6,New York,Usa,15
Icahn Stadium Plaza,3,13,New York,Usa,15
Greenwich St & W Houston St,42,37,New York,Usa,15
Columbia St & Rivington St,14,27,New York,Usa,15
DeKalb Ave & S Portland Ave,16,2,New York,Usa,15
Catherine St & Monroe St,22,3,New York,Usa,15
Cliff St & Fulton St,49,14,New York,Usa,15
Fairmount Ave,4,13,New York,Usa,15
Suffolk St & Stanton St,70,2,New York,Usa,15
E Mosholu Pkwy & Van Cortlandt Ave E,0,20,New York,Usa,15
E 147 St & Bergen Ave,19,2,New York,Usa,15
E 138 St & Grand Concourse,11,9,New York,Usa,15
46 St & 6 Ave,15,4,New York,Usa,15
St Ann's Ave & E 144 St,9,13,New York,Usa,15
31 St & Northern Blvd,3,30,New York,Usa,15
Riverside Dr & W 91 St,54,4,New York,Usa,15
Washington Pl & Greene St,31,15,New York,Usa,15
E 170 St & Clay Ave,5,18,New York,Usa,15
Gerard Ave & E 146 St,11,7,New York,Usa,15
Dixon Mills,5,11,New York,Usa,15
5 Ave & 3 St,23,1,New York,Usa,15
Woodward Ave & Harman St,5,14,New York,Usa,15
Grove St & Fresh Pond Rd,0,16,New York,Usa,15
N 5 St & Wythe Ave,38,1,New York,Usa,15
Columbia St & W 9 St,19,1,New York,Usa,15
Columbia St & Degraw St,17,0,New York,Usa,15
Clay Ave & Claremont Pkwy,13,7,New York,Usa,15
Madison Ave & E 99 St,4,29,New York,Usa,15
Washington St & Gansevoort St,44,0,New York,Usa,15
St Marks Pl & 2 Ave,60,1,New York,Usa,15
Lincoln Pl & Classon Ave,0,28,New York,Usa,15
Keegan Rd & 2 Ave,29,4,New York,Usa,15
Lexington Ave & E 26 St,15,63,New York,Usa,15
Broadway & W 185 St,1,19,New York,Usa,15
Lenox Ave & W 133 St,23,1,New York,Usa,15
Bergen St & Troy Ave,4,17,New York,Usa,15
Atlantic Ave & Fort Greene Pl,44,3,New York,Usa,15
E 128 St & 3 Ave,10,5,New York,Usa,15
St Nicholas Ave & W 134 St,20,0,New York,Usa,15
E 106 St & Madison Ave,21,1,New York,Usa,15
Lafayette Park,8,5,New York,Usa,15
Lincoln Ave & E 134 St,15,0,New York,Usa,15
Intervale Ave & Kelly St,4,16,New York,Usa,15
3 Ave & E 71 St,25,20,New York,Usa,15
53 St & 4 Ave,4,18,New York,Usa,15
10 Ave & W 28 St,16,33,New York,Usa,15
Goulden Ave & Bedford Park Blvd,16,0,New York,Usa,15
Bushwick Ave & Dekalb Ave,9,16,New York,Usa,15
West Thames St,49,14,New York,Usa,15
Allen St & Stanton St,44,0,New York,Usa,15
W 21 St & 6 Ave,5,58,New York,Usa,15
E 63 St & 3 Ave,2,50,New York,Usa,15
Grand Concourse & E 192 St,15,4,New York,Usa,15
Skillman Ave & 43 Ave,8,10,New York,Usa,15
Ogden Ave & W 164 St,6,12,New York,Usa,15
30 Ave & 80 St,13,6,New York,Usa,15
E 14 St & Ave B,23,15,New York,Usa,15
34 Ave & 31 St,11,7,New York,Usa,15
Jefferson St & Cypress Ave,22,2,New York,Usa,15
93 St & Roosevelt Ave,2,21,New York,Usa,15
E 5 St & Ave A,43,4,New York,Usa,15
111 St & 53 Ave,21,4,New York,Usa,15
Irving Ave & Halsey St,14,2,New York,Usa,15
Intervale Ave & Westchester Ave,1,25,New York,Usa,15
Gansevoort St & Hudson St,108,2,New York,Usa,15
34 Ave & 113 St,11,11,New York,Usa,15
45 Ave & 21 St,8,13,New York,Usa,15
Onderdonk Ave & Dekalb Ave,1,15,New York,Usa,15
W 168 St & Fort Washington Ave,3,40,New York,Usa,15
Center Blvd & 51 Ave,7,14,New York,Usa,15
Myrtle Ave & Marcy Ave,13,7,New York,Usa,15
E 167 St & Clay Ave,26,0,New York,Usa,15
79 St & 37 Ave,2,17,New York,Usa,15
Reade St & Broadway,14,39,New York,Usa,15
Crotona Ave & E 179 St,1,19,New York,Usa,15
Nevins St & Schermerhorn St,19,5,New York,Usa,15
Menahan St & Seneca Ave,1,13,New York,Usa,15
Park Ave & E Tremont Ave,20,3,New York,Usa,15
67 Ave & Queens Blvd S,12,6,New York,Usa,15
60 St & 60 Rd,4,15,New York,Usa,15
Adam Clayton Powell Blvd & W 151 St,11,2,New York,Usa,15
Allen St & Hester St,111,0,New York,Usa,15
Carlton Ave & Dean St,19,7,New York,Usa,15
Lincoln Rd & Ocean Ave,8,9,New York,Usa,15
Fresh Pond Rd & Eliot Ave,12,7,New York,Usa,15
Broadway & Van Cortlandt Park S,30,2,New York,Usa,15
E 98 St & Park Ave,4,20,New York,Usa,15
Lincoln Park,7,11,New York,Usa,15
Stanhope St & Fairview Ave,10,7,New York,Usa,15
Westchester Ave & Longwood Ave,7,9,New York,Usa,15
Dean St & Hoyt St,71,0,New York,Usa,15
3 Ave & 81 St,12,3,New York,Usa,15
Pearl St & York St,51,2,New York,Usa,15
W 34 St & Hudson Blvd E,6,41,New York,Usa,15
W 48 St &  Rockefeller Plaza,1,53,New York,Usa,15
E 3 St & Church Ave,15,1,New York,Usa,15
72 St & 41 Ave,9,15,New York,Usa,15
Willoughby St & Ashland Pl,8,17,New York,Usa,15
4 St & River St,2,11,New York,Usa,15
Goulden Ave & W 197 St,9,10,New York,Usa,15
34 Ave & 89 St,6,17,New York,Usa,15
56 St & Arnold Ave,3,18,New York,Usa,15
55 Ave & 97 Pl,16,0,New York,Usa,15
43 St & 37 Ave,5,14,New York,Usa,15
34 Ave & 38 St,24,7,New York,Usa,15
Greene St & Prince St,20,22,New York,Usa,15
Grand Concourse & E 184 St,14,9,New York,Usa,15
12 Ave & W 125 St,36,2,New York,Usa,15
E 85 St & 3 Ave,28,5,New York,Usa,15
St Nicholas Ave & W 126 St,43,2,New York,Usa,15
Sedgwick Ave & Giles Pl,0,18,New York,Usa,15
9 St HBLR - Jackson St & 8 St,15,2,New York,Usa,15
St Marks Pl & 4 Ave,15,11,New York,Usa,15
Fulton St & Waverly Ave,1,27,New York,Usa,15
24 St & 41 Ave,4,14,New York,Usa,15
Jerome Ave & E 164 St,7,10,New York,Usa,15
Bayard St & Baxter St,32,8,New York,Usa,15
7 Ave & 41 St,23,1,New York,Usa,15
Broadway & W 122 St,9,21,New York,Usa,15
Cambridge Pl & Gates Ave,9,7,New York,Usa,15
Adam Clayton Powell Blvd & W 138 St,2,20,New York,Usa,15
99 St & 32 Ave,3,16,New York,Usa,15
Decatur St & Saratoga Ave,7,11,New York,Usa,15
96 St & Marine Ave,13,2,New York,Usa,15
Lefferts Ave & Albany Ave,16,7,New York,Usa,15
4 Ave & 3 St,37,1,New York,Usa,15
Hull Ave & E 209 St,4,6,New York,Usa,15
W 84 St & Amsterdam Ave,55,4,New York,Usa,15
University Ave & W 168 St,7,10,New York,Usa,15
Beck St & Leggett Ave,3,15,New York,Usa,15
31 Pl & Hunters Point Ave,10,9,New York,Usa,15
3 Ave & Franklin Ave,2,15,New York,Usa,15
E Tremont Ave & Jerome Ave,20,0,New York,Usa,15
Cabrini Blvd & W 177 St,5,19,New York,Usa,15
Flatbush Ave & Eastern Pkwy,17,7,New York,Usa,15
E 11 St & 1 Ave,59,0,New York,Usa,15
Hope St & Union Ave,16,6,New York,Usa,15
Lawrence St & Willoughby St,22,11,New York,Usa,15
Ave C & McDonald Ave,15,0,New York,Usa,15
Bergen Ave & Stegman St,14,3,New York,Usa,15
W 35 St & 8 Ave,24,32,New York,Usa,15
Colonial Rd & Wakeman Pl,14,4,New York,Usa,15
Prospect Ave & Greenwood Ave,9,9,New York,Usa,15
Morris Ave & E 153 St,11,4,New York,Usa,15
Review Ave & Greenpoint Ave,5,10,New York,Usa,15
India St Pier,18,33,New York,Usa,15
Adam Clayton Powell Blvd & W 141 St,13,8,New York,Usa,15
Dock St & Front St,13,13,New York,Usa,15
E 20 St & Park Ave,17,24,New York,Usa,15
Pearl St & Whitehall St,14,25,New York,Usa,15
E 118 St & 3 Ave,24,2,New York,Usa,15
Winthrop St & Rogers Ave,5,9,New York,Usa,15
34 Ave & 13 St,16,2,New York,Usa,15
Central Park S & 6 Ave,0,63,New York,Usa,15
6 Ave & Broome St,27,43,New York,Usa,15
W 16 St & The High Line,22,34,New York,Usa,15
Fulton St & Clermont Ave,12,60,New York,Usa,15
E 27 St & 1 Ave,3,79,New York,Usa,15
46 Rd & 11 St,17,5,New York,Usa,15
Van Dam St & Meeker Ave,19,12,New York,Usa,15
Irving Ave & Harman St,15,4,New York,Usa,15
St Ann's Ave & Westchester Ave,11,7,New York,Usa,15
Cooper Square & Astor Pl,27,53,New York,Usa,15
Astoria Park S & Shore Blvd,16,12,New York,Usa,15
Myrtle Ave & 65 St,14,4,New York,Usa,15
S 4 St & Wythe Ave,33,0,New York,Usa,15
St Nicholas Ave & W 150 St,2,20,New York,Usa,15
35 Ave & 10 St,12,12,New York,Usa,15
Amsterdam Ave & W 79 St,9,36,New York,Usa,15
New York Ave & Lenox Rd,12,12,New York,Usa,15
Washington St & Laight St,29,32,New York,Usa,15
Essex Light Rail,2,19,New York,Usa,15
Hull Ave & E Mosholu Pkwy N,8,8,New York,Usa,15
E 19 St & Beverley Rd,16,1,New York,Usa,15
Ditmars Blvd & 102 St,11,14,New York,Usa,15
111 St & Roosevelt Ave,21,0,New York,Usa,15
Washington St & Morgan St,19,11,New York,Usa,15
W 33 St & 10 Ave,6,52,New York,Usa,15
Riverside Dr & W 145 St,5,28,New York,Usa,15
Bedford Park Blvd & Paul Ave,22,0,New York,Usa,15
President St & Hoyt St,15,2,New York,Usa,15
Bushwick Ave & Forrest St,4,12,New York,Usa,15
Prospect Ave & E 167 St,3,11,New York,Usa,15
Morgan Ave & Lombardy St,10,20,New York,Usa,15
N 15 St & Wythe Ave,51,1,New York,Usa,15
N 5 St & Northside Piers,34,8,New York,Usa,15
94 St & 57 Ave,14,11,New York,Usa,15
Ridge Blvd & 82 St,11,0,New York,Usa,15
Empire Blvd & New York Ave,18,4,New York,Usa,15
Broadway & W 242 St,13,9,New York,Usa,15
34 Ave & 108 St,12,9,New York,Usa,15
Madison St & Forest Ave,11,11,New York,Usa,15
Rutland Rd & E 45 St,20,0,New York,Usa,15
42 Ave & 108 St,18,1,New York,Usa,15
Bergen Ave & E 152 St,16,3,New York,Usa,15
57 Rd & 59 St,17,0,New York,Usa,15
Van Brunt St & Wolcott St,30,4,New York,Usa,15
Prospect Park SW & Greenwood Ave,27,1,New York,Usa,15
W Broadway & Spring St,74,22,New York,Usa,15
Amsterdam Ave & W 152 St,3,16,New York,Usa,15
5 Ave & 41 St,25,4,New York,Usa,15
E 6 St & Ave D,22,21,New York,Usa,15
23 St & 31 Ave,6,11,New York,Usa,15
LaGuardia Pl & W 3 St,44,3,New York,Usa,15
Mercer St & Bleecker St,31,31,New York,Usa,15
E 165 St & Clay Ave,7,11,New York,Usa,15
Walker St & Baxter St,22,24,New York,Usa,15
W 17 St & 7 Ave,0,0,New York,Usa,15
W 204 St & Nagle Ave,16,0,New York,Usa,15
Harrison St & Hudson St,15,23,New York,Usa,15
Stanton St & Mangin St,9,5,New York,Usa,15
104 St & 38 Ave,21,1,New York,Usa,15
Pacific St & Nevins St,9,6,New York,Usa,15
Grand Concourse & E Mount Eden Ave,3,16,New York,Usa,15
48 St & Barnett Ave,14,1,New York,Usa,15
Kingsbridge Terrace & W 230 St,7,11,New York,Usa,15
E 34 St & Church Ave,24,0,New York,Usa,15
Dr. Lena Edwards Park,4,7,New York,Usa,15
Rutland Rd & Brooklyn Ave,21,3,New York,Usa,15
90 St & 51 Ave,13,5,New York,Usa,15
Front St & Pine St,49,2,New York,Usa,15
Washington Park,20,3,New York,Usa,15
Madison St & Evergreen Ave,2,16,New York,Usa,15
Jerome Ave & Bedford Park Blvd E,21,0,New York,Usa,15
Greenwich Ave & Charles St,0,0,New York,Usa,15
E 67 St & Park Ave,6,33,New York,Usa,15
Prospect Park SW & Vanderbilt St,25,9,New York,Usa,15
Willoughby Ave & Walworth St,3,15,New York,Usa,15
MacDougal St & Prince St,35,3,New York,Usa,15
Broadway & Kent Ave,30,1,New York,Usa,15
Warren St & Court St,26,1,New York,Usa,15
Carlton Ave & Flushing Ave,38,5,New York,Usa,15
Caton Ave & Argyle Rd,18,2,New York,Usa,15
Prospect Ave & Vanderbilt St,5,15,New York,Usa,15
107 St & 32 Ave,2,17,New York,Usa,15
Willoughby Ave & Onderdonk Ave,14,13,New York,Usa,15
New York Ave & Montgomery St,11,9,New York,Usa,15
MacDougal St & Washington Sq,23,8,New York,Usa,15
Greenwich Ave & 8 Ave,67,3,New York,Usa,15
Union Ave & N 12 St,38,1,New York,Usa,15
E 118 St & Park Ave,22,2,New York,Usa,15
Courtlandt Ave & E 149 St,6,14,New York,Usa,15
Madison St & Seneca Ave,1,18,New York,Usa,15
St James Pl & Pearl St,19,6,New York,Usa,15
56 Ave & 92 St,21,2,New York,Usa,15
30 St & 48 Ave,15,14,New York,Usa,15
Sigourney St & Columbia St,14,5,New York,Usa,15
Parkside Ave & Flatbush Ave,9,12,New York,Usa,15
Kingston Ave & Montgomery St,3,15,New York,Usa,15
Clinton Ave & Myrtle Ave,17,12,New York,Usa,15
E 39 St & Lexington Ave,5,50,New York,Usa,15
Andrew Ave N & Hall of Fame Tce,13,5,New York,Usa,15
W 64 St & Thelonious Monk Circle,17,23,New York,Usa,15
Warren St,3,17,New York,Usa,15
Bergen St & Mother Gaston Blvd,22,0,New York,Usa,15
Franklin Ave & E 169 St,0,16,New York,Usa,15
E 161 St & Park Ave,7,13,New York,Usa,15
Shore Rd & Oliver St,3,12,New York,Usa,15
Steinway St & 23 Ave,12,8,New York,Usa,15
99 St & 3 Ave,12,0,New York,Usa,15
Evergreen Ave & Noll St,24,1,New York,Usa,15
1 Ave & E 110 St,13,10,New York,Usa,15
3 Ave & E 170 St,6,11,New York,Usa,15
W 176 St & Montgomery Ave,3,13,New York,Usa,15
Madison St & 10 St,17,2,New York,Usa,15
W 51 St & Rockefeller Plaza,0,43,New York,Usa,15
Booth St & 68 Dr,4,11,New York,Usa,15
Verveelen Pl & Broadway,19,2,New York,Usa,15
Calyer St & West St,27,4,New York,Usa,15
Monroe St & Bedford Ave,5,12,New York,Usa,15
E 18 St & Church Ave,29,1,New York,Usa,15
Jackson St & Leonard St,16,4,New York,Usa,15
15 Ave & 37 St,12,0,New York,Usa,15
Bailey Ave & W 238 St,7,10,New York,Usa,15
Jerome Ave & E Mosholu Pkwy N,0,20,New York,Usa,15
Cortelyou Rd & Albany Ave,16,2,New York,Usa,15
E 5 St & Ave C,30,23,New York,Usa,15
E 72 St & York Ave,1,33,New York,Usa,15
Independence Ave & W 240 St,3,9,New York,Usa,15
Fulton St & Williams Ave,13,4,New York,Usa,15
W 159 St & Edgecombe Ave,0,20,New York,Usa,15
Edgecombe Ave & W 145 St,17,12,New York,Usa,15
65 St & 35 Ave,7,17,New York,Usa,15
Hudson St & W 13 St,32,1,New York,Usa,15
61 St & Queens Blvd,21,6,New York,Usa,15
Driggs Ave & Lorimer St,25,0,New York,Usa,15
MLK Dr & Bramhall Ave,5,8,New York,Usa,15
10 St & 2 Ave,17,2,New York,Usa,15
Hudson St & N Moore St,16,46,New York,Usa,15
N 7 St & Driggs Ave,51,0,New York,Usa,15
57 St & 43 Ave,4,15,New York,Usa,15
1 Ave & E 44 St,15,65,New York,Usa,15
Amsterdam Ave & W 186 St,1,16,New York,Usa,15
Manila & 1st,0,0,New York,Usa,15
W 233 St & Albany Crescent,14,5,New York,Usa,15
Nassau St & Duffield St,41,10,New York,Usa,15
Anthony Ave & E Tremont Ave,3,16,New York,Usa,15
E 196 St & Valentine Ave,4,21,New York,Usa,15
72 St & Broadway,8,9,New York,Usa,15
53 St & 2 Ave,24,5,New York,Usa,15
Washington St & Barrow St,0,0,New York,Usa,15
Broadway & 74 St,16,10,New York,Usa,15
St Johns Pl & Kingston Ave,0,20,New York,Usa,15
W 49 St & 8 Ave,0,66,New York,Usa,15
Crotona Pkwy & Bronx Park S,6,17,New York,Usa,15
Throop Ave & Myrtle Ave,5,14,New York,Usa,15
Liberty Light Rail,3,18,New York,Usa,15
Broadway & Whipple St,23,2,New York,Usa,15
1 Ave & E 30 St,5,32,New York,Usa,15
Delancey St & Eldridge St,30,1,New York,Usa,15
Devoe St & Morgan Ave,3,14,New York,Usa,15
Broadway & W 37 St,7,48,New York,Usa,15
46 St & 28 Ave,1,18,New York,Usa,15
Monroe St & Marcus Garvey Blvd,8,12,New York,Usa,15
Forsyth St & Broome St,60,0,New York,Usa,15
51 St & Hobart St,11,11,New York,Usa,15
Montgomery St & Franklin Ave,1,17,New York,Usa,15
Eastern Pkwy & Rochester Ave,1,23,New York,Usa,15
Van Sinderen Ave & Truxton St,1,20,New York,Usa,15
W 42 St & Dyer Ave,9,20,New York,Usa,15
Knickerbocker Ave & George St,20,0,New York,Usa,15
39 St & 50 Ave,7,9,New York,Usa,15
S 3 St & Bedford Ave,19,3,New York,Usa,15
Van Buren St & Broadway,0,24,New York,Usa,15
47 Ave & 109 St,27,0,New York,Usa,15
Perry Ave & E 204 St,11,9,New York,Usa,15
46 St & 25 Ave,7,17,New York,Usa,15
Albany St & Greenwich St,21,19,New York,Usa,15
St Marks Ave & Rochester Ave,5,15,New York,Usa,15
Lenox Ave & W 111 St,29,1,New York,Usa,15
Skillman Ave & Honeywell St,9,9,New York,Usa,15
60 Pl & Flushing Ave,11,8,New York,Usa,15
Garrison Ave & Manida St,15,13,New York,Usa,15
31 St & Ditmars Blvd,14,7,New York,Usa,15
Knickerbocker Ave & Moffat St,7,17,New York,Usa,15
Grant Ave & MLK Dr,2,16,New York,Usa,15
2 Ave & 32 St,20,4,New York,Usa,15
74 St & 37 Ave,18,11,New York,Usa,15
McKibbin St & Bogart St,27,2,New York,Usa,15
Inwood Ave & W 170 St,14,5,New York,Usa,15
Jay St & Tech Pl,37,10,New York,Usa,15
Stephen St & Seneca Ave,4,9,New York,Usa,15
E 103 St & Lexington Ave,24,7,New York,Usa,15
113 St & Jewel Ave,2,10,New York,Usa,15
5 Ave & 37 St,26,2,New York,Usa,15
Central Park W & W 103 St,11,24,New York,Usa,15
Grand Concourse & E 144 St,3,18,New York,Usa,15
Park Ave & E 40 St,0,67,New York,Usa,15
Broadway & W 234 St,16,12,New York,Usa,15
E 165 St & Fox St,0,25,New York,Usa,15
Lenox Ave & W 144 St,18,1,New York,Usa,15
Lenox Ave & W 115 St,24,3,New York,Usa,15
E 174 St & Walton Ave,11,16,New York,Usa,15
98 St & 41 Ave,4,16,New York,Usa,15
Tiebout Ave & E 184 St,13,5,New York,Usa,15
MacDonough St & Marcy Ave,8,10,New York,Usa,15
Barry St & Tiffany St,12,7,New York,Usa,15
Parkside Ave & Ocean Ave,20,9,New York,Usa,15
56 Ave & Junction Blvd,21,1,New York,Usa,15
Jerome Ave & W 195 St,11,20,New York,Usa,15
Cauldwell Ave & E 161 St,3,13,New York,Usa,15
Caton Ave & St. Pauls Pl,16,2,New York,Usa,15
Kenmare St & Elizabeth St,36,0,New York,Usa,15
Ditmars Blvd & 48 St,13,6,New York,Usa,15
Union St & Bedford Ave,2,19,New York,Usa,15
Hazen St & 20 Ave,22,1,New York,Usa,15
Congress St & Hicks St,28,3,New York,Usa,15
103 St & 41 Ave,20,3,New York,Usa,15
62 Dr & 97 St,19,4,New York,Usa,15
Eastern Pkwy & Nostrand Ave,0,0,New York,Usa,15
Soissons Landing,10,5,New York,Usa,15
Hancock St & Stuyvesant Ave,4,12,New York,Usa,15
40 St & 3 Ave,28,2,New York,Usa,15
72 St & Northern Blvd,13,5,New York,Usa,15
57 St & 37 Ave,10,12,New York,Usa,15
Main St & Plymouth St,16,23,New York,Usa,15
East End Ave & E 86 St,25,0,New York,Usa,15
Elmhurst Ave & Roosevelt Ave,8,14,New York,Usa,15
W 67 St & Broadway,22,7,New York,Usa,15
E 182 St & Park Ave,5,17,New York,Usa,15
Sedgwick Ave & W 195 St,2,15,New York,Usa,15
Willoughby Ave & Wyckoff Ave,23,0,New York,Usa,15
Broadway & W 138 St,4,19,New York,Usa,15
Mercer St & Spring St,30,30,New York,Usa,15
31 Ave & 86 St,2,15,New York,Usa,15
32 Ave & 77 St,15,8,New York,Usa,15
Eastern Pkwy & Franklin Ave (NE Corner),10,27,New York,Usa,15
W 113 St & Broadway,13,26,New York,Usa,15
W 47 St & 9 Ave,28,22,New York,Usa,15
1 Ave & E 78 St,51,4,New York,Usa,15
Van Cortlandt Park S & Gouverneur Ave,3,19,New York,Usa,15
E 106 St & Lexington Ave,26,1,New York,Usa,15
E 167 St & Bryant Ave,0,17,New York,Usa,15
Communipaw & Berry Lane,11,2,New York,Usa,15
E 170 St & Webster Ave,15,6,New York,Usa,15
Queens Blvd & 56 Ave,35,3,New York,Usa,15
Central Ave & Woodbine St,5,12,New York,Usa,15
Ditmars Blvd & 43 St,15,9,New York,Usa,15
64 St & Woodbine St,1,18,New York,Usa,15
Clinton St & Joralemon St,28,18,New York,Usa,15
Adelphi St & Myrtle Ave,24,0,New York,Usa,15
Rutgers St & Henry St,38,0,New York,Usa,15
E 115 St & Madison Ave,20,9,New York,Usa,15
E 201 St & Briggs Ave,5,14,New York,Usa,15
Barrow St & Hudson St,36,3,New York,Usa,15
Prospect Park W & 20 St,8,16,New York,Usa,15
43 Ave & 42 St,6,18,New York,Usa,15
Metropolitan Ave & Stewart Ave,16,3,New York,Usa,15
Knickerbocker Ave & Thames St,16,2,New York,Usa,15
10 Ave & W 204 St,13,0,New York,Usa,15
Cathedral Pkwy & Broadway,3,19,New York,Usa,15
Myrtle Ave & Grove St,8,11,New York,Usa,15
Dyckman St & Staff St,9,7,New York,Usa,15
5 Ave & E 72 St,27,0,New York,Usa,15
Van Nostrand Ave & Ocean Ave,0,14,New York,Usa,15
5 Ave & 44 St,13,6,New York,Usa,15
South Railroad Ave & Broadway,20,2,New York,Usa,15
63 Ave & 99 St,13,4,New York,Usa,15
S 4 St & Rodney St,13,4,New York,Usa,15
34 Ave & 83 St,1,20,New York,Usa,15
W 190 St & Broadway,5,14,New York,Usa,15
Adam Clayton Powell Blvd & W 132 St,4,17,New York,Usa,15
76 St & 21 Ave,18,2,New York,Usa,15
Allen St & Rivington St,32,1,New York,Usa,15
Boston Rd & E 178 St,19,2,New York,Usa,15
W 30 St & 8 Ave,62,2,New York,Usa,15
Grove St PATH,29,8,New York,Usa,15
Brevoort Pl & Bedford Ave,3,18,New York,Usa,15
Union St & 4 Ave,26,0,New York,Usa,15
Netherland Ave & W 232 St,7,5,New York,Usa,15
E 51 St & 1 Ave,5,25,New York,Usa,15
Danforth Light Rail,17,0,New York,Usa,15
McKeever Pl & Sullivan Pl,6,10,New York,Usa,15
E 8 St & Caton Ave,28,1,New York,Usa,15
21 St & 20 Ave,16,0,New York,Usa,15
Dean St & Rockaway Ave,15,5,New York,Usa,15
Suydam St & St Nicholas Ave,16,0,New York,Usa,15
Borden Ave & 25 St,12,14,New York,Usa,15
Grove St & Broadway,0,26,New York,Usa,15
Greenwich St & Perry St,42,0,New York,Usa,15
53 St & Roosevelt Ave,6,14,New York,Usa,15
Bushwick Ave & Furman Ave,10,18,New York,Usa,15
53 Ave & 62 St,18,0,New York,Usa,15
54 St & 37 Ave,9,15,New York,Usa,15
Schenectady Ave & President St,7,15,New York,Usa,15
77 St & 24 Ave,6,13,New York,Usa,15
Fieldston Rd & Mosholu Ave,7,5,New York,Usa,15
Columbus Ave & W 59 St,1,37,New York,Usa,15
Maple St & New York Ave,15,6,New York,Usa,15
Suydam St & Knickerbocker Ave,23,3,New York,Usa,15
Brooklyn Ave & Tilden Ave,20,1,New York,Usa,15
Lafayette Ave & Ft Greene Pl,30,1,New York,Usa,15
Shore Rd & 74 St,2,9,New York,Usa,15
Central Ave & Covert St,0,26,New York,Usa,15
Steinway St & 21 Ave,3,16,New York,Usa,15
Bushwick Ave & Linden St,1,26,New York,Usa,15
64 St & 51 Ave,11,4,New York,Usa,15
E 102 St & 1 Ave,21,0,New York,Usa,15
Walnut Ave & E 136 St,4,12,New York,Usa,15
5 Ave & W 131 St,6,11,New York,Usa,15
State St & Smith St,51,11,New York,Usa,15
Albany Ave & Park Pl,5,15,New York,Usa,15
Bailey Ave & W 193 St,17,4,New York,Usa,15
River Ave & E 153 St,22,3,New York,Usa,15
Clinton St & 4 Place,22,1,New York,Usa,15
7 St & 3 Ave,20,0,New York,Usa,15
W Fordham Rd & Loring Pl N,3,18,New York,Usa,15
W 27 St & 6 Ave,0,0,New York,Usa,15
E 12 St & Ave C,20,17,New York,Usa,15
Amsterdam Ave & W 175 St,16,5,New York,Usa,15
6 Ave & 9 St,17,6,New York,Usa,15
Clarkson Ave & E 37 St,13,7,New York,Usa,15
Corona Ave & 92 St,15,5,New York,Usa,15
E 26 St & 3 Ave,10,28,New York,Usa,15
3 Ave & E 82 St,39,1,New York,Usa,15
83 St & Narrows Ave,11,0,New York,Usa,15
Lorimer St & Broadway,20,8,New York,Usa,15
6 St & 7 Ave,2,13,New York,Usa,15
Tilden Ave & Lott St,17,1,New York,Usa,15
31 St & Astoria Blvd,28,2,New York,Usa,15
Danforth Ave & JFK Blvd,12,2,New York,Usa,15
89 St & 3 Ave,17,2,New York,Usa,15
E 27 St & Park Ave S,4,64,New York,Usa,15
E 17 St & Beverley Rd,19,3,New York,Usa,15
Fulton St & Broadway,1,45,New York,Usa,15
3 St & Prospect Park West,24,0,New York,Usa,15
Carmine St & 6 Ave,50,5,New York,Usa,15
Jerome Ave & Bainbridge Ave,10,8,New York,Usa,15
Metropolitan Ave & Bedford Ave,44,0,New York,Usa,15
Harman St & Seneca Ave,1,17,New York,Usa,15
Page Pl & Grand Ave,11,9,New York,Usa,15
Cadman Plaza E & Tillary St,24,25,New York,Usa,15
Madison St & Woodward Ave,0,17,New York,Usa,15
Frederick Douglass Blvd & Harlem River Dr,14,3,New York,Usa,15
Pacific St & Ralph Ave,2,12,New York,Usa,15
6 Ave & W 34 St,21,39,New York,Usa,15
Milton St & Franklin St,29,2,New York,Usa,15
Ave A & E 11 St,57,0,New York,Usa,15
W 90 St & Amsterdam Ave,28,1,New York,Usa,15
7 Ave & 20 St,3,14,New York,Usa,15
E 103 St & 2 Ave,23,6,New York,Usa,15
30 Ave & 12 St,25,8,New York,Usa,15
Catalpa Ave & Woodward Ave,13,3,New York,Usa,15
E 31 St & 3 Ave,7,52,New York,Usa,15
Broadway & Berry St,27,2,New York,Usa,15
Pearl St & Hanover Square,40,24,New York,Usa,15
2 Ave & E 99 St,8,19,New York,Usa,15
20 Ave & 48 St,22,1,New York,Usa,15
Bond St & Bergen St,22,1,New York,Usa,15
Stockholm St & Wilson Ave,12,10,New York,Usa,15
67 St & Erik Pl,16,7,New York,Usa,15
57 Rd & 58 St,18,2,New York,Usa,15
Graham Ave & Withers St,15,0,New York,Usa,15
Jerome Ave & E Mosholu Pkwy S,0,21,New York,Usa,15
44 St & 48 Ave,5,17,New York,Usa,15
Bay Ridge Pkwy & 5 Ave,11,2,New York,Usa,15
79 St & 5 Ave,15,0,New York,Usa,15
E 181 St & Bathgate Ave,3,16,New York,Usa,15
Martense Ave & 108 St,14,2,New York,Usa,15
Journal Square,0,18,New York,Usa,15
Fort Hamilton Pkwy & 85 St,9,4,New York,Usa,15
Adams St & Prospect St,56,0,New York,Usa,15
Eliot Ave & 60 Ln,5,17,New York,Usa,15
Tinton Ave & E 165 St,1,17,New York,Usa,15
24 Ave & 26 St,18,1,New York,Usa,15
Troy Ave & Linden Blvd,18,1,New York,Usa,15
W 171 St & St Nicholas Ave,3,25,New York,Usa,15
W 84 St & Columbus Ave,22,0,New York,Usa,15
36 St & 47 Ave,11,7,New York,Usa,15
Pacific St & Troy Ave,7,12,New York,Usa,15
E 153 St & E 157 St,8,9,New York,Usa,15
W 87 St & Amsterdam Ave,39,1,New York,Usa,15
31 St & Newtown Ave,15,13,New York,Usa,15
Engert Ave & McGuinness Blvd,17,2,New York,Usa,15
Driggs Ave & N 9 St,46,0,New York,Usa,15
48 St & Broadway,26,0,New York,Usa,15
W 10 St & Washington St,0,0,New York,Usa,15
57 St & 7 Ave,13,8,New York,Usa,15
8 Ave & W 24 St,5,29,New York,Usa,15
Monroe St & Tompkins Ave,9,5,New York,Usa,15
E 204 St & Webster Ave,15,6,New York,Usa,15
Union Ave & Jackson St,15,1,New York,Usa,15
10 Ave & W 34 St,4,25,New York,Usa,15
Front St & Gold St,22,13,New York,Usa,15
Crescent St & 30 Ave,6,11,New York,Usa,15
19 St & 8 Ave,15,6,New York,Usa,15
102 St & 34 Ave,18,4,New York,Usa,15
W 180 St & Fort Washington Ave,2,17,New York,Usa,15
Columbia St & Lorraine St,21,15,New York,Usa,15
Brook Ave & E 141 St,15,0,New York,Usa,15
Grand Concourse & E 176 St,3,13,New York,Usa,15
Brooklyn Bridge Park - Pier 2,23,1,New York,Usa,15
West End Ave & W 94 St,20,10,New York,Usa,15
E 19 St & 3 Ave,5,28,New York,Usa,15
39 St & 2 Ave,22,10,New York,Usa,15
Ditmars Blvd & 31 Dr,18,6,New York,Usa,15
Park Pl & Franklin Ave,4,15,New York,Usa,15
Leonard St & Maujer St,21,1,New York,Usa,15
Fort Washington Ave & W 190 St,2,16,New York,Usa,15
E 163 St & Tiffany St,6,12,New York,Usa,15
Oakland Ave,6,20,New York,Usa,15
W 26 St & 10 Ave,6,40,New York,Usa,15
E 58 St & 1 Ave (NW Corner),4,40,New York,Usa,15
5 Ave & E 30 St,0,0,New York,Usa,15
Scholes St & Lorimer St,2,23,New York,Usa,15
100 St & Northern Blvd,1,19,New York,Usa,15
Amsterdam Ave & W 172 St,2,18,New York,Usa,15
Southern Blvd & Tiffany St,6,13,New York,Usa,15
47 Ave & 104 St,15,1,New York,Usa,15
Carroll St & Smith St,34,0,New York,Usa,15
E 10 St & Ave A,90,0,New York,Usa,15
South End Ave & Albany St,12,29,New York,Usa,15
Dwight St & Dikeman St,4,15,New York,Usa,15
Montgomery St,5,7,New York,Usa,15
Douglass St & 4 Ave,43,1,New York,Usa,15
President St & Nostrand Ave,0,25,New York,Usa,15
FDR Drive & E 35 St,51,63,New York,Usa,15
Hamilton Pl & W 140 St,5,14,New York,Usa,15
7 Ave & 22 St,10,15,New York,Usa,15
Sedgwick Ave & W Tremont Ave,1,17,New York,Usa,15
Convent Ave & W 151 St,1,21,New York,Usa,15
Grand Ave & 58 Ave,18,0,New York,Usa,15
E 158 St & Melrose Ave,11,10,New York,Usa,15
Jerome Ave & W 184 St,14,6,New York,Usa,15
39 Ave & 99 St,7,10,New York,Usa,15
Willis Ave & Bruckner Blvd,5,9,New York,Usa,15
Convent Ave & W 135 St,10,20,New York,Usa,15
Brooklyn Ave & Dean St,3,13,New York,Usa,15
30 Ave & 47 St,7,13,New York,Usa,15
Southern Blvd & E 187 St,3,11,New York,Usa,15
Kappock St & Independence Ave,9,9,New York,Usa,15
E 93 St & 2 Ave,36,35,New York,Usa,15
Monmouth & 6th,4,9,New York,Usa,15
Church Sq Park - 5 St & Park Ave,1,19,New York,Usa,15
Adams St & 2 St,4,10,New York,Usa,15
Sterling Pl & Bedford Ave,7,14,New York,Usa,15
3 Ave & 14 St,0,0,New York,Usa,15
Broadway & 12 St,22,9,New York,Usa,15
9 Ave & W 204 St,24,0,New York,Usa,15
Elmhurst Ave & Forley St,3,18,New York,Usa,15
Corona Ave & 90 St,16,6,New York,Usa,15
99 St & 58 Ave,24,0,New York,Usa,15
9 Ave & W 18 St,51,28,New York,Usa,15
Pacific St & Rochester Ave,1,18,New York,Usa,15
23 Rd & 31 St,19,0,New York,Usa,15
Kosciuszko St & Nostrand Ave,15,6,New York,Usa,15
North Moore St & Greenwich St,4,17,New York,Usa,15
N 11 St & Kent Ave,26,0,New York,Usa,15
Townsend Ave & E 175 St,5,14,New York,Usa,15
Lorimer St & Harrison Ave,13,5,New York,Usa,15
W 44 St & 11 Ave,18,54,New York,Usa,15
Nelson Ave & 167 St,12,5,New York,Usa,15
W 190 St & St Nicholas Ave,7,17,New York,Usa,15
Bedford Ave & Clarkson Ave,10,7,New York,Usa,15
Railroad Ave & Kay Ave,17,8,New York,Usa,15
N Portland Ave & Flushing Ave,25,4,New York,Usa,15
47 St & 3 Ave,17,6,New York,Usa,15
E 13 St & 2 Ave,50,1,New York,Usa,15
91 St & 31 Ave,10,11,New York,Usa,15
Cypress Ave & Palmetto St,1,4,New York,Usa,15
E 167 St & Franklin Ave,1,17,New York,Usa,15
Lafayette Ave & Franklin Ave,24,0,New York,Usa,15
Tibbett Ave & W 234 St,6,11,New York,Usa,15
31 Ave & 103 St,6,12,New York,Usa,15
61 St & Woodside Ave,7,11,New York,Usa,15
E 58 St & 3 Ave,2,41,New York,Usa,15
6 Ave & 12 St,24,3,New York,Usa,15
Eldert St & Bushwick Ave,0,21,New York,Usa,15
Valentine Ave & E 198 St,4,13,New York,Usa,15
W 95 St & Broadway,16,14,New York,Usa,15
W 37 St & Broadway,15,64,New York,Usa,15
12 St & 4 Ave,20,4,New York,Usa,15
63 Dr & Booth St,12,6,New York,Usa,15
Lewis Ave & Kosciuszko St,3,18,New York,Usa,15
Morris Canal,0,12,New York,Usa,15
51 St & Queens Blvd,2,17,New York,Usa,15
E 91 St & 2 Ave,64,5,New York,Usa,15
51 Ave & 61 St,11,6,New York,Usa,15
Wilkins Ave & Crotona Park E,9,10,New York,Usa,15
65 St & Roosevelt Ave,9,21,New York,Usa,15
Henry St & Middagh St,22,10,New York,Usa,15
E 50 St & Park Ave,0,34,New York,Usa,15
Crescent St & Ditmars Blvd,12,6,New York,Usa,15
Thompson St & Bleecker St,54,2,New York,Usa,15
Banker St & Meserole Ave,29,0,New York,Usa,15
51 St & 43 Ave,22,5,New York,Usa,15
Sterling Pl & 5 Ave,22,0,New York,Usa,15
Pioneer St & Richards St,17,2,New York,Usa,15
Turner Pl & Coney Island Ave,18,0,New York,Usa,15
Arlington Ave & Wilkinson Ave,0,12,New York,Usa,15
Concord St & Bridge St,13,4,New York,Usa,15
Greenwood Ave & E 4 St,16,1,New York,Usa,15
Greenwich St & Hubert St,2,28,New York,Usa,15
Shore Rd & Narrows Ave,10,2,New York,Usa,15
34 Ave & 48 St,21,2,New York,Usa,15
108 St & Jewel Ave,0,18,New York,Usa,15
N 6 St & Bedford Ave,25,2,New York,Usa,15
Stewart Ave & Johnson Ave,15,3,New York,Usa,15
Crown St & Troy Ave,10,8,New York,Usa,15
E 80 St & 2 Ave,26,9,New York,Usa,15
Bushwick Ave & McKibbin St,10,9,New York,Usa,15
8 Ave & W 55 St,3,63,New York,Usa,15
Ditmars Blvd & 76 St,16,3,New York,Usa,15
Pitkin Ave & Grafton St,20,0,New York,Usa,15
56 Dr & 59 St,17,0,New York,Usa,15
Narrows Ave & MacKay Pl,9,1,New York,Usa,15
46 Ave & 5 St,35,6,New York,Usa,15
30 Ave & 96 St,16,5,New York,Usa,15
5 Ave & 67 St,13,4,New York,Usa,15
Stagg St & Morgan Ave,17,3,New York,Usa,15
River St & Newark St,1,39,New York,Usa,15
60 Ave & Fresh Pond Rd,13,4,New York,Usa,15
Greene Ave & Nostrand Ave,16,6,New York,Usa,15
58 St & 56 Dr,14,3,New York,Usa,15
Woodside Ave & 69 St,6,13,New York,Usa,15
Southpoint Park,26,8,New York,Usa,15
49 Ave & 108 St,18,1,New York,Usa,15
W 29 St & 9 Ave,14,22,New York,Usa,15
W 52 St & 6 Ave,0,58,New York,Usa,15
37 St & 13 Ave,14,0,New York,Usa,15
Lewis Ave & Madison St,5,14,New York,Usa,15
Hoboken Ave at Monmouth St,11,20,New York,Usa,15
Taylor St & Bedford Ave,14,9,New York,Usa,15
Hamilton Park,19,7,New York,Usa,15
Willis Ave & E 141 St,9,7,New York,Usa,15
E 81 St & Park Ave,38,4,New York,Usa,15
Whitney Ave & Ketcham Pl,14,8,New York,Usa,15
10 Ave & W 14 St,74,3,New York,Usa,15
W 144 St & Adam Clayton Powell Blvd,18,1,New York,Usa,15
Echo Pl & Grand Concourse,11,14,New York,Usa,15
E 191 St & Bathgate Ave,14,14,New York,Usa,15
Amsterdam Ave & W 82 St,19,16,New York,Usa,15
Vyse Ave & Boston Rd,9,10,New York,Usa,15
Lenox Ave & W 117 St,36,6,New York,Usa,15
Ashland Pl & Dekalb Ave,43,0,New York,Usa,15
10 Ave & W 207 St,36,1,New York,Usa,15
Willoughby Ave & Tompkins Ave,9,6,New York,Usa,15
Sterling Pl & Rochester Ave,11,9,New York,Usa,15
Davis St & Jackson Ave,11,20,New York,Usa,15
Old Slip & South St,27,59,New York,Usa,15
Beverley Rd & Nostrand Ave,21,1,New York,Usa,15
4 Ave & 99 St,15,0,New York,Usa,15
E 84 St & 1 Ave,29,1,New York,Usa,15
Bedford Ave & Albemarle Rd,13,5,New York,Usa,15
W 165 St & Fort Washington Ave,1,22,New York,Usa,15
11 Ave & W 59 St,17,12,New York,Usa,15
Broadway & W 25 St,0,0,New York,Usa,15
Hilltop,12,13,New York,Usa,15
E 115 St & Lexington Ave,23,0,New York,Usa,15
E 88 St & 1 Ave,34,3,New York,Usa,15
55 St & Northern Blvd,21,2,New York,Usa,15
Riverdale Ave & W 263 St,7,5,New York,Usa,15
Sunken Meadow Comfort Station,7,13,New York,Usa,15
29 St & Skillman Ave,10,15,New York,Usa,15
Metropolitan Ave & Meeker Ave,24,0,New York,Usa,15
Manhattan Ave & Leonard St,14,3,New York,Usa,15
6 Ave & 60 St,11,11,New York,Usa,15
Crotona Park North & Prospect Ave,16,1,New York,Usa,15
11 Ave & W 27 St,4,32,New York,Usa,15
South St & Broad St,2,28,New York,Usa,15
Ridge Blvd & 89 St,9,1,New York,Usa,15
W 192 St & University Ave,7,11,New York,Usa,15
114 St & 39 Ave,29,0,New York,Usa,15
Buffalo Ave & St John's Pl,2,16,New York,Usa,15
Carroll St & Columbia St,36,2,New York,Usa,15
Pacific Ave & Communipaw Ave,4,10,New York,Usa,15
W 11 St & 6 Ave,70,4,New York,Usa,15
Dyckman St & 10 Ave,17,0,New York,Usa,15
Lexington Ave & E 128 St,22,0,New York,Usa,15
Maurice Ave & 53 Dr,14,0,New York,Usa,15
Steinway St & 19 Ave,9,11,New York,Usa,15
DeKalb Ave & Vanderbilt Ave,14,2,New York,Usa,15
16 St & 4 Ave,26,3,New York,Usa,15
Division Ave & Hooper St,56,2,New York,Usa,15
N 10 St & Berry St,45,2,New York,Usa,15
McDonald Ave & Vanderbilt St,11,8,New York,Usa,15
E 180 St & Prospect Ave,7,11,New York,Usa,15
Frederick Douglass Blvd & W 112 St,33,3,New York,Usa,15
21 Ave & Crescent St,11,12,New York,Usa,15
110 St & 66 Rd,2,14,New York,Usa,15
Canal St & Rutgers St,42,0,New York,Usa,15
Shore Pkwy Greenway & Bay Ridge Ave,16,5,New York,Usa,15
University Pl & E 8 St,39,32,New York,Usa,15
Bainbridge Ave & E 196 St,0,18,New York,Usa,15
Cooper Ave & 65 Pl,14,9,New York,Usa,15
Wadsworth Ave & W 179 St,0,33,New York,Usa,15
Glenwood Ave,3,15,New York,Usa,15
50 St & 30 Ave,10,13,New York,Usa,15
74 St & Woodside Ave,12,6,New York,Usa,15
St Felix Ave & 61 St,0,18,New York,Usa,15
2 Ave & E 125 St,23,2,New York,Usa,15
Pier 40 - Hudson River Park,8,6,New York,Usa,15
60 Pl & Bleecker St,0,19,New York,Usa,15
47 Ave & Skillman Ave,7,12,New York,Usa,15
Columbus Ave & W 72 St,56,3,New York,Usa,15
E 138 St & Willow Ave,1,14,New York,Usa,15
Dean St & Franklin Ave,15,5,New York,Usa,15
E 149 St & Morris Ave,1,27,New York,Usa,15
58 St & 32 Ave,5,13,New York,Usa,15
