name,free_bikes,empty_slots,city,country,position
Chester Ave & 12 Ave,14,4,New York,Usa,7
W 56 St & 8 Ave,0,47,New York,Usa,7
S Portland Ave & Hanson Pl,8,18,New York,Usa,7
E 78 St & 2 Ave,2,22,New York,Usa,7
87 St & Roosevelt Ave,3,20,New York,Usa,7
E 157 St & River Ave,6,8,New York,Usa,7
E 17 St & Broadway,2,70,New York,Usa,7
Central Ave & Flushing Ave,15,3,New York,Usa,7
Colonial Rd & 71 St,8,4,New York,Usa,7
E 149 St & Eagle Ave,7,8,New York,Usa,7
E 165 St & Jerome Ave,14,2,New York,Usa,7
72 St & 31 Ave,17,3,New York,Usa,7
Amity St & Court St,13,17,New York,Usa,7
Irwin Ave & W 232 St,11,8,New York,Usa,7
Nassau Ave & Russell St,33,14,New York,Usa,7
1 St & 6 Ave,20,13,New York,Usa,7
Bulova Ave & Brooklyn Queens Expressway W,7,11,New York,Usa,7
45 St & 4 Ave,6,15,New York,Usa,7
Watts St & Greenwich St,12,33,New York,Usa,7
Murray St & West St (NW Corner),72,0,New York,Usa,7
Broadway & E 14 St,14,98,New York,Usa,7
Hegeman Ave & Powell St,8,3,New York,Usa,7
Harrison Pl & Porter Ave,16,3,New York,Usa,7
W 87 St & West End Ave,0,41,New York,Usa,7
108 St & 66 Rd,16,1,New York,Usa,7
3 Ave & E 109 St,22,1,New York,Usa,7
3 Ave & 92 St,11,3,New York,Usa,7
Myrtle Ave & St Edwards St,32,20,New York,Usa,7
E 9 St & Ave C,27,17,New York,Usa,7
Marcy Ave & Gates Ave,13,7,New York,Usa,7
Bergen St & Vanderbilt Ave,12,13,New York,Usa,7
E 149 St & Park Ave,3,19,New York,Usa,7
Sheridan Ave & E 168 St,4,15,New York,Usa,7
Dyckman St & Henshaw St,15,1,New York,Usa,7
Hudson St & Reade St,27,20,New York,Usa,7
E 106 St & 1 Ave,14,8,New York,Usa,7
E 1 St & Bowery,32,6,New York,Usa,7
Melrose Ave & E 150 St,4,25,New York,Usa,7
Botanical Sq & Webster Ave,27,0,New York,Usa,7
E 23 St & 1 Ave,12,11,New York,Usa,7
Buchanan Pl & Grand Ave,14,7,New York,Usa,7
Flatbush Ave & Ocean Ave,30,9,New York,Usa,7
Halsey St & Evergreen Ave,11,4,New York,Usa,7
Southern Blvd & E 174 St,3,20,New York,Usa,7
Park Pl & Church St,52,2,New York,Usa,7
Kent Ave & N 7 St,22,51,New York,Usa,7
E 188 St & Creston Ave,10,18,New York,Usa,7
E 92 St & Rutland Rd,14,1,New York,Usa,7
37 St & Fort Hamilton Pkwy,7,3,New York,Usa,7
63 St & 59 Dr,13,10,New York,Usa,7
Decatur Ave & E 197 St,5,11,New York,Usa,7
E 94 St & Madison Ave,36,3,New York,Usa,7
55 Ave & 90 St,16,2,New York,Usa,7
Vernon Blvd & 41 Rd,19,7,New York,Usa,7
South St & Whitehall St,43,12,New York,Usa,7
21 St & Queens Plaza N,1,15,New York,Usa,7
Bronx Park S & Bryant Ave,9,4,New York,Usa,7
W 47 St & 6 Ave,28,39,New York,Usa,7
E 34 St & Linden Blvd,15,8,New York,Usa,7
Liberty St & Broadway,65,0,New York,Usa,7
Frost St & Debevoise Ave,5,14,New York,Usa,7
Greenwich St & Christopher St,15,57,New York,Usa,7
3 Ave & Schermerhorn St,9,15,New York,Usa,7
Franklin Ave & St Marks Ave,10,15,New York,Usa,7
W 170 St & University Ave,9,7,New York,Usa,7
Menahan St & Wyckoff Ave,7,9,New York,Usa,7
E 114 St & 1 Ave,13,10,New York,Usa,7
Bergen St & 4 Ave,6,22,New York,Usa,7
Ave D & E 3 St,48,7,New York,Usa,7
Edgecombe Ave & W 167 St,8,14,New York,Usa,7
W 100 St & Broadway,0,35,New York,Usa,7
Caton Ave & E 10 St,28,1,New York,Usa,7
Morningside Ave & W 123 St,16,15,New York,Usa,7
65 Pl & Central Ave,12,7,New York,Usa,7
Gerard Ave & E 164 St,1,12,New York,Usa,7
Eastern Pkwy & Brooklyn Ave,5,14,New York,Usa,7
Riverview Park,10,7,New York,Usa,7
Jerome Ave & E Gun Hill Rd,5,13,New York,Usa,7
W 42 St & 6 Ave,31,19,New York,Usa,7
Riverside Dr & W 138 St,3,24,New York,Usa,7
39 St & Queens Blvd,5,13,New York,Usa,7
95 St & 35 Ave,0,19,New York,Usa,7
W 78 St & Broadway,0,36,New York,Usa,7
Coffey St & Conover St,1,30,New York,Usa,7
Warren St & Smith St,19,11,New York,Usa,7
E 91 St & Park Ave,34,0,New York,Usa,7
59 St & 4 Ave,4,23,New York,Usa,7
5 Ave & W 126 St,13,13,New York,Usa,7
W 15 St & 6 Ave,12,57,New York,Usa,7
Crotona Pkwy & Elsmere Pl,7,17,New York,Usa,7
Powers St & Olive St,8,9,New York,Usa,7
E 55 St & 2 Ave,2,22,New York,Usa,7
Morris Ave & E 142 St,13,4,New York,Usa,7
Case St & 94 St,12,9,New York,Usa,7
E 2 St & Ave B,43,38,New York,Usa,7
Fulton Ave & E 168 St,2,14,New York,Usa,7
W 92 St & Broadway,2,21,New York,Usa,7
36 St & 4 Ave,26,1,New York,Usa,7
Bloomfield St & 15 St,3,11,New York,Usa,7
Broadway & W 153 St,4,11,New York,Usa,7
Livonia Ave & Williams Ave,3,13,New York,Usa,7
Queens Blvd N & 78 Ave,20,2,New York,Usa,7
Washington Ave & Greene Ave,7,10,New York,Usa,7
E 17 St & 2 Ave,4,35,New York,Usa,7
Forley St & Lamont Ave,12,6,New York,Usa,7
Market St & Henry St,0,0,New York,Usa,7
Pacific St & Smith St,37,6,New York,Usa,7
Pacific St & Classon Ave,9,11,New York,Usa,7
Montague St & Hicks St,13,17,New York,Usa,7
E 93 St & Winthrop St,10,0,New York,Usa,7
Union St & Bergen Ave,0,11,New York,Usa,7
W 56 St & 10 Ave,22,17,New York,Usa,7
Grand Concourse & E 199 St,11,5,New York,Usa,7
Knickerbocker Ave & Halsey St,14,4,New York,Usa,7
New York Ave & Snyder Ave,15,2,New York,Usa,7
111 St & 49 Ave,2,27,New York,Usa,7
Home St & Westchester Ave,14,3,New York,Usa,7
Andrews Ave S & W 179 St,16,3,New York,Usa,7
Morton St & Greenwich St,38,10,New York,Usa,7
Lott St & Erasmus St,15,1,New York,Usa,7
Putnam Ave & Throop Ave,7,9,New York,Usa,7
5 Ave & 88 St,15,0,New York,Usa,7
21 St & Hoyt Ave S,26,6,New York,Usa,7
E 176 St & Clinton Ave,4,9,New York,Usa,7
39 Dr & 52 St,0,19,New York,Usa,7
Greenpoint Ave & 47 St,3,16,New York,Usa,7
Clinton St & Centre St,17,3,New York,Usa,7
Bedford Ave & Fenimore St,10,4,New York,Usa,7
E 179 St & Southern Blvd,9,11,New York,Usa,7
E 134 St & Walnut Ave,7,5,New York,Usa,7
Freeman St & Reverend James A Polite Ave,3,15,New York,Usa,7
Carroll St & Washington Ave,3,21,New York,Usa,7
W 45 St & 8 Ave,1,58,New York,Usa,7
Bergen St & Saratoga Ave,2,15,New York,Usa,7
Cleveland Pl & Spring St,13,9,New York,Usa,7
E 180 St & Monterey Ave,4,14,New York,Usa,7
Sumpter St & Fulton St,0,18,New York,Usa,7
79 St & Woodside Ave,7,10,New York,Usa,7
E 15 St & 3 Ave,5,71,New York,Usa,7
Woodside Ave & 55 St,4,12,New York,Usa,7
Nostrand Ave & Flushing Ave,4,17,New York,Usa,7
Yellowstone Blvd & 65 Ave,10,3,New York,Usa,7
20 Ave & 31 St,13,8,New York,Usa,7
Franklin St & Dupont St,0,23,New York,Usa,7
Myrtle Ave & Lewis Ave,16,4,New York,Usa,7
1 Ave & E 94 St,38,1,New York,Usa,7
Queens Blvd S & 71 Ave,27,0,New York,Usa,7
E 135 St & St Ann's Ave,13,4,New York,Usa,7
E 35 St & Madison Ave,9,36,New York,Usa,7
49 St & 25 Ave,7,16,New York,Usa,7
Strong St & University Ave,1,19,New York,Usa,7
Carlton Ave & Park Ave,6,12,New York,Usa,7
110 St & 68 Ave,5,4,New York,Usa,7
Clinton St & Tillary St,7,24,New York,Usa,7
Sheridan Ave & E 172 St,2,19,New York,Usa,7
19 St & 24 Ave,5,18,New York,Usa,7
Winthrop St & Schenectady Ave,14,4,New York,Usa,7
Forsyth St & Canal St,17,9,New York,Usa,7
6 Ave & 21 St,10,12,New York,Usa,7
100 St & 37 Ave,2,14,New York,Usa,7
Beaver St & Fayette St,25,5,New York,Usa,7
Legion St & Blake Ave,8,1,New York,Usa,7
Malcolm X Blvd & DeKalb Ave,10,9,New York,Usa,7
Walton Ave & E 183 St,5,20,New York,Usa,7
Somers St & Rockaway Ave,1,16,New York,Usa,7
Carroll St & 5 Ave,21,3,New York,Usa,7
Astor Place,2,10,New York,Usa,7
12 St & Sinatra Dr N,10,16,New York,Usa,7
Cedar St & Myrtle Ave,12,14,New York,Usa,7
E 45 St & 3 Ave,11,28,New York,Usa,7
Morris Ave & McClellan St,3,15,New York,Usa,7
E 161 St & River Ave,4,30,New York,Usa,7
Park Ave & Marcy Ave,22,1,New York,Usa,7
81 St & 35 Ave,0,21,New York,Usa,7
3 Ave & E 189 St,14,11,New York,Usa,7
27 Ave & 3 St,10,5,New York,Usa,7
Decatur Ave & Bedford Park Blvd,15,3,New York,Usa,7
Riverside Dr & W 82 St,5,66,New York,Usa,7
Fulton St & Adams St,40,0,New York,Usa,7
32 Ave & 81 St,10,7,New York,Usa,7
Driggs Ave & S 2 St,19,7,New York,Usa,7
Jerome Ave & W 193 St,9,3,New York,Usa,7
W 74 St & Columbus Ave,6,20,New York,Usa,7
Central Ave & Himrod St,18,5,New York,Usa,7
W 17 St & 8 Ave,2,58,New York,Usa,7
Paul Ave & W 205 St,8,7,New York,Usa,7
Ditmars Blvd & 79 St,8,15,New York,Usa,7
3 Ave & E 174 St,16,18,New York,Usa,7
Broadway & 49 St,19,3,New York,Usa,7
Calyer St & Jewel St,33,1,New York,Usa,7
Cypress Hills St & Otto Rd,5,11,New York,Usa,7
61 St & 39 Ave,2,25,New York,Usa,7
E 179 St & Daly Ave,11,5,New York,Usa,7
Concourse Village West & E 156 St,7,6,New York,Usa,7
Grand St,11,6,New York,Usa,7
Perry St & Bleecker St,2,30,New York,Usa,7
Broadway & Battery Pl,47,1,New York,Usa,7
Waldron St & 108 St,12,5,New York,Usa,7
Prospect Pl & Underhill Ave,1,17,New York,Usa,7
Broadway & Moylan Pl,7,31,New York,Usa,7
Queens Blvd & 56 St,7,10,New York,Usa,7
Newark St & Washington St,9,16,New York,Usa,7
1 Ave & E 42 St,26,32,New York,Usa,7
Amsterdam Ave & W 189 St,5,14,New York,Usa,7
Buffalo Ave & E New York Ave,19,1,New York,Usa,7
E 182 St & Grand Concourse,2,22,New York,Usa,7
Prospect Ave & E 151 St,4,16,New York,Usa,7
34 Ave & 74 St,12,11,New York,Usa,7
E 2 St & Ave C,60,21,New York,Usa,7
66 Rd & 102 St,13,2,New York,Usa,7
Sands St & Jay St,30,14,New York,Usa,7
Fulton Ave & E 172 St,7,12,New York,Usa,7
Shore Rd & 86 St,9,0,New York,Usa,7
Christ Hospital,9,11,New York,Usa,7
112 St & Northern Blvd,10,2,New York,Usa,7
59 St & 5 Ave,4,21,New York,Usa,7
Irving Ave & Palmetto St,7,10,New York,Usa,7
University Ave & Macombs Rd,10,13,New York,Usa,7
Riverdale Ave & Thomas S. Boyland St,11,1,New York,Usa,7
W 76 St & Columbus Ave,0,47,New York,Usa,7
Devoe St & Lorimer St,6,23,New York,Usa,7
Lewis Ave & Fulton St,1,15,New York,Usa,7
Cortelyou Rd & E 34 St,11,1,New York,Usa,7
46 St & Queens Blvd,10,19,New York,Usa,7
Picnic Point,13,27,New York,Usa,7
26 Ave & 2 St,13,6,New York,Usa,7
Goulden Ave & W 205 St,12,3,New York,Usa,7
53 Ave & 94 St,17,2,New York,Usa,7
Tilden Ave & Nostrand Ave,19,0,New York,Usa,7
62 St & 43 Ave,12,4,New York,Usa,7
E 7 St & Ave B,34,34,New York,Usa,7
Yellowstone Blvd & 68 Ave,12,3,New York,Usa,7
99 St & 35 Ave,2,18,New York,Usa,7
2 Ave & E 29 St,37,15,New York,Usa,7
E 6 St & 2 Ave,26,36,New York,Usa,7
21 St & 21 Ave,9,10,New York,Usa,7
Schermerhorn St & Court St,37,13,New York,Usa,7
Austin St & 66 Ave,7,5,New York,Usa,7
W 89 St & Columbus Ave,36,10,New York,Usa,7
44 Dr & 21 St,15,21,New York,Usa,7
Little West St & 1 Pl,11,18,New York,Usa,7
E 66 St & Madison Ave,6,26,New York,Usa,7
108 St & 39 Ave,16,2,New York,Usa,7
35 St & Broadway,2,3,New York,Usa,7
44 Dr & Jackson Ave,7,21,New York,Usa,7
Front St & Jay St,22,1,New York,Usa,7
New Lots Ave & Ashford St,5,11,New York,Usa,7
E 10 St & 5 Ave,13,28,New York,Usa,7
Halsey St & Broadway,17,0,New York,Usa,7
Southern Blvd & E 175 St,2,16,New York,Usa,7
Berkeley Pl & 6 Ave,28,9,New York,Usa,7
Clarkson Ave & E 91 St,12,0,New York,Usa,7
Linden Blvd & Nostrand Ave,18,1,New York,Usa,7
Broadway & Roebling St,18,7,New York,Usa,7
92 St & Astoria Blvd,3,13,New York,Usa,7
Charlotte St & Boston Rd,9,9,New York,Usa,7
W 18 St & 9 Ave,0,39,New York,Usa,7
Brook Ave & E 138 St,14,8,New York,Usa,7
Grand Concourse & E 171 St,3,19,New York,Usa,7
Ralph Ave & Fulton St,2,21,New York,Usa,7
Broadway & W 157 St,20,7,New York,Usa,7
Leonard St & Church St,6,37,New York,Usa,7
56 St & 2 Ave,22,11,New York,Usa,7
Bedford Ave & Bergen St,4,16,New York,Usa,7
Bus Slip & State St,50,14,New York,Usa,7
Greene Ave & Grandview Ave,10,5,New York,Usa,7
Park Pl & Carlton Ave,22,4,New York,Usa,7
JC Medical Center,17,4,New York,Usa,7
Austin St & 70 Rd,20,0,New York,Usa,7
Church Ave & E 45 St,17,5,New York,Usa,7
Fulton St & William St,25,17,New York,Usa,7
E 81 St & York Ave,28,16,New York,Usa,7
69 St & 43 Ave,12,4,New York,Usa,7
Park Circle & East Dr,28,1,New York,Usa,7
50 St & 7 Ave,15,7,New York,Usa,7
Degraw St & Hoyt St,10,15,New York,Usa,7
E Fordham Rd & Webster Ave,21,5,New York,Usa,7
Ave D & E 10 St,24,4,New York,Usa,7
36 St & Queens Blvd,19,4,New York,Usa,7
Flatbush Ave & Lincoln Rd,19,0,New York,Usa,7
E 174 St & Longfellow Ave,9,3,New York,Usa,7
Wilson Ave & Moffat St,19,13,New York,Usa,7
Livonia Ave & Rockaway Ave,13,3,New York,Usa,7
Jackson Ave & 50 Ave,27,0,New York,Usa,7
E 156 St & Brook Ave,12,5,New York,Usa,7
Bruckner Blvd & Faile St,5,16,New York,Usa,7
Pleasant Ave & E 120 St,13,3,New York,Usa,7
Onderdonk Ave & Gates Ave,16,2,New York,Usa,7
Prospect Pl & 6 Ave,7,16,New York,Usa,7
University Ave & Brandt Pl,3,15,New York,Usa,7
Lincoln Ave & E 138 St,16,6,New York,Usa,7
Edgecombe Ave & W 141 St,16,1,New York,Usa,7
8 Ave & W 27 St,0,30,New York,Usa,7
W 20 St & 5 Ave,12,39,New York,Usa,7
Lenox Ave & W 146 St,12,9,New York,Usa,7
Prospect Park SW & 10 Ave,10,17,New York,Usa,7
Boone Ave & E 172 St,7,7,New York,Usa,7
Ave D & E 12 St,24,15,New York,Usa,7
81 St & 34 Ave,4,21,New York,Usa,7
Marshall St & 2 St,4,12,New York,Usa,7
West End Ave & W 60 St,23,12,New York,Usa,7
46 St & 30 Rd,13,8,New York,Usa,7
Bayard St & Leonard St,29,12,New York,Usa,7
31 Ave & 30 St,3,15,New York,Usa,7
49 Ave & 27 St,15,8,New York,Usa,7
14 St Ferry - 14 St & Shipyard Ln,7,23,New York,Usa,7
43 St & 35 Ave,5,19,New York,Usa,7
Richards St & Delavan St,10,6,New York,Usa,7
Park Pl & Buffalo Ave,6,12,New York,Usa,7
E 61 St & Madison Ave,35,0,New York,Usa,7
E 89 St & 3 Ave,34,4,New York,Usa,7
Grand Concourse & E 181 St,0,21,New York,Usa,7
56 Dr & 61 St,15,0,New York,Usa,7
Lexington Ave & E 29 St,7,39,New York,Usa,7
Ogden Ave & W 165 St,1,12,New York,Usa,7
Willoughby Ave & Hall St,20,27,New York,Usa,7
Yankee Ferry Terminal,30,3,New York,Usa,7
Sedgwick Ave & W Burnside Ave,9,2,New York,Usa,7
Maple St & Flatbush Ave,15,2,New York,Usa,7
5 St & Market St,22,15,New York,Usa,7
Southern Blvd & E 180 St,12,4,New York,Usa,7
65 Ln & Metropolitan Ave,17,4,New York,Usa,7
Van Sinderen Ave & Atlantic Ave,5,15,New York,Usa,7
Broadway & W 160 St,1,19,New York,Usa,7
W 55 St & 6 Ave,19,22,New York,Usa,7
Popham Ave & W 174 St,6,9,New York,Usa,7
Church Ave & Nostrand Ave,26,1,New York,Usa,7
Broadway & W 61 St,44,1,New York,Usa,7
Henry St & Atlantic Ave,16,2,New York,Usa,7
Grand Central Pkwy & 62 Dr,11,1,New York,Usa,7
38 St & Northern Blvd,13,7,New York,Usa,7
21 St & 31 Dr,3,18,New York,Usa,7
Washington St,4,15,New York,Usa,7
57 St & 1 Ave,12,11,New York,Usa,7
Blake Ave & Schenck Ave,2,14,New York,Usa,7
Amsterdam Ave & W 136 St,2,19,New York,Usa,7
Sutter Ave & Jerome St,4,7,New York,Usa,7
Columbia St & Kane St,13,6,New York,Usa,7
Clay Ave & E 173 St,5,13,New York,Usa,7
Scholes St & Manhattan Ave,24,10,New York,Usa,7
Alexander Ave & E 134 St,18,1,New York,Usa,7
E 58 St & 1 Ave (NE Corner),3,25,New York,Usa,7
55 Dr & Maurice Ave,16,1,New York,Usa,7
6 Ave & Walker St,27,9,New York,Usa,7
Flushing Ave & Clermont Ave,16,3,New York,Usa,7
Bushwick Ave & Stagg St,18,1,New York,Usa,7
Longwood Ave & Southern Blvd,13,7,New York,Usa,7
Livonia Ave & Mother Gaston Blvd,13,5,New York,Usa,7
Brunswick & 6th,0,11,New York,Usa,7
E 138 St & Cypress Ave,10,10,New York,Usa,7
36 St & Hunters Point Ave,1,19,New York,Usa,7
E 142 St & 3 Ave,12,4,New York,Usa,7
E 20 St & 2 Ave,38,44,New York,Usa,7
Waldo Ave & Manhattan College Pkwy,10,9,New York,Usa,7
Grand St & Samuel Dickstein Plaza,61,15,New York,Usa,7
43 Ave & 40 St,4,14,New York,Usa,7
1 Ave & E 18 St,5,47,New York,Usa,7
Smith St & 9 St,12,8,New York,Usa,7
Frederick Douglass Blvd & W 117 St,18,14,New York,Usa,7
Amsterdam Ave & W 183 St,3,12,New York,Usa,7
St Marks Ave & Ralph Ave,0,15,New York,Usa,7
St Nicholas Ave & W 155 St,0,21,New York,Usa,7
97 St & 23 Ave,1,15,New York,Usa,7
77 St & Colonial Rd,13,1,New York,Usa,7
St Mary's St & Jackson Ave,14,0,New York,Usa,7
Wards Meadow Comfort Station,2,7,New York,Usa,7
Eastern Pkwy & St Marks Ave,15,1,New York,Usa,7
Amsterdam Ave & W 180 St,0,17,New York,Usa,7
Shore Rd & 4 Ave,4,4,New York,Usa,7
Old Fulton St,7,29,New York,Usa,7
111 St & 37 Ave,15,4,New York,Usa,7
Flushing Ave & Woodward Ave,6,13,New York,Usa,7
E 56 St & 3 Ave,15,55,New York,Usa,7
Central Ave & Starr St,16,7,New York,Usa,7
Columbus Park - Clinton St & 9 St,12,12,New York,Usa,7
24 Ave & 87 St,13,6,New York,Usa,7
Seneca Ave & Decatur St,9,8,New York,Usa,7
Eastern Pkwy & Washington Ave,13,13,New York,Usa,7
Pulaski St & Throop Ave,11,6,New York,Usa,7
McGuinness Blvd & Eagle St,24,16,New York,Usa,7
Walton Ave & E 153 St,15,0,New York,Usa,7
37 Ave & 106 St,15,1,New York,Usa,7
59 St & 59 Rd,17,2,New York,Usa,7
E 15 St & 5 Ave,3,63,New York,Usa,7
3 Ave & E 72 St,0,0,New York,Usa,7
E 23 St & FDR Dr,30,11,New York,Usa,7
Norman St & Wyckoff Ave,11,0,New York,Usa,7
Schenectady Ave & Prospect Pl,6,12,New York,Usa,7
Colonial Rd & 68 St,9,7,New York,Usa,7
Hudson Pl & Hoboken Terminal,26,1,New York,Usa,7
Pacific St & Utica Ave,3,13,New York,Usa,7
7 Ave & 62 St,19,6,New York,Usa,7
Washington Ave & Park Ave,31,2,New York,Usa,7
Grand Concourse & E 175 St,0,22,New York,Usa,7
Bailey Ave & W 229 St,13,5,New York,Usa,7
Dwight St & Van Dyke St,13,11,New York,Usa,7
University Pl & E 14 St,14,41,New York,Usa,7
Post Rd & W 251 St,0,9,New York,Usa,7
Rogers Ave & Snyder Ave,17,3,New York,Usa,7
78 St & Ridge Blvd,10,1,New York,Usa,7
Pitkin Ave & Watkins St,12,0,New York,Usa,7
Sherman Ave & E 166 St,5,11,New York,Usa,7
Park Ave & St Edwards St,41,4,New York,Usa,7
Wakeman Pl & Ridge Blvd,7,8,New York,Usa,7
St Ann's Ave & Bruckner Blvd,6,9,New York,Usa,7
Herkimer St & New York Ave,17,5,New York,Usa,7
46 Ave & Junction Blvd,14,4,New York,Usa,7
Riverside Blvd & W 67 St,0,74,New York,Usa,7
Broadway & W 53 St,6,77,New York,Usa,7
Gleane St & Britton Ave,4,15,New York,Usa,7
Dock 72 Way & Market St,3,0,New York,Usa,7
West St & Liberty St,37,0,New York,Usa,7
E 85 St & York Ave,34,10,New York,Usa,7
Riverdale Ave & W 261 St,0,8,New York,Usa,7
Varick St & Watts St,42,4,New York,Usa,7
Mother Gaston Blvd & Newport St,12,0,New York,Usa,7
38 Ave & 29 St,4,13,New York,Usa,7
Queens Blvd S & 65 Rd,9,6,New York,Usa,7
Morris Ave & E 163 St,7,11,New York,Usa,7
Featherbed Ln & Jerome Ave,13,8,New York,Usa,7
Howard St & Lafayette St,16,21,New York,Usa,7
Mets Plaza at Citi Field,0,36,New York,Usa,7
36 St & Ditmars Blvd,5,16,New York,Usa,7
Jerome Ave & Anderson Ave,4,13,New York,Usa,7
Lott Ave & Rockaway Ave,7,4,New York,Usa,7
W 53 St & 10 Ave,4,22,New York,Usa,7
E 182 St & Morris Ave,1,12,New York,Usa,7
65 Pl & Woodside Ave,3,16,New York,Usa,7
Crescent St & 34 Ave,6,16,New York,Usa,7
E Gun Hill Rd & Tryon Ave,17,2,New York,Usa,7
E 74 St & 1 Ave,78,0,New York,Usa,7
Centre St & Seneca Ave,16,5,New York,Usa,7
Somers St & Broadway,2,24,New York,Usa,7
Central Park W & W 85 St,11,25,New York,Usa,7
Central Ave & Melrose St,10,7,New York,Usa,7
E 77 St & 3 Ave,41,2,New York,Usa,7
Stuyvesant Ave & Gates Ave,14,7,New York,Usa,7
Steinway St & 28 Ave,17,7,New York,Usa,7
Cortelyou Rd & E 8 St,13,1,New York,Usa,7
South St & Gouverneur Ln,16,26,New York,Usa,7
Rogers Ave & Sterling St,4,13,New York,Usa,7
E 118 St & Madison Ave,18,9,New York,Usa,7
E 88 St & Park Ave,34,0,New York,Usa,7
Eagle St & Manhattan Ave,11,23,New York,Usa,7
E 38 St & Church Ave,19,1,New York,Usa,7
31 Ave & 84 St,6,13,New York,Usa,7
Pinehurst Ave & W 187 St,4,14,New York,Usa,7
King St & Varick St,15,17,New York,Usa,7
W 13 St & 7 Ave,8,34,New York,Usa,7
Bergen St & Kingston Ave,15,4,New York,Usa,7
Gillmore St & 27 Ave,3,13,New York,Usa,7
40 Ave & Crescent St,4,15,New York,Usa,7
Wilson Ave & Troutman St,15,10,New York,Usa,7
Wyckoff Ave & Jefferson St,20,5,New York,Usa,7
8 Ave & W 52 St,3,26,New York,Usa,7
W 18 St & 6 Ave,14,52,New York,Usa,7
35 St & 34 Ave,3,22,New York,Usa,7
Rivington St & Chrystie St,32,29,New York,Usa,7
Southern Blvd & Ave St John,13,2,New York,Usa,7
Woodside Ave & 60 St,3,12,New York,Usa,7
50 Ave & 65 St,10,7,New York,Usa,7
E 40 St & Park Ave,25,93,New York,Usa,7
Grand Ave & W Fordham Rd,6,14,New York,Usa,7
Broadway & Ellwood St,14,1,New York,Usa,7
Clifton Pl & Bedford Ave,22,0,New York,Usa,7
64 St & 3 Ave,5,30,New York,Usa,7
Adam Clayton Powell Blvd & W 115 St,11,9,New York,Usa,7
Hoe Ave & Jennings St,5,12,New York,Usa,7
61 St & 60 Ln,6,8,New York,Usa,7
Clinton St & Grand St,35,13,New York,Usa,7
Brooklyn Ave & Beverley Rd,17,0,New York,Usa,7
4 Ave & Shore Road Dr,6,11,New York,Usa,7
Forest Ave & Summerfield St,14,7,New York,Usa,7
Windsor Pl & Howard Pl,14,6,New York,Usa,7
92 St & 37 Ave,8,9,New York,Usa,7
98 St & 64 Rd,15,3,New York,Usa,7
Jackson Ave & 46 Rd,10,14,New York,Usa,7
Hancock St & Malcolm X Blvd,11,6,New York,Usa,7
York St & Marin Blvd,15,2,New York,Usa,7
Marcy Ave & Lynch St,8,15,New York,Usa,7
Margaret Corbin Plz & Ft Washington Ave,18,2,New York,Usa,7
City Hall,4,17,New York,Usa,7
Clarkson Ave & Troy Ave,18,0,New York,Usa,7
Hart St & Wyckoff Ave,6,15,New York,Usa,7
Franklin Ave & Quincy St,12,11,New York,Usa,7
99 St & 65 Rd,13,0,New York,Usa,7
Wales Ave & E 147 St,7,10,New York,Usa,7
Lefferts Pl & Franklin Ave,20,2,New York,Usa,7
Southern Blvd & E 172 St,1,17,New York,Usa,7
Kingston Ave & E New York Ave,9,6,New York,Usa,7
E 24 St & Park Ave S,66,7,New York,Usa,7
Gold St & Frankfort St,36,0,New York,Usa,7
Orchard St & Grand St,32,9,New York,Usa,7
Butler St & Court St,18,13,New York,Usa,7
Newtown Ave & 23 St,6,19,New York,Usa,7
Park Ave & Marcus Garvey Blvd,18,0,New York,Usa,7
23 Ave & 83 St,9,7,New York,Usa,7
W 22 St & 10 Ave,18,57,New York,Usa,7
E 184 St & 3 Ave,5,7,New York,Usa,7
Warren St & W Broadway,70,0,New York,Usa,7
Central Park W & W 72 St,22,28,New York,Usa,7
Grand Concourse & E 203 St,13,13,New York,Usa,7
49 St & 31 Ave,6,11,New York,Usa,7
N 9 St & Wythe Ave,7,41,New York,Usa,7
Church St & Worth St,28,17,New York,Usa,7
Columbus Ave & W 95 St,9,27,New York,Usa,7
Lexington Ave & Stuyvesant Ave,7,10,New York,Usa,7
E 16 St & 5 Ave,13,46,New York,Usa,7
Mallory Ave & Roosevelt Ave,6,7,New York,Usa,7
Hull Ave & E Gun Hill Rd,10,4,New York,Usa,7
Colonial Rd & 83 St,11,2,New York,Usa,7
Baldwin at Montgomery,2,8,New York,Usa,7
35 Ave & 37 St,11,9,New York,Usa,7
E 20 St & FDR Dr,4,69,New York,Usa,7
Loring Pl North & W 183 St,2,12,New York,Usa,7
8 Ave & W 38 St,6,57,New York,Usa,7
Dawson St & Intervale Ave,5,11,New York,Usa,7
Queens Blvd S & Yellowstone Blvd,21,3,New York,Usa,7
President St & 4 Ave,24,1,New York,Usa,7
Ave C & E 16 St,5,43,New York,Usa,7
Thomas S. Boyland St & Marion St,12,5,New York,Usa,7
10 St & 5 Ave,4,0,New York,Usa,7
Kent St & McGuinness Blvd,20,0,New York,Usa,7
St Johns Pl & Howard Ave,5,16,New York,Usa,7
Mount Eden Pkwy & Eastburn Ave,2,11,New York,Usa,7
Ocean Ave & New St,4,8,New York,Usa,7
31 Ave & Crescent St,3,16,New York,Usa,7
W 20 St & 10 Ave,0,45,New York,Usa,7
E 11 St & 3 Ave,28,51,New York,Usa,7
Ave D & E 8 St,18,10,New York,Usa,7
Frederick Douglass Blvd & W 129 St,14,11,New York,Usa,7
Brooklyn Ave & Lefferts Ave,19,1,New York,Usa,7
Clarkson Ave & Nostrand Ave,24,0,New York,Usa,7
Academy St & Nagle Ave,17,2,New York,Usa,7
Henry St & Degraw St,6,16,New York,Usa,7
Schenectady Ave & Cortelyou Rd,21,0,New York,Usa,7
6 Ave & W 45 St,56,7,New York,Usa,7
112 St & 67 Rd,14,3,New York,Usa,7
20 Ave & 38 St,15,13,New York,Usa,7
W 204 St & Vermilyea Ave,18,2,New York,Usa,7
Marcy Ave & Rutledge St,3,16,New York,Usa,7
Broadway & Kosciuszko St,14,11,New York,Usa,7
Arlington Ave & Bramhall Ave,4,14,New York,Usa,7
62 Dr & 97 Pl,17,0,New York,Usa,7
W 34 St & 11 Ave,64,15,New York,Usa,7
57 St & Grand Ave,17,0,New York,Usa,7
Grand Concourse & E 167 St,1,24,New York,Usa,7
E 16 St & Irving Pl,1,74,New York,Usa,7
Marcy Ave & Hart St,6,12,New York,Usa,7
McKibbin St & Manhattan Ave,10,10,New York,Usa,7
George St & Wilson Ave,16,0,New York,Usa,7
W 107 St & Columbus Ave,0,22,New York,Usa,7
W 52 St & 5 Ave,52,5,New York,Usa,7
Madison Ave & E 82 St,18,14,New York,Usa,7
Seneca Ave & Irvine St,5,11,New York,Usa,7
W 230 St & Marble Hill Ave,17,2,New York,Usa,7
Peck Slip & South St,37,3,New York,Usa,7
Pier 61 at Chelsea Piers,32,5,New York,Usa,7
River Ave & McClellan St,9,6,New York,Usa,7
Woodlawn Ave & Sterling Ave,10,5,New York,Usa,7
William St & Pine St,35,18,New York,Usa,7
3 Ave & Wakeman Pl,11,12,New York,Usa,7
Manhattan Ave & Devoe St,16,7,New York,Usa,7
Grand Concourse & E 166 St,1,18,New York,Usa,7
48 Ave & 5 St,68,10,New York,Usa,7
Webster Ave & E 166 St,14,3,New York,Usa,7
96 St & Northern Blvd,4,15,New York,Usa,7
W 106 St & Amsterdam Ave,0,29,New York,Usa,7
Newport PATH,12,5,New York,Usa,7
E Mosholu Pkwy & E 204 St,8,9,New York,Usa,7
E 16 St & Cortelyou Rd,20,2,New York,Usa,7
39 Ave & 56 St,4,11,New York,Usa,7
37 St & 24 Ave,5,12,New York,Usa,7
E 47 St & 1 Ave,14,53,New York,Usa,7
Sullivan St & Washington Sq,11,40,New York,Usa,7
57 St & 4 Ave,5,9,New York,Usa,7
Bialystoker Pl & Delancey St,19,12,New York,Usa,7
Henry St & Grand St,3,30,New York,Usa,7
Pioneer St & Van Brunt St,8,30,New York,Usa,7
Murray St & Greenwich St,47,0,New York,Usa,7
E 60 St & York Ave,19,13,New York,Usa,7
Dahill Rd & 12 Ave,15,2,New York,Usa,7
Waterbury St & Stagg St,9,9,New York,Usa,7
62 Ave & Queens Blvd,18,1,New York,Usa,7
E 58 St & Madison Ave,60,0,New York,Usa,7
24 St & 5 Ave,11,3,New York,Usa,7
Broadway & W 29 St,12,82,New York,Usa,7
E 171 St & Webster Ave,2,16,New York,Usa,7
E 48 St & 5 Ave,48,4,New York,Usa,7
Fulton St & Irving Pl,5,21,New York,Usa,7
W 163 St & Edgecombe Ave,1,18,New York,Usa,7
39 Ave & 54 St,3,16,New York,Usa,7
Kosciuszko St & Tompkins Ave,3,11,New York,Usa,7
60 Pl & Linden St,16,4,New York,Usa,7
Grand Ave & 55 St,10,8,New York,Usa,7
E 7 St & Ave C,19,18,New York,Usa,7
Fort Washington Ave & W 183 St,0,29,New York,Usa,7
Wyckoff Ave & Stanhope St,17,2,New York,Usa,7
E 89 St & York Ave,19,11,New York,Usa,7
Clinton St & Cherry St,35,7,New York,Usa,7
E 53 St & Madison Ave,46,0,New York,Usa,7
48 Ave & 41 St,2,13,New York,Usa,7
Spring St & Hudson St,10,37,New York,Usa,7
3 Ave & Carroll St,23,0,New York,Usa,7
David Sheridan Plaza & Broadway,5,8,New York,Usa,7
Broadway & E 21 St,21,27,New York,Usa,7
W 56 St & 6 Ave,34,15,New York,Usa,7
Crotona Ave & Crotona Park N,4,7,New York,Usa,7
Broadway & W 251 St,12,6,New York,Usa,7
6 Ave & 55 St,7,9,New York,Usa,7
4 Ave & 81 St,12,2,New York,Usa,7
River Ter & Warren St,59,2,New York,Usa,7
Forsyth St & Grand St,33,28,New York,Usa,7
W 218 St & Indian Rd,15,4,New York,Usa,7
Bedford Ave & S 9 St,4,18,New York,Usa,7
78 St & Northern Blvd,17,21,New York,Usa,7
Blake Ave & Hinsdale St,4,3,New York,Usa,7
Prospect Pl & Nostrand Ave,6,14,New York,Usa,7
Westchester Ave & Jackson Ave,11,6,New York,Usa,7
E 82 St & East End Ave,14,16,New York,Usa,7
E 141 St & St Ann's Ave,17,2,New York,Usa,7
Broadway & 51 St,26,0,New York,Usa,7
Chauncey St & Malcolm X Blvd,7,11,New York,Usa,7
68 St & 4 Ave,9,4,New York,Usa,7
E 169 St & Fox St,12,5,New York,Usa,7
Knickerbocker Ave & Hancock St,8,11,New York,Usa,7
Rogers Ave & Lenox Rd,12,5,New York,Usa,7
W 35 St & 9 Ave,3,23,New York,Usa,7
Barbey St & Fulton St,10,1,New York,Usa,7
Davidson Ave & W Burnside Ave,22,9,New York,Usa,7
Marcy Ave & Lafayette Ave,20,2,New York,Usa,7
Wyckoff Ave & Cooper Ave,0,17,New York,Usa,7
Woodhaven Blvd & Hoffman Dr,27,2,New York,Usa,7
Liberty Ave & Sackman St,8,3,New York,Usa,7
11 St & Washington St,1,22,New York,Usa,7
W 13 St & 5 Ave,9,31,New York,Usa,7
E 21 St & Church Ave,16,3,New York,Usa,7
Columbus Pl & Atlantic Ave,6,12,New York,Usa,7
Warren St & Roosevelt Ave,5,14,New York,Usa,7
Madison St & Malcolm X Blvd,16,9,New York,Usa,7
W 100 St & Manhattan Ave,0,34,New York,Usa,7
W 46 St & 11 Ave,10,12,New York,Usa,7
Fairmount Pl & Prospect Ave,3,7,New York,Usa,7
E 205 St & Webster Ave,5,10,New York,Usa,7
Cleveland St & Liberty Ave,5,4,New York,Usa,7
20 Ave & 42 St,12,6,New York,Usa,7
Livonia Ave & Van Sinderen Ave,0,18,New York,Usa,7
Schenectady Ave & Maple St,13,1,New York,Usa,7
Fresh Pond Rd & Flushing Ave,14,4,New York,Usa,7
32 Ave & 84 St,3,14,New York,Usa,7
60 Ave & Junction Blvd,24,1,New York,Usa,7
7 St & Monroe St,9,12,New York,Usa,7
Lenox Ave & W 126 St,29,15,New York,Usa,7
Macombs Rd & W 175 St,0,17,New York,Usa,7
Bergen St & Buffalo Ave,0,20,New York,Usa,7
Ocean Pkwy & Ave C,7,3,New York,Usa,7
3 Ave & E 172 St,18,0,New York,Usa,7
Greene Ave & Myrtle Ave,25,5,New York,Usa,7
64 St & 53 Dr,15,0,New York,Usa,7
Sharon St & Olive St,15,7,New York,Usa,7
Cedar St & Evergreen Ave,19,5,New York,Usa,7
Bainbridge Ave & Bedford Park Blvd,1,17,New York,Usa,7
Kent Ave & N 3 St,18,37,New York,Usa,7
33 St & 47 Ave,5,16,New York,Usa,7
Southwest Park - Jackson St & Observer Hwy,1,20,New York,Usa,7
Henry St & Remsen St,21,1,New York,Usa,7
Bedford Ave & Beverley Rd,17,2,New York,Usa,7
E 170 St & Sheridan Ave,1,25,New York,Usa,7
Degraw St & Smith St,7,18,New York,Usa,7
Front St & Washington St,45,6,New York,Usa,7
37 Ave & 113 St,26,3,New York,Usa,7
Ocean Ave & Crooke Ave,22,0,New York,Usa,7
Court St & Huntington St,26,6,New York,Usa,7
W 116 St & Broadway,4,35,New York,Usa,7
W Tremont Ave & Matthewson Rd,12,6,New York,Usa,7
E 128 St & Madison Ave,10,8,New York,Usa,7
Valentine Ave & E 181 St,9,9,New York,Usa,7
Macon St & Nostrand Ave,19,0,New York,Usa,7
Atlantic Ave & Snediker Ave,4,15,New York,Usa,7
5 Ave & E 135 St,11,7,New York,Usa,7
4 Ave & 94 St,14,0,New York,Usa,7
Butler St & 27 Ave,16,0,New York,Usa,7
Macombs Rd & Featherbed Ln,8,8,New York,Usa,7
30 Ave & 41 St,17,2,New York,Usa,7
Tompkins Ave & Hopkins St,17,0,New York,Usa,7
Menahan St & Onderdonk Ave,10,7,New York,Usa,7
Sterling St & Nostrand Ave,16,5,New York,Usa,7
7 Ave & 17 St,17,1,New York,Usa,7
W 50 St & 9 Ave,2,26,New York,Usa,7
E Houston St & Columbia St,43,4,New York,Usa,7
Fulton St & Utica Ave,12,2,New York,Usa,7
Grand St & Elizabeth St,14,29,New York,Usa,7
Williams Ave & Pitkin Ave,4,8,New York,Usa,7
New York Ave & St Marks Ave,12,9,New York,Usa,7
Vernon Blvd & 50 Ave,38,1,New York,Usa,7
Lafayette St & Jersey St,15,34,New York,Usa,7
Bradley Ave & Greenpoint Ave,10,9,New York,Usa,7
E 25 St & 2 Ave,28,48,New York,Usa,7
W 36 St & 9 Ave,0,37,New York,Usa,7
36 Ave & 10 St,16,2,New York,Usa,7
Knolls Crescent & Kappock St,10,2,New York,Usa,7
E 49 St & Church Ave,20,2,New York,Usa,7
Graham Ave & Conselyea St,12,16,New York,Usa,7
Lispenard St & Broadway,42,31,New York,Usa,7
Paul Ave & Mosholu Pkwy,15,4,New York,Usa,7
Center Blvd & 48 Ave,16,11,New York,Usa,7
Gerard Ave & McClellan St,10,13,New York,Usa,7
Metropolitan Ave & Flushing Ave,0,14,New York,Usa,7
Lenox Ave & W 140 St,13,6,New York,Usa,7
W 147 St & Adam Clayton Powell Blvd,6,18,New York,Usa,7
E 33 St & 1 Ave,44,36,New York,Usa,7
Marble Hill Ave & W 225 St,19,0,New York,Usa,7
Madison St & Cypress Ave,4,10,New York,Usa,7
Church Ave & McDonald Ave,23,0,New York,Usa,7
23 St & 3 Ave,19,0,New York,Usa,7
E 33 St & Park Ave,16,18,New York,Usa,7
St Nicholas Terrace & Convent Ave,2,16,New York,Usa,7
Eastern Pkwy & Troy Ave,6,17,New York,Usa,7
Queens Plaza N & Crescent St,13,26,New York,Usa,7
Lenox Rd & E 43 St,20,1,New York,Usa,7
Riverdale Ave & W 254 St,7,5,New York,Usa,7
108 St & 52 Ave,25,8,New York,Usa,7
Menahan St & Central Ave,14,6,New York,Usa,7
63 Dr & 102 St,9,2,New York,Usa,7
Columbus Drive,9,4,New York,Usa,7
Church Ave & E 42 St,18,1,New York,Usa,7
8 St & Washington St,1,20,New York,Usa,7
Broadway & W 131 St,5,10,New York,Usa,7
Yellowstone Blvd & 67 Rd,6,8,New York,Usa,7
62 St & 4 Ave,1,14,New York,Usa,7
Cumberland St & Lafayette Ave,12,14,New York,Usa,7
Ditmars Blvd & 94 St,2,13,New York,Usa,7
1 Ave & E 16 St,1,45,New York,Usa,7
Kings Hwy & E 94 St,13,1,New York,Usa,7
Lexington Ave & Patchen Ave,7,9,New York,Usa,7
61 St & Laurel Hill Blvd,10,7,New York,Usa,7
4 Ave & 26 St,16,0,New York,Usa,7
W 39 St & 9 Ave,1,41,New York,Usa,7
Willow Ave & E 133 St,14,0,New York,Usa,7
Classon Ave & St Marks Ave,3,19,New York,Usa,7
Bradhurst Ave & W 148 St,11,8,New York,Usa,7
Broadway & W 48 St,74,19,New York,Usa,7
9 Ave & W 33 St,5,29,New York,Usa,7
Cortelyou Rd & Stratford Rd,12,4,New York,Usa,7
3 Ave & E 163 St,13,8,New York,Usa,7
Pike St & Monroe St,19,5,New York,Usa,7
40 Ave & 9 St,6,12,New York,Usa,7
44 St & 3 Ave,18,3,New York,Usa,7
53 St & 5 Ave,7,23,New York,Usa,7
Parade Pl & Crooke Ave,26,0,New York,Usa,7
Shore Blvd & Astoria Park,14,15,New York,Usa,7
52 St & 6 Ave,6,10,New York,Usa,7
Church Ave & Story St,15,7,New York,Usa,7
71 Ave & 110 St,18,0,New York,Usa,7
Westchester Ave & E 156 St,1,20,New York,Usa,7
34 St & 38 Ave,7,17,New York,Usa,7
65 St & 2 Ave,19,1,New York,Usa,7
Crown St & Rogers Ave,8,9,New York,Usa,7
Westchester Ave & Southern Blvd,0,14,New York,Usa,7
Dey St,8,8,New York,Usa,7
W 4 St & 7 Ave S,1,55,New York,Usa,7
35 St & 21 Ave,16,7,New York,Usa,7
63 St & 5 Ave,8,14,New York,Usa,7
42 Pl & Northern Blvd,4,19,New York,Usa,7
E 7 St & Ave A,24,20,New York,Usa,7
1 Pl & Clinton St,18,14,New York,Usa,7
W 30 St & 10 Ave,39,15,New York,Usa,7
W 22 St & 8 Ave,9,54,New York,Usa,7
Grand St & Havemeyer St,4,21,New York,Usa,7
Pershing Field,0,18,New York,Usa,7
Grand Concourse & E 164 St,0,16,New York,Usa,7
Fresh Pond Rd & 69 Ave,23,4,New York,Usa,7
Putnam Ave & Wyckoff Ave,0,17,New York,Usa,7
Frederick Douglass Blvd & W 145 St,7,18,New York,Usa,7
Bergen Ave & Sip Ave,23,8,New York,Usa,7
Washington Ave & Empire Blvd,23,0,New York,Usa,7
Bainbridge Ave & E 211 St,14,5,New York,Usa,7
3 St & 3 Ave,71,3,New York,Usa,7
Vyse Ave & E 181 St,10,10,New York,Usa,7
W 59 St & 10 Ave,69,39,New York,Usa,7
Broadway & W 165 St,3,15,New York,Usa,7
Park Ave & E 42 St,43,33,New York,Usa,7
Riverdale Ave & E 98 St,9,4,New York,Usa,7
Cortelyou Rd & Argyle Rd,22,0,New York,Usa,7
5 Corners Library,4,14,New York,Usa,7
W 27 St & 7 Ave,6,66,New York,Usa,7
60 Pl & 67 Ave,14,0,New York,Usa,7
21 Ave & Shore Blvd,7,11,New York,Usa,7
Nagle Ave & Ellwood St,16,1,New York,Usa,7
Washington Ave & Park Pl,8,23,New York,Usa,7
Ocean Pkwy & Church Ave,18,4,New York,Usa,7
Pennsylvania Ave & Pitkin Ave,3,8,New York,Usa,7
Greenpoint Ave & West St,27,5,New York,Usa,7
John St & William St,46,12,New York,Usa,7
St Nicholas Ave & Manhattan Ave,25,3,New York,Usa,7
Newark Ave,7,14,New York,Usa,7
Corona Ave & 102 St,19,1,New York,Usa,7
Linden Blvd & Rockaway Pkwy,20,0,New York,Usa,7
MacDougal St & Rockaway Ave,6,12,New York,Usa,7
64 Ave & 108 St,15,0,New York,Usa,7
35 St & 30 Ave,13,13,New York,Usa,7
Herkimer St & Eastern Pkwy,0,18,New York,Usa,7
68 St & 5 Ave,8,4,New York,Usa,7
Macon St & Patchen Ave,2,16,New York,Usa,7
W 25 St & 9 Ave,2,59,New York,Usa,7
Riverside Dr & W 148 St,7,14,New York,Usa,7
21 St & 36 Ave,6,10,New York,Usa,7
Tiebout Ave & E Fordham Rd,10,18,New York,Usa,7
E 8 St & Beverley Rd,5,2,New York,Usa,7
65 St & Broadway,7,11,New York,Usa,7
W 225 St & Exterior St,15,3,New York,Usa,7
W 211 St & 10 Ave,17,2,New York,Usa,7
Willow Ave & 12 St,8,6,New York,Usa,7
48 St & 5 Ave,24,1,New York,Usa,7
3 Ave & E 62 St,7,37,New York,Usa,7
Sherman Ave & Thayer St,16,3,New York,Usa,7
Suydam St & Broadway,22,7,New York,Usa,7
Spruce St & Nassau St,22,11,New York,Usa,7
47 Ave & 48 St,1,18,New York,Usa,7
52 St & 1 Ave,20,1,New York,Usa,7
Fulton St & Saratoga Ave,8,11,New York,Usa,7
Lorimer St & Calyer St,11,8,New York,Usa,7
62 St & Northern Blvd,10,15,New York,Usa,7
Graham Ave & Grand St,22,4,New York,Usa,7
21 St & 38 Ave,2,14,New York,Usa,7
48 St & Skillman Ave,9,11,New York,Usa,7
69 St & 38 Ave,7,15,New York,Usa,7
Shore Rd & 97 St,10,2,New York,Usa,7
Grand Ave & Remsen Pl,14,5,New York,Usa,7
Murray St & West St (NE Corner),59,0,New York,Usa,7
Amsterdam Ave & W 131 St,6,9,New York,Usa,7
Powell St & Blake Ave,14,0,New York,Usa,7
Amsterdam Ave & W 119 St,5,19,New York,Usa,7
India St & Manhattan Ave,38,10,New York,Usa,7
E 76 St & Park Ave,10,10,New York,Usa,7
2 Ave & E 122 St,14,5,New York,Usa,7
Columbus Ave & W 103 St,0,39,New York,Usa,7
Judge St & Britton Ave,6,15,New York,Usa,7
Richardson St & N Henry St,5,17,New York,Usa,7
E 44 St & 2 Ave,2,33,New York,Usa,7
Walton Ave & E 168 St,9,7,New York,Usa,7
31 Ave & 34 St,3,17,New York,Usa,7
Irving Ave & DeKalb Ave,0,25,New York,Usa,7
E 65 St & 2 Ave,27,20,New York,Usa,7
23 Ave & 31 St,26,0,New York,Usa,7
28 Ave & 44 St,3,14,New York,Usa,7
1 Ave & E 62 St,13,30,New York,Usa,7
42 St & 1 Ave,17,0,New York,Usa,7
3 Ave & 77 St,13,3,New York,Usa,7
Powell St & Belmont Ave,10,2,New York,Usa,7
Boston Rd & West Farms Rd,14,7,New York,Usa,7
Leonard Gordon Park,2,11,New York,Usa,7
W 19 St & 11 Ave,22,33,New York,Usa,7
5 Ave & E 103 St,35,1,New York,Usa,7
White St & Moore St,19,1,New York,Usa,7
21 Ave & 80 St,16,2,New York,Usa,7
Johnson St & Gold St,28,8,New York,Usa,7
24 Ave & 29 St,30,13,New York,Usa,7
Myrtle Ave & Fleet Pl,10,34,New York,Usa,7
Amsterdam Ave & W 167 St,12,10,New York,Usa,7
Morgan Ave & Maspeth Ave,13,9,New York,Usa,7
Kingston Ave & Carroll St,0,15,New York,Usa,7
Dumont Ave & New Jersey Ave,6,6,New York,Usa,7
W 110 St & Amsterdam Ave,2,37,New York,Usa,7
Morris Ave & E 171 St,2,17,New York,Usa,7
Reservoir Oval E & Bainbridge Ave,14,0,New York,Usa,7
71 St & 32 Ave,12,7,New York,Usa,7
41 St & 3 Ave,18,0,New York,Usa,7
W 146 St & Broadway,0,23,New York,Usa,7
Culver Ave & JFK Blvd,12,3,New York,Usa,7
West End Ave & W 107 St,0,27,New York,Usa,7
7 Ave & W 55 St,26,36,New York,Usa,7
Borden Ave & Review Ave,14,5,New York,Usa,7
W 20 St & 7 Ave,8,35,New York,Usa,7
E 171 St & 3 Ave,2,17,New York,Usa,7
E 51 St & Linden Blvd,14,1,New York,Usa,7
Graham Ave & Herbert St,16,8,New York,Usa,7
New York Ave & Hawthorne St,20,0,New York,Usa,7
65 St & Otto Rd,6,12,New York,Usa,7
Union St,13,3,New York,Usa,7
Colonial Rd & 89 St,7,3,New York,Usa,7
21 St & 4 Ave,18,0,New York,Usa,7
W 140 St & Riverside Dr,3,17,New York,Usa,7
Greenpoint Ave & Monitor St,14,5,New York,Usa,7
Prospect Ave & Jennings St,10,10,New York,Usa,7
Mama Johnson Field - 4 St & Jackson St,7,12,New York,Usa,7
E 54 St & Linden Blvd,5,2,New York,Usa,7
8 Ave & W 16 St,1,0,New York,Usa,7
Mt Morris Park W & W 120 St,14,8,New York,Usa,7
Jerome Ave & W 177 St,10,18,New York,Usa,7
River St & 1 St,8,0,New York,Usa,7
Longfellow Ave & E 165 St,12,8,New York,Usa,7
Hudson Blvd W & W 36 St,16,22,New York,Usa,7
Corona Ave & 98 St,11,7,New York,Usa,7
Clarkson Ave & E 40 St,30,0,New York,Usa,7
Broadway & W 36 St,3,56,New York,Usa,7
Clermont Ave & Lafayette Ave,17,30,New York,Usa,7
30 St & 4 Ave,11,0,New York,Usa,7
W 218 St & Broadway,6,17,New York,Usa,7
Amsterdam Ave & W 66 St,14,11,New York,Usa,7
E 2 St & 2 Ave,61,20,New York,Usa,7
Gramercy Park N & Gramercy Park E,12,33,New York,Usa,7
Bergen St & Flatbush Ave,9,15,New York,Usa,7
Albemarle Rd & E 21 St,13,2,New York,Usa,7
Water St & Gouverneur Ln,33,0,New York,Usa,7
Ferris Triangle Park,8,4,New York,Usa,7
Park Pl & Utica Ave,1,16,New York,Usa,7
E 70 St & Madison Ave,11,29,New York,Usa,7
Willis Ave & E 143 St,19,0,New York,Usa,7
W 50 St & 10 Ave,25,27,New York,Usa,7
Meserole Ave & Manhattan Ave,22,1,New York,Usa,7
2 St & Park Ave,2,13,New York,Usa,7
Featherbed Ln & Nelson Ave,0,20,New York,Usa,7
E 5 St & Cooper Sq,9,37,New York,Usa,7
E 84 St & Park Ave,36,7,New York,Usa,7
Sutter Ave & Junius St,8,7,New York,Usa,7
67 Ave & Fresh Pond Rd,26,0,New York,Usa,7
Valentine Ave & E 183 St,3,16,New York,Usa,7
E 123 St & Lexington Ave,7,20,New York,Usa,7
71 Ave & Myrtle Ave,7,20,New York,Usa,7
Crescent St & Broadway,11,7,New York,Usa,7
Anthony Ave & E 175 St,1,14,New York,Usa,7
Rockaway Pkwy & Rutland Rd,15,0,New York,Usa,7
53 St & Flushing Ave,2,13,New York,Usa,7
Bedford Ave & Nassau Ave,21,27,New York,Usa,7
E 33 St & 5 Ave,11,41,New York,Usa,7
62 St & 34 Ave,11,11,New York,Usa,7
Herzl St & Newport St,11,0,New York,Usa,7
Riverside Dr & W 72 St,4,36,New York,Usa,7
E 43 St & Madison Ave,0,0,New York,Usa,7
Hunts Point Ave & Bryant Ave,9,8,New York,Usa,7
Bank St & Washington St,2,24,New York,Usa,7
104 St & 32 Ave,0,19,New York,Usa,7
Sterling Pl & Classon Ave,7,17,New York,Usa,7
Norman Ave & Leonard St,18,3,New York,Usa,7
Madison St & Montgomery St,14,4,New York,Usa,7
43 St & 50 Ave,11,6,New York,Usa,7
62 Dr & 110 St,8,3,New York,Usa,7
E 138 St & Park Ave,8,8,New York,Usa,7
Lafayette Ave & St James Pl,29,8,New York,Usa,7
Crotona Ave & E Fordham Rd,13,4,New York,Usa,7
Arthur Ave & E Tremont Ave,7,5,New York,Usa,7
4 Ave & E 12 St,3,30,New York,Usa,7
Van Cortlandt Park S & Dickinson Ave,8,14,New York,Usa,7
Pulaski St & Marcus Garvey Blvd,7,10,New York,Usa,7
Clarkson Ave & Utica Ave,12,2,New York,Usa,7
Adam Clayton Powell Blvd & W 126 St,8,20,New York,Usa,7
86 St & 37 Ave,5,17,New York,Usa,7
43 St & Broadway,3,17,New York,Usa,7
3 St & 7 Ave,21,0,New York,Usa,7
Carroll St & Franklin Ave,1,14,New York,Usa,7
Broadway & W 142 St,2,18,New York,Usa,7
Broadway & Furman Ave,9,17,New York,Usa,7
3 Ave & E 112 St,18,3,New York,Usa,7
River Ave & E 151 St,20,0,New York,Usa,7
72 St & Woodside Ave,13,5,New York,Usa,7
32 Ave & 75 St,7,12,New York,Usa,7
Fairview Ave & Linden St,11,7,New York,Usa,7
W 36 St & 7 Ave,1,31,New York,Usa,7
E 53 St & 3 Ave,19,20,New York,Usa,7
Austin St & 76 Ave,10,1,New York,Usa,7
Prospect Ave & Longwood Ave,24,2,New York,Usa,7
Washington Ave & E 174 St,14,2,New York,Usa,7
White St & Johnson Ave,20,2,New York,Usa,7
Vernon Blvd & 47 Rd,27,1,New York,Usa,7
Stegman St & Ocean Ave,7,9,New York,Usa,7
Washington Pl & Broadway,19,3,New York,Usa,7
Isham St & Broadway,25,2,New York,Usa,7
Amsterdam Ave & W 156 St,1,22,New York,Usa,7
12 Ave & W 40 St,4,65,New York,Usa,7
Pacific St & Thomas S. Boyland St,2,15,New York,Usa,7
W Broadway & W Houston St,30,19,New York,Usa,7
Eames Pl & Claflin Ave,3,13,New York,Usa,7
Skillman Ave & 54 St,3,13,New York,Usa,7
Brook Ave & E 157 St,0,19,New York,Usa,7
34 Ave & Vernon Blvd,18,11,New York,Usa,7
Henry Hudson Pkwy E & W 231 St,4,7,New York,Usa,7
46 St & 7 Ave,17,3,New York,Usa,7
45 Rd & 11 St,8,13,New York,Usa,7
Garfield Light Rail,6,6,New York,Usa,7
Jerome Ave & W Fordham Rd,6,17,New York,Usa,7
Rugby Rd & Beverley Rd,23,0,New York,Usa,7
Caven Point Recreation Fields,9,4,New York,Usa,7
Troy Ave & Park Pl,9,8,New York,Usa,7
Madison Ave & E 26 St,35,33,New York,Usa,7
Adam Clayton Powell Blvd & W 118 St,6,14,New York,Usa,7
University Ave & W Burnside Ave,21,2,New York,Usa,7
W 31 St & 7 Ave,4,75,New York,Usa,7
Bradford St & Sutter Ave,2,10,New York,Usa,7
Arthur Ave & E 183 St,11,12,New York,Usa,7
W 70 St & Amsterdam Ave,3,34,New York,Usa,7
Carroll St & Bond St,11,7,New York,Usa,7
Putnam Ave & Knickerbocker Ave,1,21,New York,Usa,7
Queens Blvd S & 76 Rd,17,1,New York,Usa,7
Broadway & W 238 St,22,4,New York,Usa,7
97 St & 57 Ave,17,2,New York,Usa,7
Macon St & Howard Ave,9,9,New York,Usa,7
68 Dr & 112 St,9,1,New York,Usa,7
Parkside Ave & Parade Pl,16,2,New York,Usa,7
Cortelyou Rd & E 19 St,12,4,New York,Usa,7
Hughes Ave & Oak Tree Pl,12,8,New York,Usa,7
Motorgate,32,1,New York,Usa,7
Sedgwick Ave & Hillman Ave,1,19,New York,Usa,7
Prospect Pl & Vanderbilt Ave,4,22,New York,Usa,7
71 St & 37 Ave,2,21,New York,Usa,7
St Marks Pl & 1 Ave,29,38,New York,Usa,7
Broadway & W 220 St,15,2,New York,Usa,7
Huron St & Franklin St,26,7,New York,Usa,7
Lewis Ave & Decatur St,7,8,New York,Usa,7
E 3 St & 1 Ave,34,21,New York,Usa,7
Bedford Ave & Montgomery St,7,15,New York,Usa,7
Sutter Ave & Grafton St,14,0,New York,Usa,7
W 145 St & Amsterdam Ave,3,20,New York,Usa,7
Park Ave & E 124 St,5,27,New York,Usa,7
Winthrop St & Nostrand Ave,23,0,New York,Usa,7
E 22 St & 2 Ave,20,25,New York,Usa,7
Boerum St & Broadway,11,5,New York,Usa,7
1 Ave & E 68 St,49,15,New York,Usa,7
Grand Army Plaza & Plaza St West,3,33,New York,Usa,7
Broadway & W 192 St,8,10,New York,Usa,7
78 Ave & Queens Blvd S,26,0,New York,Usa,7
4 Ave & 72 St,8,2,New York,Usa,7
34 St & 48 Ave,20,5,New York,Usa,7
Vernon Blvd & 10 St,21,14,New York,Usa,7
E 4 St & Ave B,14,21,New York,Usa,7
E 14 St & 1 Ave,29,4,New York,Usa,7
Pacific St & Sackman St,4,12,New York,Usa,7
31 Ave & 14 St,1,16,New York,Usa,7
Monroe St & Patchen Ave,17,1,New York,Usa,7
Ditmars Blvd & 19 St,17,8,New York,Usa,7
8 Ave & W 33 St,2,87,New York,Usa,7
Edgecombe Ave & W 150 St,1,16,New York,Usa,7
Brunswick St,8,10,New York,Usa,7
Hoyt St & Warren St,30,4,New York,Usa,7
79 St & Roosevelt Ave,0,21,New York,Usa,7
Southern Blvd & Xavier Way,5,19,New York,Usa,7
31 Ave & Steinway St,7,18,New York,Usa,7
Bailey Ave & Sedgwick Ave,4,15,New York,Usa,7
Sterling St & Bedford Ave,7,8,New York,Usa,7
W 160 St & St Nicholas Ave,2,22,New York,Usa,7
Faile St & Garrison Ave,15,1,New York,Usa,7
Hanson Pl & Ashland Pl,19,15,New York,Usa,7
E 48 St & 3 Ave,29,40,New York,Usa,7
33 St & Queens Blvd,2,18,New York,Usa,7
Leonard St & Boerum St,18,5,New York,Usa,7
E 6 St & Ave B,41,16,New York,Usa,7
100 St & Lewis Ave,19,1,New York,Usa,7
48 St & 2 Ave,15,2,New York,Usa,7
W 20 St & 8 Ave,10,70,New York,Usa,7
Roebling St & N 4 St,12,8,New York,Usa,7
43 St & 23 Ave,15,5,New York,Usa,7
Emerson Pl & Myrtle Ave,31,23,New York,Usa,7
Henry St & W 9 St,15,1,New York,Usa,7
90 St & 32 Ave,1,17,New York,Usa,7
Eastern Pkwy & Schenectady Ave,6,12,New York,Usa,7
81 St & 24 Ave,8,8,New York,Usa,7
E 51 St & 2 Ave,8,47,New York,Usa,7
Ithaca St & Baxter Ave,1,20,New York,Usa,7
Central Park W & W 91 St,15,32,New York,Usa,7
Shea Rd & Boat Basin Pl,1,27,New York,Usa,7
Jersey & 6th St,6,7,New York,Usa,7
Fort Washington Ave & W 173 St,3,19,New York,Usa,7
Madison St & Clinton St,33,4,New York,Usa,7
37 Ave & 35 St,10,15,New York,Usa,7
Arion Pl & Broadway,14,1,New York,Usa,7
28 St & 36 Ave,3,24,New York,Usa,7
N 12 St & Bedford Ave,11,35,New York,Usa,7
6 Ave & 78 St,9,3,New York,Usa,7
9 Ave & W 22 St,8,68,New York,Usa,7
9 St & 44 Rd,27,3,New York,Usa,7
St Marks Ave & Thomas S. Boyland St,8,7,New York,Usa,7
Lewis Ave & Greene Ave,11,8,New York,Usa,7
West Side Ave & Stegman Pkwy,15,1,New York,Usa,7
E 178 St & Monterey Ave,2,17,New York,Usa,7
Jerome Ave & E 198 St,10,8,New York,Usa,7
Monroe St & Classon Ave,8,5,New York,Usa,7
5 Ave & E 87 St,32,3,New York,Usa,7
Macon St & Lewis Ave,2,16,New York,Usa,7
Nelson Ave & W 172 St,0,11,New York,Usa,7
Rockaway Pkwy & Church Ave,19,0,New York,Usa,7
Christopher Ave & Sutter Ave,13,4,New York,Usa,7
W 82 St & Central Park W,12,28,New York,Usa,7
3 Ave & E Tremont Ave,17,6,New York,Usa,7
E New York Ave & Troy Ave,13,2,New York,Usa,7
E 11 St & Ave B,35,27,New York,Usa,7
99 St & 38 Ave,1,24,New York,Usa,7
Steinway St & Broadway,5,21,New York,Usa,7
E 2 St & Ave A,46,16,New York,Usa,7
Myrtle Ave & Linden St,1,21,New York,Usa,7
Nostrand Ave & Rutland Rd,15,3,New York,Usa,7
Park Pl & Vanderbilt Ave,1,14,New York,Usa,7
Van Cleef St & 108 St,16,3,New York,Usa,7
W 47 St & 10 Ave,3,35,New York,Usa,7
Atlantic Ave & Furman St,31,19,New York,Usa,7
28 Ave & 35 St,10,13,New York,Usa,7
40 St & Queens Blvd,12,9,New York,Usa,7
1 Ave & E 38 St,18,18,New York,Usa,7
Prospect Pl & Howard Ave,0,17,New York,Usa,7
Johnson Ave & W 235 St,1,11,New York,Usa,7
5 St & 51 Ave,20,1,New York,Usa,7
Putnam Ave & Nostrand Ave,10,3,New York,Usa,7
Sands St Gate,16,0,New York,Usa,7
28 St & 41 Ave,13,13,New York,Usa,7
Boston Rd & Prospect Ave,2,14,New York,Usa,7
41 Ave & 67 St,10,5,New York,Usa,7
Roosevelt Ave & 104 St,21,0,New York,Usa,7
Boston Rd & E 167 St,1,19,New York,Usa,7
Kingsland Ave & Nassau Ave,23,15,New York,Usa,7
National St & 45 Ave,19,2,New York,Usa,7
Windsor Pl & 8 Ave,10,8,New York,Usa,7
South Waterfront Walkway - Sinatra Dr & 1 St,0,18,New York,Usa,7
Schenck Ave & Liberty Ave,5,5,New York,Usa,7
63 St & Borden Ave,20,0,New York,Usa,7
Clark St & Henry St,11,26,New York,Usa,7
31 St & 21 Ave,21,6,New York,Usa,7
Grand Concourse & E 156 St,2,12,New York,Usa,7
W 37 St & 5 Ave,10,45,New York,Usa,7
3 Ave & E 169 St,0,17,New York,Usa,7
Old Broadway & W 133 St,6,12,New York,Usa,7
Lafayette Ave & Stuyvesant Ave,14,6,New York,Usa,7
Brooklyn Ave & Prospect Pl,20,4,New York,Usa,7
Ditmas Ave & McDonald Ave,16,1,New York,Usa,7
73 St & Ridge Blvd,9,6,New York,Usa,7
Kent Ave & Grand St,7,30,New York,Usa,7
Rockaway Pkwy & Winthrop St,12,1,New York,Usa,7
Clinton St & Union St,23,14,New York,Usa,7
5 Ave & W 139 St,9,10,New York,Usa,7
Lexington Ave & E 36 St,0,15,New York,Usa,7
60 St & 37 Ave,6,9,New York,Usa,7
W 231 St & Tibbett Ave,13,0,New York,Usa,7
25 Ave & 85 St,4,6,New York,Usa,7
Pleasant Ave & E 116 St,19,3,New York,Usa,7
Fort Hamilton Pkwy & 95 St,12,1,New York,Usa,7
Metropolitan Ave & Vandervoort Ave,12,10,New York,Usa,7
Concourse Village East & E 158 St,6,15,New York,Usa,7
Fort Hamilton Pkwy & 92 St,13,0,New York,Usa,7
Queens Blvd N & 71 Ave,29,0,New York,Usa,7
Palmetto St & Traffic Ave,10,10,New York,Usa,7
W 40 St & 7 Ave,1,37,New York,Usa,7
Irving Ave & Jefferson St,0,17,New York,Usa,7
36 Ave & 31 St,1,25,New York,Usa,7
W 160 St & Riverside Dr,1,17,New York,Usa,7
E 51 St & Lexington Ave,22,48,New York,Usa,7
Lafayette St & Grand St,23,53,New York,Usa,7
Dumont Ave & Barbey St,3,9,New York,Usa,7
City Hall - Washington St & 1 St,1,7,New York,Usa,7
E 138 St & 5 Ave,15,5,New York,Usa,7
Wyckoff St & 3 Ave,13,6,New York,Usa,7
Wallabout St & Kent Ave,2,18,New York,Usa,7
Grand Concourse & E Mosholu Pkwy S,4,15,New York,Usa,7
Sterling Pl & New York Ave,17,7,New York,Usa,7
Broadway & W 168 St,21,8,New York,Usa,7
E 10 St & 2 Ave,15,20,New York,Usa,7
Linden Blvd & Church Ave,15,0,New York,Usa,7
E 12 St & 3 Ave,0,62,New York,Usa,7
Cauldwell Ave & E 158 St,4,14,New York,Usa,7
Decatur Ave & Oliver Pl,8,14,New York,Usa,7
Maiden Ln & Pearl St,24,0,New York,Usa,7
Thomas S. Boyland St & Macon St,10,7,New York,Usa,7
Leonard St & Nassau Ave,20,14,New York,Usa,7
Lenox Rd & Remsen Ave,14,0,New York,Usa,7
Plaza St East & Flatbush Ave,1,57,New York,Usa,7
W Broadway & Watts St,24,21,New York,Usa,7
W 111 St & 5 Ave,9,7,New York,Usa,7
Lexington Ave & E 111 St,20,4,New York,Usa,7
8 Ave & W 31 St,0,80,New York,Usa,7
E 141 St & Jackson Ave,13,3,New York,Usa,7
Bushwick Ave & Harman St,16,6,New York,Usa,7
21 St & 23 Ave,14,5,New York,Usa,7
49 Ave & 21 St,10,9,New York,Usa,7
Osborn St & Linden Blvd,1,6,New York,Usa,7
E 188 St & Hughes Ave,14,4,New York,Usa,7
Newton Rd & 44 St,6,8,New York,Usa,7
Melrose Ave & E 154 St,4,8,New York,Usa,7
7 Ave S & Bleecker St,22,59,New York,Usa,7
Summerfield St & Cypress Ave,7,8,New York,Usa,7
Broadway & Madison St,20,2,New York,Usa,7
E 169 St & Webster Ave,2,19,New York,Usa,7
Cypress Ave & George St,9,9,New York,Usa,7
Marion Ave & Mosholu Pkwy,8,10,New York,Usa,7
W 51 St & 6 Ave,77,1,New York,Usa,7
Patchen Ave & Bainbridge St,1,17,New York,Usa,7
1 Ave & E 6 St,31,57,New York,Usa,7
11 St & 44 Rd,5,17,New York,Usa,7
104 St & Northern Blvd,15,5,New York,Usa,7
Tyler Ave & Maurice Ave,18,0,New York,Usa,7
E New York Ave & Utica Ave,13,5,New York,Usa,7
11 Ave & Prospect Ave,15,3,New York,Usa,7
Central Park W & W 97 St,22,31,New York,Usa,7
Crescent Ave & Belmont Ave,7,16,New York,Usa,7
Bronx Shore Comfort Station,15,7,New York,Usa,7
Willoughby St & Fleet St,28,23,New York,Usa,7
Nassau Ave & Newell St,37,11,New York,Usa,7
Madison Ave & E 120 St,19,8,New York,Usa,7
W 148 St & Amsterdam Ave,0,23,New York,Usa,7
43 Ave & 111 St,9,10,New York,Usa,7
DeKalb Ave & Hudson Ave,66,3,New York,Usa,7
St Johns Pl & Utica Ave,4,14,New York,Usa,7
Verona Pl & Fulton St,10,0,New York,Usa,7
Smith St & 3 St,20,5,New York,Usa,7
34 Ave & 45 St,1,17,New York,Usa,7
5 St & 6 Ave,16,6,New York,Usa,7
Goble Pl & Macombs Rd,17,1,New York,Usa,7
W 186 St & St Nicholas Ave,7,18,New York,Usa,7
Albany Ave & Carroll St,8,8,New York,Usa,7
Metropolitan Ave & 65 Ln,10,9,New York,Usa,7
Jefferson Ave & Evergreen Ave,11,4,New York,Usa,7
E 72 St & Park Ave,18,19,New York,Usa,7
University Ave & Morton Pl,12,5,New York,Usa,7
Rogers Pl & E 165 St,8,10,New York,Usa,7
Southern Blvd & E 149 St,14,11,New York,Usa,7
St Johns Pl & Washington Ave,0,27,New York,Usa,7
Berry St & N 8 St,9,11,New York,Usa,7
College Ave & E 170 St,0,23,New York,Usa,7
Steinway St & Ditmars Blvd,4,14,New York,Usa,7
Amsterdam Ave & W 73 St,16,37,New York,Usa,7
Mother Gaston Blvd & Glenmore Ave,13,0,New York,Usa,7
Garfield Pl & 8 Ave,8,14,New York,Usa,7
Richard St Light Rail,5,11,New York,Usa,7
W 133 St & 12 Ave,2,13,New York,Usa,7
E 163 St & Union Ave,2,19,New York,Usa,7
Caton Ave & Bedford Ave,15,5,New York,Usa,7
Shakespeare Ave & W 169 St,4,11,New York,Usa,7
7 Ave & Central Park South,47,19,New York,Usa,7
Carroll St & Utica Ave,11,2,New York,Usa,7
Thomas S. Boyland St & Fulton St,4,16,New York,Usa,7
Bradford St & Dumont Ave,4,11,New York,Usa,7
Winthrop St & Albany Ave,14,0,New York,Usa,7
Laight St & Hudson St,30,53,New York,Usa,7
St James Pl & Oliver St,24,22,New York,Usa,7
50 St & Northern Blvd,9,17,New York,Usa,7
Degraw St & 3 Ave,32,0,New York,Usa,7
Ditmars Blvd & 73 St,15,3,New York,Usa,7
W 238 St & Tibbett Ave,18,2,New York,Usa,7
Ogden Ave & Merriam Ave,5,9,New York,Usa,7
23 Ave & 27 St,10,9,New York,Usa,7
Lexington Ave & E 24 St,15,60,New York,Usa,7
Withers St & Kingsland Ave,12,6,New York,Usa,7
Flatbush Ave & Fenimore St,19,3,New York,Usa,7
30 Ave & 21 St,1,11,New York,Usa,7
E 25 St & 1 Ave,24,6,New York,Usa,7
Willis Ave & E 137 St,14,4,New York,Usa,7
Green St & McGuinness Blvd,10,4,New York,Usa,7
Bedford Ave & Maple St,13,7,New York,Usa,7
Bainbridge Ave & E 198 St,6,17,New York,Usa,7
82 St & 30 Ave,5,13,New York,Usa,7
Ave A & E 14 St,20,18,New York,Usa,7
Carroll St & Rochester Ave,12,6,New York,Usa,7
Driggs Ave & N Henry St,38,16,New York,Usa,7
Washington Ave & E 163 St,13,2,New York,Usa,7
W 106 St & Central Park W,0,52,New York,Usa,7
Vernon Blvd & 31 Ave,13,3,New York,Usa,7
Adam Clayton Powell Blvd & W 130 St,4,12,New York,Usa,7
43 Ave & 47 St,2,27,New York,Usa,7
Vesey Pl & River Terrace,55,0,New York,Usa,7
Snyder Ave & Schenectady Ave,13,1,New York,Usa,7
7 Ave & 40 St,19,3,New York,Usa,7
Woodside Ave & Roosevelt Ave,7,9,New York,Usa,7
Plaza Dr & W 170 St,23,1,New York,Usa,7
S 5 Pl & S 5 St,36,7,New York,Usa,7
1 Ave & E 118 St,16,2,New York,Usa,7
24 St & 38 Ave,14,3,New York,Usa,7
Broadway & Morris St,67,0,New York,Usa,7
Aqueduct Ave & W 190 St,1,12,New York,Usa,7
Grand Ave & Bergen St,7,11,New York,Usa,7
Marin Light Rail,11,9,New York,Usa,7
Prospect Park SW & 16 St,22,7,New York,Usa,7
Grand Ave & W 181 St,15,4,New York,Usa,7
E 133 St & Cypress Pl,11,6,New York,Usa,7
W 237 St & Hudson Manor Terrace,3,4,New York,Usa,7
Louis Nine Blvd & Intervale Ave,2,16,New York,Usa,7
Stevens - River Ter & 6 St,3,12,New York,Usa,7
Fort Hamilton Pkwy & E 5 St,18,1,New York,Usa,7
Berkeley Pl & 7 Ave,25,2,New York,Usa,7
Queens Blvd & Broadway,22,0,New York,Usa,7
E 1 St & 1 Ave,10,56,New York,Usa,7
Carroll St & 6 Ave,14,5,New York,Usa,7
S 4 St & Roebling St,32,7,New York,Usa,7
West Farms Rd & Boone Ave,14,3,New York,Usa,7
Washington Ave & E 167 St,1,15,New York,Usa,7
Market St & Cherry St,25,17,New York,Usa,7
Duffield St & Willoughby St,8,36,New York,Usa,7
Franklin St & W Broadway,14,16,New York,Usa,7
W 54 St & 9 Ave,4,34,New York,Usa,7
86 St & Ridge Blvd,11,1,New York,Usa,7
Frederick Douglass Blvd & W 115 St,11,15,New York,Usa,7
Sedgwick Ave & W 231 St,10,7,New York,Usa,7
E 97 St & 3 Ave,24,1,New York,Usa,7
Gerard Ave & E 165 St,0,19,New York,Usa,7
9 Ave & W 219 St,16,1,New York,Usa,7
Cadman Plaza E & Red Cross Pl,6,30,New York,Usa,7
36 St & 3 Ave,26,0,New York,Usa,7
Wythe Ave & N 13 St,20,21,New York,Usa,7
11 St & 43 Ave,11,15,New York,Usa,7
Clinton St & Grand St,10,5,New York,Usa,7
Putnam Ave & Ralph Ave,7,5,New York,Usa,7
39 St & 47 Ave,7,9,New York,Usa,7
Grand Concourse & E 205 St,5,10,New York,Usa,7
Moffat St & Bushwick,6,9,New York,Usa,7
Schermerhorn St & Hoyt St,25,28,New York,Usa,7
Stagg St & Union Ave,19,12,New York,Usa,7
41 Ave & 80 St,3,21,New York,Usa,7
Park Ave & E 162 St,5,14,New York,Usa,7
Southern Blvd & E 142 St,16,5,New York,Usa,7
Albemarle Rd & McDonald Ave,16,0,New York,Usa,7
Walton Ave & E 151 St,0,0,New York,Usa,7
Stanton St & Chrystie St,18,26,New York,Usa,7
Pike St & E Broadway,15,16,New York,Usa,7
Exchange Pl,16,12,New York,Usa,7
E 54 St & 1 Ave,1,38,New York,Usa,7
South St & Pike St,28,6,New York,Usa,7
Riverside Dr & W 153 St,3,14,New York,Usa,7
Sterling Pl & Schenectady Ave,6,12,New York,Usa,7
Central Park W & W 68 St,14,27,New York,Usa,7
E Burnside Ave & Ryer Ave,6,9,New York,Usa,7
Waterloo Pl & Crotona Park East,13,2,New York,Usa,7
Giles Pl & Fort Independence St,1,14,New York,Usa,7
Bainbridge Ave & E 206 St,16,6,New York,Usa,7
Jefferson Ave & Patchen Ave,9,6,New York,Usa,7
Douglass St & 3 Ave,29,1,New York,Usa,7
Clinton St & Newark St,1,13,New York,Usa,7
101 St & Fort Hamilton Pkwy,7,2,New York,Usa,7
E 187 St & 3 Ave,15,1,New York,Usa,7
Chauncey St & Howard Ave,5,11,New York,Usa,7
Shore Rd & 80 St,7,2,New York,Usa,7
W 25 St & 6 Ave,5,42,New York,Usa,7
Central Ave & Decatur St,11,10,New York,Usa,7
Bedford Ave & Lenox Rd,13,4,New York,Usa,7
Beverley Rd & E 49 St,17,2,New York,Usa,7
Seigel St & Humboldt St,41,0,New York,Usa,7
E 156 St & Courtlandt Ave,8,11,New York,Usa,7
86 St & 35 Ave,5,14,New York,Usa,7
W Tremont Ave & Grand Ave,2,17,New York,Usa,7
76 St & 45 Ave,12,3,New York,Usa,7
Crescent St & 35 Ave,1,22,New York,Usa,7
99 St & Astoria Blvd,12,11,New York,Usa,7
Van Vorst Park,11,9,New York,Usa,7
Hancock St & Bedford Ave,24,1,New York,Usa,7
W 54 St & 6 Ave,18,42,New York,Usa,7
Division Ave & Marcy Ave,27,3,New York,Usa,7
Pitkin Ave & Van Siclen Ave,13,1,New York,Usa,7
87 St & 30 Ave,11,7,New York,Usa,7
84 St & Roosevelt Ave,6,22,New York,Usa,7
6 Ave & W 33 St,1,72,New York,Usa,7
Barclay St & Church St,32,3,New York,Usa,7
55 St & 7 Ave,9,13,New York,Usa,7
Grand St & Wythe Ave,45,11,New York,Usa,7
82 St & Broadway,2,24,New York,Usa,7
Park Ave & E 179 St,11,10,New York,Usa,7
Prospect Park West & 8 St,1,18,New York,Usa,7
Lincoln Pl & Nostrand Ave,14,6,New York,Usa,7
Danforth Ave & Sullivan Dr,8,7,New York,Usa,7
New Utrecht Ave & 9 Ave,14,1,New York,Usa,7
E 144 St & Brook Ave,7,11,New York,Usa,7
Bridge St & Front St,44,0,New York,Usa,7
7 St & 5 Ave,21,3,New York,Usa,7
14 St & 5 Ave,12,5,New York,Usa,7
Eastern Pkwy & Ralph Ave,6,15,New York,Usa,7
E 44 St & Lexington Ave,23,19,New York,Usa,7
10 St & 7 Ave,9,8,New York,Usa,7
Blake Ave & Herzl St,13,0,New York,Usa,7
31 St & Hoyt Ave N,31,1,New York,Usa,7
Brook Ave & E 148 St,12,4,New York,Usa,7
W 135 St & Lenox Terrace Pl,15,11,New York,Usa,7
E 95 St & 3 Ave,23,7,New York,Usa,7
Webster Ave & Ford St,1,19,New York,Usa,7
Central Ave & Weirfield St,11,8,New York,Usa,7
E 68 St & 3 Ave,30,5,New York,Usa,7
Centre St & Worth St,51,62,New York,Usa,7
Riverside Dr & W 78 St,3,73,New York,Usa,7
12 Ave & 36 St,9,7,New York,Usa,7
Webb Ave & W 190 St,5,13,New York,Usa,7
Queens Blvd N & 63 Rd,25,0,New York,Usa,7
75 St & Northern Blvd,8,10,New York,Usa,7
27 Ave & 9 St,9,28,New York,Usa,7
Commerce St & Van Brunt St,5,14,New York,Usa,7
Adams St & 12 St,7,8,New York,Usa,7
Riverside Dr & Broadway,21,2,New York,Usa,7
Union Ave & Wallabout St,10,19,New York,Usa,7
W 84 St & Broadway,20,37,New York,Usa,7
5 Ave & E 78 St,0,0,New York,Usa,7
Underhill Ave & Pacific St,17,7,New York,Usa,7
E 149 St & Jackson Ave,5,15,New York,Usa,7
3 Ave & E 100 St,17,7,New York,Usa,7
Pitt St & Stanton St,8,4,New York,Usa,7
60 Ave & Otis Ave,17,2,New York,Usa,7
47 Ave & 31 St,10,17,New York,Usa,7
Pierrepont St & Monroe Pl,3,17,New York,Usa,7
E 30 St & Park Ave S,11,47,New York,Usa,7
Amory Ct & Metropolitan Ave,8,9,New York,Usa,7
Plaza St West & Flatbush Ave,4,41,New York,Usa,7
Seaman Ave & Isham St,18,2,New York,Usa,7
Audubon Ave & Fort George Ave,1,17,New York,Usa,7
Congress St & Clinton St,7,31,New York,Usa,7
Albany Ave & Fulton St,8,16,New York,Usa,7
E 3 St & Cortelyou Rd,7,1,New York,Usa,7
E 160 St & Tinton Ave,1,15,New York,Usa,7
103 St & Martense Ave,16,2,New York,Usa,7
21 St & 43 Ave,5,20,New York,Usa,7
31 St & Thomson Ave,36,10,New York,Usa,7
31 Ave & 61 St,14,4,New York,Usa,7
Broadway & 31 St,13,21,New York,Usa,7
Hoboken Terminal - Hudson St & Hudson Pl,18,1,New York,Usa,7
Broadway & W 133 St,12,5,New York,Usa,7
Bleecker St & Crosby St,58,4,New York,Usa,7
Adam Clayton Powell Blvd & W 123 St,8,19,New York,Usa,7
Greene Ave & Throop Ave,9,5,New York,Usa,7
77 St & 31 Ave,18,1,New York,Usa,7
Macombs Pl & W 152 St,13,17,New York,Usa,7
W 120 St & Claremont Ave,4,32,New York,Usa,7
Kingston Ave & Park Pl,11,5,New York,Usa,7
Jersey & 3rd,6,7,New York,Usa,7
Frost St & Meeker Ave,22,12,New York,Usa,7
E 47 St & Park Ave,54,0,New York,Usa,7
Mott St & Prince St,8,31,New York,Usa,7
Paulus Hook,12,2,New York,Usa,7
55 Ave & Center Blvd,5,18,New York,Usa,7
Ovington Ave & 3 Ave,7,6,New York,Usa,7
Perry St & Greenwich Ave,3,44,New York,Usa,7
E 75 St & 3 Ave,34,6,New York,Usa,7
Jackson Mill Rd & 93 St,6,12,New York,Usa,7
48 St & 37 Ave,1,27,New York,Usa,7
70 St & Ridge Blvd,4,5,New York,Usa,7
88 St & Astoria Blvd,1,19,New York,Usa,7
Cleveland St & Fulton St,15,1,New York,Usa,7
W 12 St & Hudson St,7,33,New York,Usa,7
Grand St & Greene St,23,0,New York,Usa,7
Heights Elevator,6,12,New York,Usa,7
Bond St & Fulton St,10,35,New York,Usa,7
E 13 St & Ave A,72,11,New York,Usa,7
College Ave & E 169 St,0,12,New York,Usa,7
5 Ave & E 63 St,1,40,New York,Usa,7
Eastern Pkwy & Kingston Ave,5,20,New York,Usa,7
Central Park North & Adam Clayton Powell Blvd,15,13,New York,Usa,7
75 St & 35 Ave,1,23,New York,Usa,7
Amsterdam Ave & W 125 St,22,14,New York,Usa,7
Marble Hill Ave & W 227 St,17,2,New York,Usa,7
Linden St & Knickerbocker Ave,10,2,New York,Usa,7
Broadway & W 41 St,1,48,New York,Usa,7
20 Ave & Shore Blvd,10,8,New York,Usa,7
Sterling Pl & Ralph Ave,0,16,New York,Usa,7
W 116 St & Amsterdam Ave,18,22,New York,Usa,7
17 St & 5 Ave,17,1,New York,Usa,7
64 Rd & Grand Central Pkwy,11,0,New York,Usa,7
St Nicholas Ave & W 157 St,0,20,New York,Usa,7
Broadway & E 19 St,15,84,New York,Usa,7
Carteret Ave & Arlington Ave,0,14,New York,Usa,7
Aqueduct Ave & North St,13,4,New York,Usa,7
3 Ave & 17 St,13,2,New York,Usa,7
Bridge St & York St,47,1,New York,Usa,7
E 48 St & Tilden Ave,26,0,New York,Usa,7
Halsey St & Tompkins Ave,8,5,New York,Usa,7
85 St & Northern Blvd,1,19,New York,Usa,7
E 189 St & Bathgate Ave,18,3,New York,Usa,7
10 Ave & W 215 St,18,0,New York,Usa,7
Lee Ave & Taylor St,21,2,New York,Usa,7
2 Ave & E 96 St,39,2,New York,Usa,7
Columbia Heights & Cranberry St,5,30,New York,Usa,7
Bergen St & Smith St,40,3,New York,Usa,7
E 46 St & Madison Ave,48,1,New York,Usa,7
44 St & 2 Ave,16,3,New York,Usa,7
E 32 St & Park Ave,11,40,New York,Usa,7
West Drive & Prospect Park West,3,22,New York,Usa,7
W 41 St & 8 Ave,1,99,New York,Usa,7
Nagle Ave & Thayer St,10,14,New York,Usa,7
Broad St & Bridge St,46,0,New York,Usa,7
Broadway & W 261 St,4,5,New York,Usa,7
Bergen Ave,7,6,New York,Usa,7
E 182 St & Belmont Ave,5,13,New York,Usa,7
Monitor St & Meeker Ave,11,9,New York,Usa,7
25 Ave & 41 St,11,10,New York,Usa,7
Claflin Ave & Reservoir Ave,1,13,New York,Usa,7
Roosevelt Island Tramway,28,6,New York,Usa,7
McGinley Square,7,10,New York,Usa,7
4 Ave & 9 St,25,3,New York,Usa,7
Livonia Ave & Saratoga Ave,17,1,New York,Usa,7
Morris Ave & E Burnside Ave,12,9,New York,Usa,7
55 St & 5 Ave,13,9,New York,Usa,7
Liberty St & Nassau St,41,0,New York,Usa,7
30 Ave & 70 St,15,1,New York,Usa,7
Wyckoff Ave & Gates Ave,17,2,New York,Usa,7
President St & Henry St,17,6,New York,Usa,7
Division St & Bowery,37,36,New York,Usa,7
57 Ave & 98 Pl,23,1,New York,Usa,7
Bank St & Hudson St,11,10,New York,Usa,7
Clinton St & 7 St,4,14,New York,Usa,7
Corona Ave & 111 St,1,20,New York,Usa,7
Bushwick Ave & Powers St,27,4,New York,Usa,7
W 235 St & Independence Ave,3,11,New York,Usa,7
Wade St & MLK Dr,12,3,New York,Usa,7
Chauncey St & Stuyvesant Ave,17,4,New York,Usa,7
41 Ave & 77 St,6,17,New York,Usa,7
Morningside Dr & Amsterdam Ave,8,24,New York,Usa,7
Kane St & Clinton St,13,11,New York,Usa,7
84 St & 3 Ave,7,0,New York,Usa,7
Centre St & Chambers St,17,29,New York,Usa,7
Fulton Ave & St Paul's Pl,2,15,New York,Usa,7
Clermont Ave & Park Ave,5,11,New York,Usa,7
Broadway & Hancock St,29,2,New York,Usa,7
Audubon Ave & W 192 St,3,18,New York,Usa,7
Queens Blvd & Albion Ave,20,0,New York,Usa,7
34 Ave & Junction Blvd,11,11,New York,Usa,7
Lefferts Ave & Schenectady Ave,22,0,New York,Usa,7
Nassau St & Navy St,49,1,New York,Usa,7
14 St & 7 Ave,3,12,New York,Usa,7
Marcus Garvey Blvd & Macon St,12,6,New York,Usa,7
108 St & 62 Dr,11,2,New York,Usa,7
St Nicholas Ave & W 137 St,18,1,New York,Usa,7
Crotona Park East & E 173 St,6,10,New York,Usa,7
34 St & 35 Ave,2,17,New York,Usa,7
Brooklyn Ave & Snyder Ave,12,2,New York,Usa,7
E 40 St & 5 Ave,21,66,New York,Usa,7
37 Ave & 63 St,6,15,New York,Usa,7
4 St & Grand St,0,18,New York,Usa,7
Harlem River Dr & W 155 St,4,15,New York,Usa,7
W 43 St & 10 Ave,25,88,New York,Usa,7
West Side Ave Light Rail,18,1,New York,Usa,7
50 St & Barnett Ave,2,18,New York,Usa,7
4 Ave & 87 St,14,2,New York,Usa,7
W 52 St & 11 Ave,34,15,New York,Usa,7
6 St & Grand St,8,10,New York,Usa,7
4 Ave & 17 St,21,0,New York,Usa,7
Fort Hamilton Pkwy & E 2 St,9,4,New York,Usa,7
Montrose Ave & Bushwick Ave,35,2,New York,Usa,7
Montague St & Clinton St,33,11,New York,Usa,7
Willoughby Ave & Myrtle Ave,9,6,New York,Usa,7
Wadsworth Ave & W 175 St,0,24,New York,Usa,7
Sedgwick Ave & Hall of Fame Terrace,10,9,New York,Usa,7
98 St & 25 Ave,13,7,New York,Usa,7
Grand St & 14 St,15,3,New York,Usa,7
Park Ave & E 41 St,31,68,New York,Usa,7
Jerome Ave & E 181 St,9,7,New York,Usa,7
MacDonough St & Malcolm X Blvd,6,12,New York,Usa,7
Kent Ave & Division Ave,24,19,New York,Usa,7
Bailey Ave & W 234 St,24,0,New York,Usa,7
58 St & Pier 4,0,0,New York,Usa,7
W 51 St & 7 Ave,58,19,New York,Usa,7
Rockaway Ave & Bainbridge St,11,5,New York,Usa,7
Benham St & Roosevelt Ave,1,21,New York,Usa,7
Naples Terrace & Godwin Terrace,22,1,New York,Usa,7
Cherry St,0,0,New York,Usa,7
73 St & 25 Ave,15,2,New York,Usa,7
Lexington Ave & Classon Ave,6,10,New York,Usa,7
2 Ave & E 31 St,65,16,New York,Usa,7
Riverdale Ave & W 258 St,3,13,New York,Usa,7
Broadway & W 38 St,1,66,New York,Usa,7
Bainbridge Ave & E 193 St,19,5,New York,Usa,7
Norfolk St & Broome St,42,14,New York,Usa,7
34 Ave & 21 St,3,20,New York,Usa,7
Central Park W & W 76 St,14,22,New York,Usa,7
Park Pl & Thomas S. Boyland St,12,10,New York,Usa,7
Broadway & Lakeview Pl,7,8,New York,Usa,7
Coffey St & Ferris St,1,21,New York,Usa,7
100 St & Humphreys St,4,19,New York,Usa,7
E 11 St & Broadway,2,94,New York,Usa,7
8 St & Astoria Blvd,9,5,New York,Usa,7
Jackson Mill Rd & 24 Ave,9,15,New York,Usa,7
Nostrand Ave & Myrtle Ave,13,3,New York,Usa,7
Jerome Ave & Ogden Ave,6,10,New York,Usa,7
Walton Ave & E 171 St,7,10,New York,Usa,7
Van Brunt St & Van Dyke St,0,20,New York,Usa,7
7 Ave & Park Pl,17,3,New York,Usa,7
25 Ave & 96 St,11,8,New York,Usa,7
Grand Concourse & E 161 St,0,20,New York,Usa,7
W 44 St & 9 Ave,0,30,New York,Usa,7
W 37 St & 10 Ave,1,31,New York,Usa,7
St James Ave & 51 Ave,19,0,New York,Usa,7
Lexington Ave & E 120 St,20,2,New York,Usa,7
Washington Pl & 6 Ave,12,63,New York,Usa,7
E 155 St & Courtlandt Ave,11,3,New York,Usa,7
W 238 St & Riverdale Ave,4,10,New York,Usa,7
Lenox Ave & W 130 St,8,16,New York,Usa,7
62 Ave & 102 St,13,0,New York,Usa,7
Water St & Fletcher St,59,8,New York,Usa,7
W 163 St & Riverside Dr,0,19,New York,Usa,7
Rogers Ave & Lincoln Rd,9,13,New York,Usa,7
Kingston Ave & Herkimer St,16,5,New York,Usa,7
Greenwich St & Rector St,53,2,New York,Usa,7
Broadway & W 58 St,10,68,New York,Usa,7
11 Ave & W 41 St,0,48,New York,Usa,7
35 St & 23 Ave,19,7,New York,Usa,7
Freeman St & Southern Blvd,7,13,New York,Usa,7
Underhill Ave & Lincoln Pl,12,8,New York,Usa,7
Lexington Ave & E 127 St,12,11,New York,Usa,7
S 2 St & Kent Ave,33,7,New York,Usa,7
Seaman Ave & Beak St,19,1,New York,Usa,7
E 97 St & Madison Ave,37,2,New York,Usa,7
Audubon Ave & W 179 St,0,16,New York,Usa,7
Maple St & Albany Ave,14,1,New York,Usa,7
Rugby Rd & Albemarle Rd,15,1,New York,Usa,7
Carlton Ave & Greene Ave,2,18,New York,Usa,7
Cypress Ave & St Felix Ave,9,11,New York,Usa,7
Bleecker St & Forest Ave,10,3,New York,Usa,7
Stanton St & Norfolk St,38,8,New York,Usa,7
Flushing Ave & Vanderbilt Ave,21,2,New York,Usa,7
Jackson Square,3,7,New York,Usa,7
48 Ave & 37 St,9,8,New York,Usa,7
Great Jones St,18,1,New York,Usa,7
E 47 St & 2 Ave,8,87,New York,Usa,7
Ocean Ave & Tennis Ct,15,2,New York,Usa,7
W 42 St & 8 Ave,0,0,New York,Usa,7
MLK Dr & Bayview Ave,1,14,New York,Usa,7
W 44 St & 5 Ave,39,22,New York,Usa,7
99 St & 50 Ave,14,7,New York,Usa,7
W 43 St & 6 Ave,24,32,New York,Usa,7
48 St & 50 Ave,13,2,New York,Usa,7
Eastern Pkwy & Franklin Ave (SW Corner),12,17,New York,Usa,7
39 Ave & 45 St,0,19,New York,Usa,7
34 St & 5 Ave,19,0,New York,Usa,7
E 4 St & 2 Ave,28,50,New York,Usa,7
W Tremont Ave & Montgomery Ave,12,4,New York,Usa,7
8 Ave & W 49 St,14,47,New York,Usa,7
W 63 St & Broadway,4,27,New York,Usa,7
Madison St & 1 St,0,6,New York,Usa,7
Amsterdam Ave & W 162 St,3,20,New York,Usa,7
27 St & Hunter St,5,26,New York,Usa,7
W 181 St & Riverside Dr,3,15,New York,Usa,7
Madison Ave & E 51 St,34,7,New York,Usa,7
Franklin Ave & Myrtle Ave,12,15,New York,Usa,7
Halsey St & Ralph Ave,14,4,New York,Usa,7
34 Ave & 71 St,9,12,New York,Usa,7
W 54 St & 11 Ave,35,18,New York,Usa,7
Union Ave & E 169 St,2,15,New York,Usa,7
Pacific St & Nostrand Ave,9,8,New York,Usa,7
Newport Pkwy,11,3,New York,Usa,7
Rivington St & Ridge St,42,13,New York,Usa,7
Stuyvesant Ave & Hart St,22,1,New York,Usa,7
W 24 St & 7 Ave,5,70,New York,Usa,7
Rockaway Ave & Blake Ave,4,9,New York,Usa,7
E 132 St & Madison Ave,7,10,New York,Usa,7
44 St & Greenpoint Ave,13,12,New York,Usa,7
Queens Blvd N & 67 Rd,18,3,New York,Usa,7
31 Ave & 57 St,12,10,New York,Usa,7
E 53 St & Lexington Ave,30,22,New York,Usa,7
6 Ave & 74 St,7,3,New York,Usa,7
Duane St & Hudson St,18,14,New York,Usa,7
E Tremont Ave & E 176 St,4,12,New York,Usa,7
E 102 St & Park Ave,30,0,New York,Usa,7
69 Ave & Queens Blvd N,15,5,New York,Usa,7
Henry St & Bay St,5,9,New York,Usa,7
Crotona Ave & E 183 St,6,17,New York,Usa,7
Schenectady Ave & Pacific St,1,4,New York,Usa,7
E 56 St & Madison Ave,29,1,New York,Usa,7
W 155 St & Frederick Douglass Blvd,24,2,New York,Usa,7
Icahn Stadium Plaza,5,8,New York,Usa,7
Greenwich St & W Houston St,26,53,New York,Usa,7
Columbia St & Rivington St,32,8,New York,Usa,7
DeKalb Ave & S Portland Ave,9,8,New York,Usa,7
Catherine St & Monroe St,17,0,New York,Usa,7
Cliff St & Fulton St,40,17,New York,Usa,7
Highland Blvd & Bulwer Pl,9,6,New York,Usa,7
Fairmount Ave,0,15,New York,Usa,7
Suffolk St & Stanton St,48,25,New York,Usa,7
E Mosholu Pkwy & Van Cortlandt Ave E,2,19,New York,Usa,7
E 147 St & Bergen Ave,7,14,New York,Usa,7
E 138 St & Grand Concourse,4,14,New York,Usa,7
46 St & 6 Ave,11,6,New York,Usa,7
St Ann's Ave & E 144 St,9,12,New York,Usa,7
31 St & Northern Blvd,14,19,New York,Usa,7
Riverside Dr & W 91 St,15,41,New York,Usa,7
Christopher St & Greenwich St,0,0,New York,Usa,7
Washington Pl & Greene St,22,22,New York,Usa,7
Livonia Ave & Wyona St,4,10,New York,Usa,7
E 170 St & Clay Ave,0,23,New York,Usa,7
Gerard Ave & E 146 St,11,6,New York,Usa,7
Dixon Mills,5,13,New York,Usa,7
5 Ave & 3 St,18,7,New York,Usa,7
Woodward Ave & Harman St,14,3,New York,Usa,7
Grove St & Fresh Pond Rd,6,10,New York,Usa,7
N 5 St & Wythe Ave,17,21,New York,Usa,7
Columbia St & W 9 St,7,13,New York,Usa,7
Columbia St & Degraw St,6,13,New York,Usa,7
Clay Ave & Claremont Pkwy,16,5,New York,Usa,7
Madison Ave & E 99 St,11,2,New York,Usa,7
Washington St & Gansevoort St,0,44,New York,Usa,7
St Marks Pl & 2 Ave,46,24,New York,Usa,7
Lincoln Pl & Classon Ave,6,15,New York,Usa,7
Keegan Rd & 2 Ave,20,5,New York,Usa,7
Lexington Ave & E 26 St,11,68,New York,Usa,7
Broadway & W 185 St,1,19,New York,Usa,7
Riverdale Ave & Osborn St,15,0,New York,Usa,7
Lenox Ave & W 133 St,16,7,New York,Usa,7
Bergen St & Troy Ave,3,15,New York,Usa,7
Atlantic Ave & Fort Greene Pl,23,22,New York,Usa,7
E 128 St & 3 Ave,11,6,New York,Usa,7
St Nicholas Ave & W 134 St,24,1,New York,Usa,7
E 106 St & Madison Ave,24,0,New York,Usa,7
Lafayette Park,8,3,New York,Usa,7
Lincoln Ave & E 134 St,9,5,New York,Usa,7
Intervale Ave & Kelly St,3,13,New York,Usa,7
3 Ave & E 71 St,27,16,New York,Usa,7
53 St & 4 Ave,8,13,New York,Usa,7
10 Ave & W 28 St,27,17,New York,Usa,7
Goulden Ave & Bedford Park Blvd,15,0,New York,Usa,7
Bushwick Ave & Dekalb Ave,21,3,New York,Usa,7
West Thames St,47,25,New York,Usa,7
Allen St & Stanton St,20,23,New York,Usa,7
W 21 St & 6 Ave,24,42,New York,Usa,7
E 63 St & 3 Ave,7,47,New York,Usa,7
Grand Concourse & E 192 St,7,11,New York,Usa,7
Skillman Ave & 43 Ave,7,8,New York,Usa,7
Ogden Ave & W 164 St,0,16,New York,Usa,7
30 Ave & 80 St,9,10,New York,Usa,7
Howard Ave & Blake Ave,11,3,New York,Usa,7
E 14 St & Ave B,9,30,New York,Usa,7
34 Ave & 31 St,4,13,New York,Usa,7
Jefferson St & Cypress Ave,7,16,New York,Usa,7
93 St & Roosevelt Ave,1,19,New York,Usa,7
E 5 St & Ave A,12,35,New York,Usa,7
111 St & 53 Ave,6,17,New York,Usa,7
Irving Ave & Halsey St,8,10,New York,Usa,7
Intervale Ave & Westchester Ave,20,5,New York,Usa,7
Gansevoort St & Hudson St,6,107,New York,Usa,7
34 Ave & 113 St,19,2,New York,Usa,7
45 Ave & 21 St,5,14,New York,Usa,7
Onderdonk Ave & Dekalb Ave,12,3,New York,Usa,7
Thomas S. Boyland St & Sutter Ave,14,0,New York,Usa,7
W 168 St & Fort Washington Ave,5,41,New York,Usa,7
Center Blvd & 51 Ave,9,10,New York,Usa,7
Myrtle Ave & Marcy Ave,18,3,New York,Usa,7
E 167 St & Clay Ave,12,13,New York,Usa,7
79 St & 37 Ave,0,19,New York,Usa,7
Reade St & Broadway,20,41,New York,Usa,7
Crotona Ave & E 179 St,3,10,New York,Usa,7
Nevins St & Schermerhorn St,9,16,New York,Usa,7
Menahan St & Seneca Ave,12,3,New York,Usa,7
Park Ave & E Tremont Ave,18,5,New York,Usa,7
67 Ave & Queens Blvd S,8,8,New York,Usa,7
60 St & 60 Rd,13,5,New York,Usa,7
Adam Clayton Powell Blvd & W 151 St,3,10,New York,Usa,7
Allen St & Hester St,100,9,New York,Usa,7
Carlton Ave & Dean St,17,9,New York,Usa,7
Lincoln Rd & Ocean Ave,20,0,New York,Usa,7
Fresh Pond Rd & Eliot Ave,2,15,New York,Usa,7
Broadway & Van Cortlandt Park S,31,1,New York,Usa,7
E 98 St & Park Ave,21,1,New York,Usa,7
Lincoln Park,11,4,New York,Usa,7
Stanhope St & Fairview Ave,9,6,New York,Usa,7
Westchester Ave & Longwood Ave,4,14,New York,Usa,7
Shepherd Ave & Fulton St,8,1,New York,Usa,7
Dean St & Hoyt St,59,15,New York,Usa,7
3 Ave & 81 St,10,3,New York,Usa,7
Pearl St & York St,51,3,New York,Usa,7
W 34 St & Hudson Blvd E,56,0,New York,Usa,7
W 48 St & Rockefeller Plaza,17,39,New York,Usa,7
E 3 St & Church Ave,16,0,New York,Usa,7
72 St & 41 Ave,9,16,New York,Usa,7
Willoughby St & Ashland Pl,12,19,New York,Usa,7
4 St & River St,3,10,New York,Usa,7
Goulden Ave & W 197 St,8,8,New York,Usa,7
34 Ave & 89 St,0,20,New York,Usa,7
56 St & Arnold Ave,19,2,New York,Usa,7
55 Ave & 97 Pl,18,0,New York,Usa,7
43 St & 37 Ave,1,20,New York,Usa,7
New Jersey Ave & Jamaica Ave,8,4,New York,Usa,7
34 Ave & 38 St,10,21,New York,Usa,7
Greene St & Prince St,21,22,New York,Usa,7
Grand Concourse & E 184 St,1,15,New York,Usa,7
29 St & 5 Ave,15,2,New York,Usa,7
12 Ave & W 125 St,7,29,New York,Usa,7
E 85 St & 3 Ave,30,6,New York,Usa,7
St Nicholas Ave & W 126 St,36,10,New York,Usa,7
Sedgwick Ave & Giles Pl,5,10,New York,Usa,7
9 St HBLR - Jackson St & 8 St,12,5,New York,Usa,7
St Marks Pl & 4 Ave,18,3,New York,Usa,7
Fulton St & Waverly Ave,20,8,New York,Usa,7
24 St & 41 Ave,4,14,New York,Usa,7
Jerome Ave & E 164 St,4,10,New York,Usa,7
Bayard St & Baxter St,26,11,New York,Usa,7
7 Ave & 41 St,18,6,New York,Usa,7
Broadway & W 122 St,5,25,New York,Usa,7
Cambridge Pl & Gates Ave,5,12,New York,Usa,7
Adam Clayton Powell Blvd & W 138 St,11,7,New York,Usa,7
99 St & 32 Ave,6,14,New York,Usa,7
Decatur St & Saratoga Ave,11,6,New York,Usa,7
96 St & Marine Ave,14,1,New York,Usa,7
Lefferts Ave & Albany Ave,12,9,New York,Usa,7
4 Ave & 3 St,31,4,New York,Usa,7
Hull Ave & E 209 St,7,2,New York,Usa,7
W 84 St & Amsterdam Ave,2,28,New York,Usa,7
University Ave & W 168 St,1,16,New York,Usa,7
Beck St & Leggett Ave,12,5,New York,Usa,7
31 Pl & Hunters Point Ave,4,14,New York,Usa,7
3 Ave & Franklin Ave,3,13,New York,Usa,7
E Tremont Ave & Jerome Ave,14,6,New York,Usa,7
Cabrini Blvd & W 177 St,3,20,New York,Usa,7
Flatbush Ave & Eastern Pkwy,10,18,New York,Usa,7
E 11 St & 1 Ave,37,21,New York,Usa,7
Hope St & Union Ave,3,19,New York,Usa,7
Lawrence St & Willoughby St,22,8,New York,Usa,7
Ave C & McDonald Ave,12,1,New York,Usa,7
Bergen Ave & Stegman St,13,6,New York,Usa,7
W 35 St & 8 Ave,2,41,New York,Usa,7
Colonial Rd & Wakeman Pl,14,3,New York,Usa,7
Prospect Ave & Greenwood Ave,18,0,New York,Usa,7
Morris Ave & E 153 St,0,15,New York,Usa,7
Review Ave & Greenpoint Ave,15,1,New York,Usa,7
India St Pier,22,31,New York,Usa,7
Adam Clayton Powell Blvd & W 141 St,6,17,New York,Usa,7
Dock St & Front St,15,4,New York,Usa,7
E 20 St & Park Ave,5,39,New York,Usa,7
Pearl St & Whitehall St,44,0,New York,Usa,7
E 118 St & 3 Ave,25,3,New York,Usa,7
Winthrop St & Rogers Ave,12,7,New York,Usa,7
34 Ave & 13 St,10,6,New York,Usa,7
Central Park S & 6 Ave,42,25,New York,Usa,7
6 Ave & Broome St,60,5,New York,Usa,7
W 16 St & The High Line,13,45,New York,Usa,7
Fulton St & Clermont Ave,19,50,New York,Usa,7
E 27 St & 1 Ave,81,0,New York,Usa,7
46 Rd & 11 St,14,10,New York,Usa,7
Van Dam St & Meeker Ave,28,1,New York,Usa,7
Irving Ave & Harman St,16,4,New York,Usa,7
St Ann's Ave & Westchester Ave,6,11,New York,Usa,7
Cooper Square & Astor Pl,30,51,New York,Usa,7
Astoria Park S & Shore Blvd,16,12,New York,Usa,7
Myrtle Ave & 65 St,8,10,New York,Usa,7
S 4 St & Wythe Ave,2,34,New York,Usa,7
St Nicholas Ave & W 150 St,5,16,New York,Usa,7
35 Ave & 10 St,21,3,New York,Usa,7
Amsterdam Ave & W 79 St,2,40,New York,Usa,7
New York Ave & Lenox Rd,21,1,New York,Usa,7
Washington St & Laight St,59,1,New York,Usa,7
Essex Light Rail,10,10,New York,Usa,7
Hull Ave & E Mosholu Pkwy N,6,7,New York,Usa,7
E 19 St & Beverley Rd,16,0,New York,Usa,7
Ditmars Blvd & 102 St,20,2,New York,Usa,7
111 St & Roosevelt Ave,6,14,New York,Usa,7
Washington St & Morgan St,13,14,New York,Usa,7
W 33 St & 10 Ave,49,5,New York,Usa,7
Riverside Dr & W 145 St,0,32,New York,Usa,7
Bedford Park Blvd & Paul Ave,1,22,New York,Usa,7
Bushwick Ave & Forrest St,13,6,New York,Usa,7
Prospect Ave & E 167 St,5,12,New York,Usa,7
Morgan Ave & Lombardy St,23,6,New York,Usa,7
N 15 St & Wythe Ave,51,1,New York,Usa,7
41 St & 4 Ave,18,5,New York,Usa,7
N 5 St & Northside Piers,30,10,New York,Usa,7
Bradford St & Liberty Ave,8,1,New York,Usa,7
94 St & 57 Ave,24,0,New York,Usa,7
Ridge Blvd & 82 St,11,0,New York,Usa,7
Empire Blvd & New York Ave,9,13,New York,Usa,7
Broadway & W 242 St,14,6,New York,Usa,7
34 Ave & 108 St,19,2,New York,Usa,7
Madison St & Forest Ave,13,8,New York,Usa,7
Rutland Rd & E 45 St,16,4,New York,Usa,7
42 Ave & 108 St,14,6,New York,Usa,7
E 95 St & Rutland Rd,13,1,New York,Usa,7
Bergen Ave & E 152 St,9,8,New York,Usa,7
57 Rd & 59 St,14,5,New York,Usa,7
Van Brunt St & Wolcott St,3,31,New York,Usa,7
Prospect Park SW & Greenwood Ave,22,4,New York,Usa,7
W Broadway & Spring St,54,25,New York,Usa,7
Amsterdam Ave & W 152 St,3,10,New York,Usa,7
5 Ave & 41 St,25,0,New York,Usa,7
E 6 St & Ave D,23,17,New York,Usa,7
23 St & 31 Ave,3,14,New York,Usa,7
LaGuardia Pl & W 3 St,14,32,New York,Usa,7
Mercer St & Bleecker St,61,0,New York,Usa,7
E 165 St & Clay Ave,12,5,New York,Usa,7
Walker St & Baxter St,35,7,New York,Usa,7
W 17 St & 7 Ave,3,40,New York,Usa,7
W 204 St & Nagle Ave,17,0,New York,Usa,7
Harrison St & Hudson St,21,16,New York,Usa,7
Stanton St & Mangin St,3,5,New York,Usa,7
104 St & 38 Ave,19,1,New York,Usa,7
Pacific St & Nevins St,8,8,New York,Usa,7
Grand Concourse & E Mount Eden Ave,4,12,New York,Usa,7
48 St & Barnett Ave,10,7,New York,Usa,7
Kingsbridge Terrace & W 230 St,8,10,New York,Usa,7
E 34 St & Church Ave,19,0,New York,Usa,7
Dr. Lena Edwards Park,4,5,New York,Usa,7
90 St & 51 Ave,19,0,New York,Usa,7
Front St & Pine St,49,0,New York,Usa,7
Clinton St & Bay St,5,21,New York,Usa,7
Washington Park,13,7,New York,Usa,7
Madison St & Evergreen Ave,3,14,New York,Usa,7
Jerome Ave & Bedford Park Blvd E,4,16,New York,Usa,7
Greenwich Ave & Charles St,0,52,New York,Usa,7
E 67 St & Park Ave,38,5,New York,Usa,7
Prospect Park SW & Vanderbilt St,27,2,New York,Usa,7
N Henry St & Norman Ave,22,5,New York,Usa,7
Willoughby Ave & Walworth St,11,6,New York,Usa,7
MacDougal St & Prince St,29,23,New York,Usa,7
Broadway & Kent Ave,7,26,New York,Usa,7
Warren St & Court St,13,12,New York,Usa,7
Carlton Ave & Flushing Ave,16,24,New York,Usa,7
Driggs Ave & N 12 St,8,27,New York,Usa,7
Caton Ave & Argyle Rd,19,0,New York,Usa,7
Prospect Ave & Vanderbilt St,15,4,New York,Usa,7
107 St & 32 Ave,7,12,New York,Usa,7
Willoughby Ave & Onderdonk Ave,15,10,New York,Usa,7
New York Ave & Montgomery St,1,14,New York,Usa,7
MacDougal St & Washington Sq,1,25,New York,Usa,7
Greenwich Ave & 8 Ave,9,58,New York,Usa,7
E 52 St & Winthrop St,6,3,New York,Usa,7
E 118 St & Park Ave,23,1,New York,Usa,7
Courtlandt Ave & E 149 St,6,13,New York,Usa,7
Madison St & Seneca Ave,9,10,New York,Usa,7
St James Pl & Pearl St,21,4,New York,Usa,7
56 Ave & 92 St,22,0,New York,Usa,7
30 St & 48 Ave,23,5,New York,Usa,7
Sigourney St & Columbia St,17,1,New York,Usa,7
Parkside Ave & Flatbush Ave,18,2,New York,Usa,7
Kingston Ave & Montgomery St,8,4,New York,Usa,7
Clinton Ave & Myrtle Ave,1,27,New York,Usa,7
E 39 St & Lexington Ave,17,44,New York,Usa,7
Andrew Ave N & Hall of Fame Tce,3,11,New York,Usa,7
W 64 St & Thelonious Monk Circle,2,37,New York,Usa,7
Warren St,3,17,New York,Usa,7
Bergen St & Mother Gaston Blvd,4,16,New York,Usa,7
Franklin Ave & E 169 St,3,14,New York,Usa,7
E 161 St & Park Ave,9,8,New York,Usa,7
Shore Rd & Oliver St,12,0,New York,Usa,7
Steinway St & 23 Ave,6,14,New York,Usa,7
99 St & 3 Ave,9,1,New York,Usa,7
Evergreen Ave & Noll St,15,10,New York,Usa,7
1 Ave & E 110 St,13,7,New York,Usa,7
3 Ave & E 170 St,1,17,New York,Usa,7
W 176 St & Montgomery Ave,4,10,New York,Usa,7
Madison St & 10 St,17,3,New York,Usa,7
W 51 St & Rockefeller Plaza,41,6,New York,Usa,7
Booth St & 68 Dr,9,6,New York,Usa,7
Verveelen Pl & Broadway,17,1,New York,Usa,7
Calyer St & West St,10,20,New York,Usa,7
Monroe St & Bedford Ave,10,5,New York,Usa,7
Jackson St & Leonard St,12,7,New York,Usa,7
15 Ave & 37 St,14,0,New York,Usa,7
Bailey Ave & W 238 St,10,4,New York,Usa,7
Jerome Ave & E Mosholu Pkwy N,5,10,New York,Usa,7
Cortelyou Rd & Albany Ave,18,0,New York,Usa,7
E 5 St & Ave C,29,23,New York,Usa,7
Lafayette St & Astor Pl,15,86,New York,Usa,7
E 72 St & York Ave,24,0,New York,Usa,7
Independence Ave & W 240 St,1,7,New York,Usa,7
Fulton St & Williams Ave,2,19,New York,Usa,7
Queens Blvd N & 72 Rd,11,2,New York,Usa,7
W 159 St & Edgecombe Ave,7,10,New York,Usa,7
Edgecombe Ave & W 145 St,0,23,New York,Usa,7
Livonia Ave & Schenck Ave,3,12,New York,Usa,7
65 St & 35 Ave,0,0,New York,Usa,7
Hudson St & W 13 St,9,26,New York,Usa,7
Greenpoint Ave & Manhattan Ave,15,12,New York,Usa,7
61 St & Queens Blvd,9,16,New York,Usa,7
Driggs Ave & Lorimer St,4,21,New York,Usa,7
MLK Dr & Bramhall Ave,2,11,New York,Usa,7
10 St & 2 Ave,17,0,New York,Usa,7
Hudson St & N Moore St,53,12,New York,Usa,7
N 7 St & Driggs Ave,41,7,New York,Usa,7
57 St & 43 Ave,8,9,New York,Usa,7
1 Ave & E 44 St,28,52,New York,Usa,7
Amsterdam Ave & W 186 St,4,16,New York,Usa,7
Manila & 1st,8,10,New York,Usa,7
W 233 St & Albany Crescent,14,0,New York,Usa,7
Nassau St & Duffield St,46,4,New York,Usa,7
Anthony Ave & E Tremont Ave,5,13,New York,Usa,7
E 196 St & Valentine Ave,1,23,New York,Usa,7
72 St & Broadway,7,9,New York,Usa,7
53 St & 2 Ave,26,2,New York,Usa,7
W 129 St & Convent Ave,16,8,New York,Usa,7
Washington St & Barrow St,37,14,New York,Usa,7
Fulton St & Van Siclen Ave,5,10,New York,Usa,7
St Johns Pl & Kingston Ave,4,17,New York,Usa,7
W 49 St & 8 Ave,28,35,New York,Usa,7
Crotona Pkwy & Bronx Park S,8,15,New York,Usa,7
Throop Ave & Myrtle Ave,15,5,New York,Usa,7
Liberty Light Rail,6,13,New York,Usa,7
Broadway & Whipple St,20,3,New York,Usa,7
1 Ave & E 30 St,37,0,New York,Usa,7
Delancey St & Eldridge St,13,17,New York,Usa,7
Devoe St & Morgan Ave,9,7,New York,Usa,7
Broadway & W 37 St,0,24,New York,Usa,7
46 St & 28 Ave,2,16,New York,Usa,7
Monroe St & Marcus Garvey Blvd,17,2,New York,Usa,7
Forsyth St & Broome St,53,7,New York,Usa,7
51 St & Hobart St,10,11,New York,Usa,7
Montgomery St & Franklin Ave,1,9,New York,Usa,7
Eastern Pkwy & Rochester Ave,9,14,New York,Usa,7
Van Sinderen Ave & Truxton St,1,16,New York,Usa,7
W 42 St & Dyer Ave,1,29,New York,Usa,7
Knickerbocker Ave & George St,18,6,New York,Usa,7
39 St & 50 Ave,8,9,New York,Usa,7
S 3 St & Bedford Ave,11,12,New York,Usa,7
75 St & Roosevelt Ave,21,1,New York,Usa,7
Van Buren St & Broadway,19,3,New York,Usa,7
47 Ave & 109 St,14,13,New York,Usa,7
Perry Ave & E 204 St,7,13,New York,Usa,7
46 St & 25 Ave,5,18,New York,Usa,7
Albany St & Greenwich St,36,3,New York,Usa,7
St Marks Ave & Rochester Ave,1,15,New York,Usa,7
Lenox Ave & W 111 St,26,7,New York,Usa,7
Skillman Ave & Honeywell St,3,13,New York,Usa,7
60 Pl & Flushing Ave,11,7,New York,Usa,7
Garrison Ave & Manida St,9,20,New York,Usa,7
31 St & Ditmars Blvd,22,0,New York,Usa,7
Knickerbocker Ave & Moffat St,0,20,New York,Usa,7
Grant Ave & MLK Dr,3,16,New York,Usa,7
74 St & 37 Ave,10,17,New York,Usa,7
McKibbin St & Bogart St,24,0,New York,Usa,7
Inwood Ave & W 170 St,19,0,New York,Usa,7
Kings Hwy & E 98 St,14,1,New York,Usa,7
Jay St & Tech Pl,32,18,New York,Usa,7
E 103 St & Lexington Ave,29,0,New York,Usa,7
113 St & Jewel Ave,11,0,New York,Usa,7
5 Ave & 37 St,29,1,New York,Usa,7
Central Park W & W 103 St,0,36,New York,Usa,7
Grand Concourse & E 144 St,13,9,New York,Usa,7
Park Ave & E 40 St,37,32,New York,Usa,7
Georgia Ave & Liberty Ave,0,12,New York,Usa,7
Broadway & W 234 St,26,1,New York,Usa,7
E 165 St & Fox St,8,14,New York,Usa,7
Lenox Ave & W 144 St,14,4,New York,Usa,7
Manhattan Ave & Commercial St,12,19,New York,Usa,7
Lenox Ave & W 115 St,21,8,New York,Usa,7
20 Ave & 21 St,6,11,New York,Usa,7
E 174 St & Walton Ave,0,0,New York,Usa,7
98 St & 41 Ave,6,14,New York,Usa,7
Tiebout Ave & E 184 St,1,17,New York,Usa,7
MacDonough St & Marcy Ave,18,2,New York,Usa,7
Barry St & Tiffany St,2,11,New York,Usa,7
Parkside Ave & Ocean Ave,14,6,New York,Usa,7
56 Ave & Junction Blvd,21,1,New York,Usa,7
Jerome Ave & W 195 St,25,2,New York,Usa,7
Cauldwell Ave & E 161 St,2,12,New York,Usa,7
Caton Ave & St. Pauls Pl,12,3,New York,Usa,7
Kenmare St & Elizabeth St,8,40,New York,Usa,7
Ditmars Blvd & 48 St,12,5,New York,Usa,7
Union St & Bedford Ave,4,13,New York,Usa,7
Jamaica Ave & Elton St,16,1,New York,Usa,7
Hazen St & 20 Ave,20,3,New York,Usa,7
Congress St & Hicks St,9,21,New York,Usa,7
103 St & 41 Ave,18,4,New York,Usa,7
62 Dr & 97 St,21,0,New York,Usa,7
Eastern Pkwy & Nostrand Ave,22,4,New York,Usa,7
Soissons Landing,13,2,New York,Usa,7
Hancock St & Stuyvesant Ave,7,12,New York,Usa,7
40 St & 3 Ave,27,0,New York,Usa,7
72 St & Northern Blvd,12,5,New York,Usa,7
57 St & 37 Ave,13,8,New York,Usa,7
Main St & Plymouth St,15,27,New York,Usa,7
Elmhurst Ave & Roosevelt Ave,3,14,New York,Usa,7
W 67 St & Broadway,0,29,New York,Usa,7
E 182 St & Park Ave,5,17,New York,Usa,7
Sedgwick Ave & W 195 St,16,3,New York,Usa,7
Willoughby Ave & Wyckoff Ave,6,14,New York,Usa,7
Broadway & W 138 St,0,24,New York,Usa,7
Mercer St & Spring St,28,39,New York,Usa,7
31 Ave & 86 St,5,8,New York,Usa,7
32 Ave & 77 St,5,18,New York,Usa,7
Eastern Pkwy & Franklin Ave (NE Corner),40,1,New York,Usa,7
W 113 St & Broadway,4,33,New York,Usa,7
W 47 St & 9 Ave,19,33,New York,Usa,7
1 Ave & E 78 St,38,17,New York,Usa,7
Van Cortlandt Park S & Gouverneur Ave,14,9,New York,Usa,7
E 106 St & Lexington Ave,24,0,New York,Usa,7
E 167 St & Bryant Ave,15,3,New York,Usa,7
Communipaw & Berry Lane,8,3,New York,Usa,7
E 170 St & Webster Ave,0,21,New York,Usa,7
Queens Blvd & 56 Ave,32,0,New York,Usa,7
Central Ave & Woodbine St,3,9,New York,Usa,7
Ditmars Blvd & 43 St,12,12,New York,Usa,7
64 St & Woodbine St,11,4,New York,Usa,7
Clinton St & Joralemon St,46,0,New York,Usa,7
Adelphi St & Myrtle Ave,2,27,New York,Usa,7
Utica Ave & E New York Ave,12,2,New York,Usa,7
Rutgers St & Henry St,28,12,New York,Usa,7
E 115 St & Madison Ave,23,3,New York,Usa,7
E 201 St & Briggs Ave,5,11,New York,Usa,7
Prospect Park W & 20 St,23,2,New York,Usa,7
43 Ave & 42 St,12,11,New York,Usa,7
Metropolitan Ave & Stewart Ave,5,14,New York,Usa,7
Knickerbocker Ave & Thames St,15,1,New York,Usa,7
10 Ave & W 204 St,16,0,New York,Usa,7
Cathedral Pkwy & Broadway,0,19,New York,Usa,7
Myrtle Ave & Grove St,20,0,New York,Usa,7
Dyckman St & Staff St,15,2,New York,Usa,7
5 Ave & E 72 St,1,28,New York,Usa,7
Van Nostrand Ave & Ocean Ave,5,9,New York,Usa,7
5 Ave & 44 St,20,3,New York,Usa,7
South Railroad Ave & Broadway,16,7,New York,Usa,7
63 Ave & 99 St,14,2,New York,Usa,7
S 4 St & Rodney St,9,9,New York,Usa,7
34 Ave & 83 St,3,15,New York,Usa,7
W 190 St & Broadway,10,10,New York,Usa,7
Adam Clayton Powell Blvd & W 132 St,11,6,New York,Usa,7
76 St & 21 Ave,16,3,New York,Usa,7
Allen St & Rivington St,25,13,New York,Usa,7
Boston Rd & E 178 St,13,7,New York,Usa,7
W 30 St & 8 Ave,5,59,New York,Usa,7
Grove St PATH,8,22,New York,Usa,7
Brevoort Pl & Bedford Ave,14,9,New York,Usa,7
Union St & 4 Ave,20,2,New York,Usa,7
Netherland Ave & W 232 St,0,10,New York,Usa,7
E 51 St & 1 Ave,1,29,New York,Usa,7
Danforth Light Rail,2,13,New York,Usa,7
McKeever Pl & Sullivan Pl,6,8,New York,Usa,7
E 8 St & Caton Ave,22,4,New York,Usa,7
Dean St & Rockaway Ave,1,18,New York,Usa,7
Hegeman Ave & Amboy St,11,11,New York,Usa,7
Suydam St & St Nicholas Ave,13,4,New York,Usa,7
Borden Ave & 25 St,13,13,New York,Usa,7
Grove St & Broadway,21,6,New York,Usa,7
Greenwich St & Perry St,4,37,New York,Usa,7
53 St & Roosevelt Ave,2,17,New York,Usa,7
72 Rd & 113 St,2,10,New York,Usa,7
Bushwick Ave & Furman Ave,5,23,New York,Usa,7
53 Ave & 62 St,14,2,New York,Usa,7
54 St & 37 Ave,17,6,New York,Usa,7
Schenectady Ave & President St,15,4,New York,Usa,7
77 St & 24 Ave,6,12,New York,Usa,7
Fieldston Rd & Mosholu Ave,4,7,New York,Usa,7
Columbus Ave & W 59 St,6,28,New York,Usa,7
Maple St & New York Ave,13,4,New York,Usa,7
Suydam St & Knickerbocker Ave,0,26,New York,Usa,7
Brooklyn Ave & Tilden Ave,23,1,New York,Usa,7
Lafayette Ave & Ft Greene Pl,15,15,New York,Usa,7
Shore Rd & 74 St,7,1,New York,Usa,7
Central Ave & Covert St,13,10,New York,Usa,7
Steinway St & 21 Ave,6,9,New York,Usa,7
Bushwick Ave & Linden St,20,4,New York,Usa,7
64 St & 51 Ave,13,3,New York,Usa,7
E 102 St & 1 Ave,22,1,New York,Usa,7
Walnut Ave & E 136 St,2,13,New York,Usa,7
5 Ave & W 131 St,6,9,New York,Usa,7
State St & Smith St,31,31,New York,Usa,7
Albany Ave & Park Pl,6,12,New York,Usa,7
Bailey Ave & W 193 St,19,1,New York,Usa,7
River Ave & E 153 St,10,12,New York,Usa,7
Clinton St & 4 Place,11,4,New York,Usa,7
7 St & 3 Ave,21,0,New York,Usa,7
W Fordham Rd & Loring Pl N,3,17,New York,Usa,7
W 27 St & 6 Ave,16,43,New York,Usa,7
E 12 St & Ave C,15,21,New York,Usa,7
Amsterdam Ave & W 175 St,2,19,New York,Usa,7
6 Ave & 9 St,13,7,New York,Usa,7
Clarkson Ave & E 37 St,21,0,New York,Usa,7
Corona Ave & 92 St,17,2,New York,Usa,7
3 Ave & E 82 St,27,14,New York,Usa,7
83 St & Narrows Ave,12,0,New York,Usa,7
Lorimer St & Broadway,23,1,New York,Usa,7
6 St & 7 Ave,14,1,New York,Usa,7
Tilden Ave & Lott St,15,0,New York,Usa,7
31 St & Astoria Blvd,13,15,New York,Usa,7
Danforth Ave & JFK Blvd,13,0,New York,Usa,7
89 St & 3 Ave,15,0,New York,Usa,7
Frederick Douglass Blvd & W 139 St,6,8,New York,Usa,7
E 27 St & Park Ave S,19,48,New York,Usa,7
E 17 St & Beverley Rd,19,3,New York,Usa,7
Fulton St & Broadway,30,15,New York,Usa,7
3 St & Prospect Park West,0,23,New York,Usa,7
Carmine St & 6 Ave,6,51,New York,Usa,7
Jerome Ave & Bainbridge Ave,9,7,New York,Usa,7
Metropolitan Ave & Bedford Ave,30,21,New York,Usa,7
Harman St & Seneca Ave,16,3,New York,Usa,7
Page Pl & Grand Ave,19,0,New York,Usa,7
Cadman Plaza E & Tillary St,44,6,New York,Usa,7
Madison St & Woodward Ave,19,1,New York,Usa,7
Frederick Douglass Blvd & Harlem River Dr,9,10,New York,Usa,7
Pacific St & Ralph Ave,4,11,New York,Usa,7
6 Ave & W 34 St,2,60,New York,Usa,7
Hinsdale St & Newport St,0,12,New York,Usa,7
Milton St & Franklin St,25,4,New York,Usa,7
Ave A & E 11 St,26,40,New York,Usa,7
W 90 St & Amsterdam Ave,1,25,New York,Usa,7
7 Ave & 20 St,19,0,New York,Usa,7
E 103 St & 2 Ave,26,5,New York,Usa,7
30 Ave & 12 St,26,0,New York,Usa,7
Catalpa Ave & Woodward Ave,3,13,New York,Usa,7
E 31 St & 3 Ave,20,39,New York,Usa,7
Broadway & Berry St,4,25,New York,Usa,7
Pearl St & Hanover Square,66,0,New York,Usa,7
2 Ave & E 99 St,26,1,New York,Usa,7
20 Ave & 48 St,17,3,New York,Usa,7
Bond St & Bergen St,17,5,New York,Usa,7
Stockholm St & Wilson Ave,0,0,New York,Usa,7
67 St & Erik Pl,18,2,New York,Usa,7
57 Rd & 58 St,21,0,New York,Usa,7
Graham Ave & Withers St,9,8,New York,Usa,7
Jerome Ave & E Mosholu Pkwy S,21,0,New York,Usa,7
44 St & 48 Ave,10,7,New York,Usa,7
Bay Ridge Pkwy & 5 Ave,9,1,New York,Usa,7
79 St & 5 Ave,8,3,New York,Usa,7
Highland Blvd & Vermont Pl,17,5,New York,Usa,7
E 181 St & Bathgate Ave,6,14,New York,Usa,7
Martense Ave & 108 St,13,5,New York,Usa,7
Journal Square,8,7,New York,Usa,7
Fort Hamilton Pkwy & 85 St,7,3,New York,Usa,7
Adams St & Prospect St,47,5,New York,Usa,7
Eliot Ave & 60 Ln,9,12,New York,Usa,7
Tinton Ave & E 165 St,5,12,New York,Usa,7
24 Ave & 26 St,10,6,New York,Usa,7
Troy Ave & Linden Blvd,18,0,New York,Usa,7
W 171 St & St Nicholas Ave,5,23,New York,Usa,7
36 St & 47 Ave,3,15,New York,Usa,7
Pacific St & Troy Ave,12,8,New York,Usa,7
E 153 St & E 157 St,9,7,New York,Usa,7
W 87 St & Amsterdam Ave,2,38,New York,Usa,7
31 St & Newtown Ave,17,19,New York,Usa,7
Engert Ave & McGuinness Blvd,7,12,New York,Usa,7
Driggs Ave & N 9 St,11,37,New York,Usa,7
48 St & Broadway,16,12,New York,Usa,7
W 10 St & Washington St,21,41,New York,Usa,7
57 St & 7 Ave,13,7,New York,Usa,7
8 Ave & W 24 St,2,33,New York,Usa,7
Monroe St & Tompkins Ave,5,3,New York,Usa,7
E 39 St & 2 Ave,5,33,New York,Usa,7
E 204 St & Webster Ave,9,6,New York,Usa,7
Union Ave & Jackson St,6,11,New York,Usa,7
10 Ave & W 34 St,25,4,New York,Usa,7
Front St & Gold St,32,4,New York,Usa,7
Crescent St & 30 Ave,19,3,New York,Usa,7
19 St & 8 Ave,19,1,New York,Usa,7
102 St & 34 Ave,13,7,New York,Usa,7
W 180 St & Fort Washington Ave,0,20,New York,Usa,7
Columbia St & Lorraine St,5,30,New York,Usa,7
Brook Ave & E 141 St,10,4,New York,Usa,7
Grand Concourse & E 176 St,0,20,New York,Usa,7
Brooklyn Bridge Park - Pier 2,14,10,New York,Usa,7
West End Ave & W 94 St,9,19,New York,Usa,7
E 19 St & 3 Ave,2,28,New York,Usa,7
39 St & 2 Ave,33,0,New York,Usa,7
94 St & Northern Blvd,3,19,New York,Usa,7
Ditmars Blvd & 31 Dr,26,1,New York,Usa,7
Park Pl & Franklin Ave,10,6,New York,Usa,7
Leonard St & Maujer St,14,7,New York,Usa,7
Fort Washington Ave & W 190 St,4,12,New York,Usa,7
E 163 St & Tiffany St,7,10,New York,Usa,7
Oakland Ave,1,23,New York,Usa,7
E 58 St & 1 Ave (NW Corner),11,40,New York,Usa,7
5 Ave & E 30 St,2,52,New York,Usa,7
Scholes St & Lorimer St,19,8,New York,Usa,7
100 St & Northern Blvd,7,13,New York,Usa,7
Amsterdam Ave & W 172 St,0,20,New York,Usa,7
Linden Blvd & E 91 St,8,0,New York,Usa,7
Southern Blvd & Tiffany St,5,12,New York,Usa,7
47 Ave & 104 St,13,7,New York,Usa,7
Carroll St & Smith St,32,9,New York,Usa,7
E 10 St & Ave A,83,21,New York,Usa,7
South End Ave & Albany St,33,4,New York,Usa,7
Dwight St & Dikeman St,7,14,New York,Usa,7
Montgomery St,11,3,New York,Usa,7
Douglass St & 4 Ave,50,1,New York,Usa,7
President St & Nostrand Ave,3,20,New York,Usa,7
FDR Drive & E 35 St,11,106,New York,Usa,7
Hamilton Pl & W 140 St,5,14,New York,Usa,7
7 Ave & 22 St,14,7,New York,Usa,7
Sedgwick Ave & W Tremont Ave,8,6,New York,Usa,7
Convent Ave & W 151 St,1,21,New York,Usa,7
Grand Ave & 58 Ave,0,7,New York,Usa,7
E 158 St & Melrose Ave,7,14,New York,Usa,7
Jerome Ave & W 184 St,12,4,New York,Usa,7
39 Ave & 99 St,4,13,New York,Usa,7
Willis Ave & Bruckner Blvd,16,2,New York,Usa,7
Convent Ave & W 135 St,2,25,New York,Usa,7
Brooklyn Ave & Dean St,10,5,New York,Usa,7
30 Ave & 47 St,18,3,New York,Usa,7
Southern Blvd & E 187 St,5,5,New York,Usa,7
Kappock St & Independence Ave,11,4,New York,Usa,7
E 93 St & 2 Ave,52,16,New York,Usa,7
Monmouth & 6th,2,12,New York,Usa,7
Church Sq Park - 5 St & Park Ave,6,15,New York,Usa,7
Adams St & 2 St,2,13,New York,Usa,7
Dumont Ave & Thomas S. Boyland St,11,1,New York,Usa,7
Sterling Pl & Bedford Ave,1,0,New York,Usa,7
3 Ave & 14 St,0,23,New York,Usa,7
Broadway & 12 St,19,11,New York,Usa,7
9 Ave & W 204 St,18,3,New York,Usa,7
Elmhurst Ave & Forley St,6,12,New York,Usa,7
Corona Ave & 90 St,19,2,New York,Usa,7
99 St & 58 Ave,22,1,New York,Usa,7
9 Ave & W 18 St,6,73,New York,Usa,7
Pacific St & Rochester Ave,0,14,New York,Usa,7
23 Rd & 31 St,20,1,New York,Usa,7
Queens Blvd N & 75 Ave,20,2,New York,Usa,7
Kosciuszko St & Nostrand Ave,15,2,New York,Usa,7
North Moore St & Greenwich St,4,0,New York,Usa,7
N 11 St & Kent Ave,2,23,New York,Usa,7
Townsend Ave & E 175 St,1,14,New York,Usa,7
Lorimer St & Harrison Ave,15,2,New York,Usa,7
W 44 St & 11 Ave,27,50,New York,Usa,7
Nelson Ave & 167 St,5,13,New York,Usa,7
W 190 St & St Nicholas Ave,8,20,New York,Usa,7
Hinsdale St & Glenmore Ave,1,11,New York,Usa,7
Railroad Ave & Kay Ave,17,9,New York,Usa,7
N Portland Ave & Flushing Ave,27,2,New York,Usa,7
47 St & 3 Ave,19,1,New York,Usa,7
Austin St & 63 Dr,9,4,New York,Usa,7
E 13 St & 2 Ave,9,41,New York,Usa,7
91 St & 31 Ave,18,3,New York,Usa,7
Cypress Ave & Palmetto St,5,18,New York,Usa,7
E 167 St & Franklin Ave,0,16,New York,Usa,7
Lafayette Ave & Franklin Ave,21,3,New York,Usa,7
Tibbett Ave & W 234 St,17,2,New York,Usa,7
31 Ave & 103 St,9,8,New York,Usa,7
61 St & Woodside Ave,5,10,New York,Usa,7
E 58 St & 3 Ave,45,0,New York,Usa,7
6 Ave & 12 St,15,13,New York,Usa,7
Eldert St & Bushwick Ave,11,9,New York,Usa,7
Valentine Ave & E 198 St,0,16,New York,Usa,7
W 95 St & Broadway,2,24,New York,Usa,7
W 37 St & Broadway,0,79,New York,Usa,7
12 St & 4 Ave,19,6,New York,Usa,7
Central Park S & Grand Army Plaza,0,52,New York,Usa,7
63 Dr & Booth St,18,0,New York,Usa,7
Lewis Ave & Kosciuszko St,11,11,New York,Usa,7
Morris Canal,5,7,New York,Usa,7
51 St & Queens Blvd,6,12,New York,Usa,7
E 91 St & 2 Ave,58,13,New York,Usa,7
Wilkins Ave & Crotona Park E,1,14,New York,Usa,7
Bristol St & Pitkin Ave,9,6,New York,Usa,7
65 St & Roosevelt Ave,10,15,New York,Usa,7
Riverside Dr E & W 155 St,0,21,New York,Usa,7
Henry St & Middagh St,13,16,New York,Usa,7
E 50 St & Park Ave,33,2,New York,Usa,7
Crescent St & Ditmars Blvd,14,4,New York,Usa,7
Thompson St & Bleecker St,36,23,New York,Usa,7
Banker St & Meserole Ave,24,6,New York,Usa,7
51 St & 43 Ave,18,8,New York,Usa,7
Sterling Pl & 5 Ave,18,5,New York,Usa,7
Pioneer St & Richards St,10,11,New York,Usa,7
Turner Pl & Coney Island Ave,13,1,New York,Usa,7
Arlington Ave & Wilkinson Ave,0,14,New York,Usa,7
Concord St & Bridge St,7,7,New York,Usa,7
Greenwood Ave & E 4 St,14,5,New York,Usa,7
Greenwich St & Hubert St,1,0,New York,Usa,7
Shore Rd & Narrows Ave,7,1,New York,Usa,7
34 Ave & 48 St,11,10,New York,Usa,7
108 St & Jewel Ave,12,2,New York,Usa,7
N 6 St & Bedford Ave,26,1,New York,Usa,7
Blake Ave & Pennsylvania Ave,7,4,New York,Usa,7
Stewart Ave & Johnson Ave,5,11,New York,Usa,7
Crown St & Troy Ave,14,2,New York,Usa,7
Bushwick Ave & McKibbin St,18,0,New York,Usa,7
8 Ave & W 55 St,32,31,New York,Usa,7
Ditmars Blvd & 76 St,9,6,New York,Usa,7
Pitkin Ave & Grafton St,19,1,New York,Usa,7
Sutter Ave & Sheffield Ave,8,2,New York,Usa,7
56 Dr & 59 St,10,6,New York,Usa,7
Narrows Ave & MacKay Pl,8,0,New York,Usa,7
46 Ave & 5 St,26,13,New York,Usa,7
70 Rd & 112 St,17,1,New York,Usa,7
30 Ave & 96 St,12,7,New York,Usa,7
5 Ave & 67 St,7,11,New York,Usa,7
Stagg St & Morgan Ave,11,7,New York,Usa,7
60 Ave & Fresh Pond Rd,3,13,New York,Usa,7
Greene Ave & Nostrand Ave,22,0,New York,Usa,7
58 St & 56 Dr,14,3,New York,Usa,7
Woodside Ave & 69 St,3,16,New York,Usa,7
Southpoint Park,19,11,New York,Usa,7
49 Ave & 108 St,13,6,New York,Usa,7
W 29 St & 9 Ave,3,36,New York,Usa,7
W 52 St & 6 Ave,49,5,New York,Usa,7
37 St & 13 Ave,10,2,New York,Usa,7
Lewis Ave & Madison St,9,10,New York,Usa,7
Hoboken Ave at Monmouth St,21,7,New York,Usa,7
Taylor St & Bedford Ave,7,12,New York,Usa,7
Hamilton Park,5,16,New York,Usa,7
Willis Ave & E 141 St,16,1,New York,Usa,7
Whitney Ave & Ketcham Pl,11,12,New York,Usa,7
10 Ave & W 14 St,29,50,New York,Usa,7
W 144 St & Adam Clayton Powell Blvd,0,24,New York,Usa,7
Echo Pl & Grand Concourse,3,22,New York,Usa,7
E 191 St & Bathgate Ave,13,12,New York,Usa,7
Amsterdam Ave & W 82 St,0,36,New York,Usa,7
Vyse Ave & Boston Rd,3,11,New York,Usa,7
Lenox Ave & W 117 St,32,9,New York,Usa,7
Ashland Pl & Dekalb Ave,34,9,New York,Usa,7
10 Ave & W 207 St,31,6,New York,Usa,7
Willoughby Ave & Tompkins Ave,13,3,New York,Usa,7
Sterling Pl & Rochester Ave,0,17,New York,Usa,7
Davis St & Jackson Ave,3,27,New York,Usa,7
Old Slip & South St,87,0,New York,Usa,7
Beverley Rd & Nostrand Ave,18,1,New York,Usa,7
4 Ave & 99 St,13,0,New York,Usa,7
E 84 St & 1 Ave,16,7,New York,Usa,7
Bedford Ave & Albemarle Rd,14,3,New York,Usa,7
W 165 St & Fort Washington Ave,4,20,New York,Usa,7
11 Ave & W 59 St,14,14,New York,Usa,7
Broadway & W 25 St,23,76,New York,Usa,7
Hilltop,15,11,New York,Usa,7
E 115 St & Lexington Ave,20,2,New York,Usa,7
E 88 St & 1 Ave,12,23,New York,Usa,7
55 St & Northern Blvd,16,3,New York,Usa,7
Riverdale Ave & W 263 St,6,6,New York,Usa,7
Sunken Meadow Comfort Station,8,11,New York,Usa,7
29 St & Skillman Ave,16,8,New York,Usa,7
Metropolitan Ave & Meeker Ave,9,17,New York,Usa,7
Manhattan Ave & Leonard St,14,3,New York,Usa,7
6 Ave & 60 St,11,8,New York,Usa,7
Pitkin Ave & Jerome St,11,2,New York,Usa,7
Crotona Park North & Prospect Ave,16,2,New York,Usa,7
11 Ave & W 27 St,18,27,New York,Usa,7
South St & Broad St,27,0,New York,Usa,7
Ridge Blvd & 89 St,6,3,New York,Usa,7
W 192 St & University Ave,0,20,New York,Usa,7
114 St & 39 Ave,18,9,New York,Usa,7
Buffalo Ave & St John's Pl,1,17,New York,Usa,7
Carroll St & Columbia St,20,17,New York,Usa,7
Pacific Ave & Communipaw Ave,11,5,New York,Usa,7
W 11 St & 6 Ave,4,71,New York,Usa,7
Mother Gaston Blvd & Lott Ave,10,1,New York,Usa,7
Dyckman St & 10 Ave,10,5,New York,Usa,7
Lexington Ave & E 128 St,13,5,New York,Usa,7
Maurice Ave & 53 Dr,14,0,New York,Usa,7
Steinway St & 19 Ave,17,2,New York,Usa,7
DeKalb Ave & Vanderbilt Ave,4,18,New York,Usa,7
16 St & 4 Ave,24,3,New York,Usa,7
Division Ave & Hooper St,57,4,New York,Usa,7
N 10 St & Berry St,4,41,New York,Usa,7
McDonald Ave & Vanderbilt St,16,1,New York,Usa,7
E 180 St & Prospect Ave,3,14,New York,Usa,7
Van Siclen Ave & Arlington Ave,6,5,New York,Usa,7
Frederick Douglass Blvd & W 112 St,10,17,New York,Usa,7
21 Ave & Crescent St,8,15,New York,Usa,7
110 St & 66 Rd,11,3,New York,Usa,7
Canal St & Rutgers St,23,19,New York,Usa,7
Shore Pkwy Greenway & Bay Ridge Ave,6,15,New York,Usa,7
University Pl & E 8 St,8,63,New York,Usa,7
Bainbridge Ave & E 196 St,0,15,New York,Usa,7
Cooper Ave & 65 Pl,5,16,New York,Usa,7
Wadsworth Ave & W 179 St,0,31,New York,Usa,7
Glenwood Ave,2,15,New York,Usa,7
50 St & 30 Ave,6,16,New York,Usa,7
34 St & 4 Ave,18,0,New York,Usa,7
74 St & Woodside Ave,8,6,New York,Usa,7
St Felix Ave & 61 St,8,12,New York,Usa,7
2 Ave & E 125 St,15,12,New York,Usa,7
Pier 40 - Hudson River Park,7,15,New York,Usa,7
60 Pl & Bleecker St,12,4,New York,Usa,7
47 Ave & Skillman Ave,6,11,New York,Usa,7
Columbus Ave & W 72 St,34,28,New York,Usa,7
E 138 St & Willow Ave,8,6,New York,Usa,7
Dean St & Franklin Ave,10,10,New York,Usa,7
E 149 St & Morris Ave,7,22,New York,Usa,7
58 St & 32 Ave,1,17,New York,Usa,7
