name,free_bikes,empty_slots,city,country,position
Chester Ave & 12 Ave,15,5,New York,Usa,12
W 56 St & 8 Ave,9,39,New York,Usa,12
S Portland Ave & Hanson Pl,14,11,New York,Usa,12
E 78 St & 2 Ave,5,16,New York,Usa,12
87 St & Roosevelt Ave,4,18,New York,Usa,12
E 157 St & River Ave,3,11,New York,Usa,12
E 17 St & Broadway,37,41,New York,Usa,12
Central Ave & Flushing Ave,18,1,New York,Usa,12
Colonial Rd & 71 St,8,4,New York,Usa,12
E 149 St & Eagle Ave,5,13,New York,Usa,12
E 165 St & Jerome Ave,15,3,New York,Usa,12
72 St & 31 Ave,11,9,New York,Usa,12
Amity St & Court St,24,6,New York,Usa,12
Irwin Ave & W 232 St,18,0,New York,Usa,12
Nassau Ave & Russell St,39,11,New York,Usa,12
1 St & 6 Ave,15,15,New York,Usa,12
Bulova Ave & Brooklyn Queens Expressway W,13,7,New York,Usa,12
45 St & 4 Ave,23,0,New York,Usa,12
Watts St & Greenwich St,35,13,New York,Usa,12
Murray St & West St (NW Corner),35,28,New York,Usa,12
Broadway & E 14 St,19,87,New York,Usa,12
Harrison Pl & Porter Ave,12,6,New York,Usa,12
W 87 St & West End Ave,28,14,New York,Usa,12
108 St & 66 Rd,8,10,New York,Usa,12
3 Ave & E 109 St,17,5,New York,Usa,12
3 Ave & 92 St,7,5,New York,Usa,12
Myrtle Ave & St Edwards St,43,6,New York,Usa,12
E 9 St & Ave C,10,35,New York,Usa,12
Marcy Ave & Gates Ave,10,8,New York,Usa,12
Beverley Rd & Flatbush Ave,24,2,New York,Usa,12
Bergen St & Vanderbilt Ave,21,1,New York,Usa,12
E 149 St & Park Ave,18,8,New York,Usa,12
Sheridan Ave & E 168 St,3,19,New York,Usa,12
Dyckman St & Henshaw St,16,0,New York,Usa,12
Hudson St & Reade St,29,24,New York,Usa,12
E 106 St & 1 Ave,12,9,New York,Usa,12
E 1 St & Bowery,31,10,New York,Usa,12
Melrose Ave & E 150 St,8,21,New York,Usa,12
Botanical Sq & Webster Ave,23,4,New York,Usa,12
E 23 St & 1 Ave,10,16,New York,Usa,12
Buchanan Pl & Grand Ave,13,5,New York,Usa,12
Flatbush Ave & Ocean Ave,29,1,New York,Usa,12
Halsey St & Evergreen Ave,8,12,New York,Usa,12
Southern Blvd & E 174 St,17,8,New York,Usa,12
Park Pl & Church St,25,26,New York,Usa,12
Kent Ave & N 7 St,47,30,New York,Usa,12
E 188 St & Creston Ave,25,4,New York,Usa,12
E 92 St & Rutland Rd,8,7,New York,Usa,12
37 St & Fort Hamilton Pkwy,7,2,New York,Usa,12
63 St & 59 Dr,9,13,New York,Usa,12
Decatur Ave & E 197 St,15,0,New York,Usa,12
E 94 St & Madison Ave,16,26,New York,Usa,12
55 Ave & 90 St,18,1,New York,Usa,12
Vernon Blvd & 41 Rd,24,2,New York,Usa,12
South St & Whitehall St,47,2,New York,Usa,12
21 St & Queens Plaza North,14,20,New York,Usa,12
Bronx Park S & Bryant Ave,11,8,New York,Usa,12
W 47 St & 6 Ave,0,0,New York,Usa,12
E 34 St & Linden Blvd,20,1,New York,Usa,12
Liberty St & Broadway,58,8,New York,Usa,12
Frost St & Debevoise Ave,4,17,New York,Usa,12
Greenwich St & Christopher St,14,57,New York,Usa,12
3 Ave & Schermerhorn St,22,9,New York,Usa,12
Franklin Ave & St Marks Ave,20,7,New York,Usa,12
W 170 St & University Ave,3,18,New York,Usa,12
Steuben Ave & E 210 St,6,9,New York,Usa,12
Menahan St & Wyckoff Ave,3,16,New York,Usa,12
E 114 St & 1 Ave,22,0,New York,Usa,12
Bergen St & 4 Ave,26,4,New York,Usa,12
Ave D & E 3 St,14,39,New York,Usa,12
Edgecombe Ave & W 167 St,4,17,New York,Usa,12
W 100 St & Broadway,13,21,New York,Usa,12
Caton Ave & E 10 St,27,3,New York,Usa,12
Morningside Ave & W 123 St,31,3,New York,Usa,12
65 Pl & Central Ave,6,14,New York,Usa,12
Gerard Ave & E 164 St,6,13,New York,Usa,12
Eastern Pkwy & Brooklyn Ave,7,11,New York,Usa,12
Riverview Park,12,5,New York,Usa,12
Jerome Ave & E Gun Hill Rd,12,4,New York,Usa,12
W 42 St & 6 Ave,0,0,New York,Usa,12
Riverside Dr & W 138 St,3,24,New York,Usa,12
39 St & Queens Blvd,13,8,New York,Usa,12
95 St & 35 Ave,9,12,New York,Usa,12
W 78 St & Broadway,18,12,New York,Usa,12
Coffey St & Conover St,6,22,New York,Usa,12
Warren St & Smith St,28,2,New York,Usa,12
E 91 St & Park Ave,29,2,New York,Usa,12
59 St & 4 Ave,19,11,New York,Usa,12
5 Ave & W 126 St,24,1,New York,Usa,12
W 15 St & 6 Ave,20,41,New York,Usa,12
Crotona Pkwy & Elsmere Pl,10,12,New York,Usa,12
Powers St & Olive St,16,3,New York,Usa,12
E 55 St & 2 Ave,5,21,New York,Usa,12
Morris Ave & E 142 St,4,14,New York,Usa,12
Case St & 94 St,10,11,New York,Usa,12
E 2 St & Ave B,17,59,New York,Usa,12
Fulton Ave & E 168 St,1,16,New York,Usa,12
W 92 St & Broadway,9,11,New York,Usa,12
36 St & 4 Ave,26,2,New York,Usa,12
Bloomfield St & 15 St,7,7,New York,Usa,12
Broadway & W 153 St,2,13,New York,Usa,12
Queens Blvd N & 78 Ave,23,0,New York,Usa,12
Washington Ave & Greene Ave,2,14,New York,Usa,12
E 17 St & 2 Ave,3,39,New York,Usa,12
Forley St & Lamont Ave,5,15,New York,Usa,12
Market St & Henry St,31,8,New York,Usa,12
Pacific St & Smith St,42,3,New York,Usa,12
Pacific St & Classon Ave,4,13,New York,Usa,12
Montague St & Hicks St,22,13,New York,Usa,12
E 93 St & Winthrop St,7,5,New York,Usa,12
Union St & Bergen Ave,12,3,New York,Usa,12
W 56 St & 10 Ave,10,28,New York,Usa,12
Grand Concourse & E 199 St,4,14,New York,Usa,12
Knickerbocker Ave & Halsey St,2,14,New York,Usa,12
New York Ave & Snyder Ave,18,1,New York,Usa,12
111 St & 49 Ave,22,8,New York,Usa,12
Home St & Westchester Ave,10,9,New York,Usa,12
Andrews Ave S & W 179 St,6,8,New York,Usa,12
Morton St & Greenwich St,51,1,New York,Usa,12
Lott St & Erasmus St,17,0,New York,Usa,12
Putnam Ave & Throop Ave,7,13,New York,Usa,12
5 Ave & 88 St,12,4,New York,Usa,12
21 St & Hoyt Ave S,30,1,New York,Usa,12
E 176 St & Clinton Ave,4,14,New York,Usa,12
Jay St & York St,34,1,New York,Usa,12
Greenpoint Ave & 47 St,23,1,New York,Usa,12
Clinton St & Centre St,2,17,New York,Usa,12
Bedford Ave & Fenimore St,18,0,New York,Usa,12
E 179 St & Southern Blvd,18,6,New York,Usa,12
E 134 St & Walnut Ave,0,15,New York,Usa,12
Freeman St & Reverend James A Polite Ave,2,16,New York,Usa,12
Carroll St & Washington Ave,1,22,New York,Usa,12
W 45 St & 8 Ave,20,37,New York,Usa,12
Bergen St & Saratoga Ave,4,14,New York,Usa,12
Cleveland Pl & Spring St,24,5,New York,Usa,12
E 180 St & Monterey Ave,6,15,New York,Usa,12
Sumpter St & Fulton St,2,16,New York,Usa,12
79 St & Woodside Ave,6,10,New York,Usa,12
E 15 St & 3 Ave,10,64,New York,Usa,12
Woodside Ave & 55 St,1,17,New York,Usa,12
Nostrand Ave & Flushing Ave,7,15,New York,Usa,12
Yellowstone Blvd & 65 Ave,12,1,New York,Usa,12
20 Ave & 31 St,17,3,New York,Usa,12
Franklin St & Dupont St,0,22,New York,Usa,12
Myrtle Ave & Lewis Ave,2,5,New York,Usa,12
1 Ave & E 94 St,8,30,New York,Usa,12
Queens Blvd S & 71 Ave,25,2,New York,Usa,12
E 135 St & St Ann's Ave,14,1,New York,Usa,12
E 35 St & Madison Ave,6,40,New York,Usa,12
49 St & 25 Ave,7,17,New York,Usa,12
Strong St & University Ave,5,13,New York,Usa,12
Carlton Ave & Park Ave,9,14,New York,Usa,12
110 St & 68 Ave,7,5,New York,Usa,12
Clinton St & Tillary St,0,30,New York,Usa,12
Sheridan Ave & E 172 St,2,17,New York,Usa,12
19 St & 24 Ave,21,0,New York,Usa,12
Winthrop St & Schenectady Ave,19,0,New York,Usa,12
Forsyth St & Canal St,24,1,New York,Usa,12
6 Ave & 21 St,17,5,New York,Usa,12
100 St & 37 Ave,2,16,New York,Usa,12
Beaver St & Fayette St,14,13,New York,Usa,12
Legion St & Blake Ave,1,11,New York,Usa,12
Malcolm X Blvd & DeKalb Ave,3,13,New York,Usa,12
Walton Ave & E 183 St,4,24,New York,Usa,12
Somers St & Rockaway Ave,11,7,New York,Usa,12
Carroll St & 5 Ave,18,6,New York,Usa,12
Astor Place,1,12,New York,Usa,12
12 St & Sinatra Dr N,15,9,New York,Usa,12
Cedar St & Myrtle Ave,11,15,New York,Usa,12
E 45 St & 3 Ave,6,36,New York,Usa,12
Morris Ave & McClellan St,6,14,New York,Usa,12
E 161 St & River Ave,12,16,New York,Usa,12
Park Ave & Marcy Ave,2,18,New York,Usa,12
81 St & 35 Ave,3,16,New York,Usa,12
3 Ave & E 189 St,24,0,New York,Usa,12
27 Ave & 3 St,14,5,New York,Usa,12
Decatur Ave & Bedford Park Blvd,13,3,New York,Usa,12
Riverside Dr & W 82 St,23,48,New York,Usa,12
Fulton St & Adams St,13,27,New York,Usa,12
32 Ave & 81 St,4,12,New York,Usa,12
Driggs Ave & S 2 St,15,14,New York,Usa,12
Jerome Ave & W 193 St,10,4,New York,Usa,12
W 74 St & Columbus Ave,5,19,New York,Usa,12
Central Ave & Himrod St,14,10,New York,Usa,12
W 17 St & 8 Ave,8,60,New York,Usa,12
Paul Ave & W 205 St,9,8,New York,Usa,12
Ditmars Blvd & 79 St,21,4,New York,Usa,12
3 Ave & E 174 St,22,12,New York,Usa,12
Broadway & 49 St,19,5,New York,Usa,12
Calyer St & Jewel St,39,1,New York,Usa,12
Cypress Hills St & Otto Rd,16,1,New York,Usa,12
61 St & 39 Ave,16,11,New York,Usa,12
E 179 St & Daly Ave,9,9,New York,Usa,12
Concourse Village West & E 156 St,4,17,New York,Usa,12
Grand St,11,5,New York,Usa,12
Perry St & Bleecker St,19,12,New York,Usa,12
Broadway & Battery Pl,48,1,New York,Usa,12
Waldron St & 108 St,18,0,New York,Usa,12
Prospect Pl & Underhill Ave,20,1,New York,Usa,12
Broadway & Moylan Pl,34,3,New York,Usa,12
Queens Blvd & 56 St,5,12,New York,Usa,12
Newark St & Washington St,11,14,New York,Usa,12
1 Ave & E 42 St,57,0,New York,Usa,12
Buffalo Ave & E New York Ave,6,12,New York,Usa,12
E 182 St & Grand Concourse,5,16,New York,Usa,12
Prospect Ave & E 151 St,5,15,New York,Usa,12
34 Ave & 74 St,20,3,New York,Usa,12
E 2 St & Ave C,35,43,New York,Usa,12
66 Rd & 102 St,10,7,New York,Usa,12
Sands St & Jay St,46,0,New York,Usa,12
Fulton Ave & E 172 St,9,7,New York,Usa,12
Shore Rd & 86 St,8,3,New York,Usa,12
Christ Hospital,20,1,New York,Usa,12
112 St & Northern Blvd,13,3,New York,Usa,12
59 St & 5 Ave,6,22,New York,Usa,12
Irving Ave & Palmetto St,7,11,New York,Usa,12
University Ave & Macombs Rd,8,12,New York,Usa,12
W 76 St & Columbus Ave,34,12,New York,Usa,12
Lewis Ave & Fulton St,7,6,New York,Usa,12
E 43 St & 2 Ave,10,36,New York,Usa,12
Cortelyou Rd & E 34 St,14,5,New York,Usa,12
46 St & Queens Blvd,27,1,New York,Usa,12
Picnic Point,43,1,New York,Usa,12
26 Ave & 2 St,8,11,New York,Usa,12
Goulden Ave & W 205 St,13,6,New York,Usa,12
53 Ave & 94 St,19,1,New York,Usa,12
Tilden Ave & Nostrand Ave,21,0,New York,Usa,12
62 St & 43 Ave,8,12,New York,Usa,12
E 7 St & Ave B,22,44,New York,Usa,12
Yellowstone Blvd & 68 Ave,9,7,New York,Usa,12
99 St & 35 Ave,6,13,New York,Usa,12
2 Ave & E 29 St,23,27,New York,Usa,12
E 6 St & 2 Ave,51,16,New York,Usa,12
21 St & 21 Ave,9,11,New York,Usa,12
Schermerhorn St & Court St,52,4,New York,Usa,12
Austin St & 66 Ave,9,4,New York,Usa,12
W 89 St & Columbus Ave,31,16,New York,Usa,12
44 Dr & 21 St,2,37,New York,Usa,12
Little West St & 1 Pl,25,3,New York,Usa,12
E 66 St & Madison Ave,7,30,New York,Usa,12
108 St & 39 Ave,17,4,New York,Usa,12
35 St & Broadway,15,2,New York,Usa,12
44 Dr & Jackson Ave,6,22,New York,Usa,12
Front St & Jay St,19,2,New York,Usa,12
E 10 St & 5 Ave,8,32,New York,Usa,12
51 Ave & Junction Blvd,18,1,New York,Usa,12
Halsey St & Broadway,7,11,New York,Usa,12
Southern Blvd & E 175 St,0,19,New York,Usa,12
Berkeley Pl & 6 Ave,18,19,New York,Usa,12
Clarkson Ave & E 91 St,7,4,New York,Usa,12
Linden Blvd & Nostrand Ave,19,1,New York,Usa,12
Broadway & Roebling St,0,22,New York,Usa,12
92 St & Astoria Blvd,9,7,New York,Usa,12
Charlotte St & Boston Rd,2,15,New York,Usa,12
W 18 St & 9 Ave,9,29,New York,Usa,12
Brook Ave & E 138 St,14,8,New York,Usa,12
Grand Concourse & E 171 St,11,12,New York,Usa,12
Ralph Ave & Fulton St,0,20,New York,Usa,12
Broadway & W 157 St,17,13,New York,Usa,12
Leonard St & Church St,4,37,New York,Usa,12
56 St & 2 Ave,14,17,New York,Usa,12
Bedford Ave & Bergen St,3,13,New York,Usa,12
Bus Slip & State St,66,1,New York,Usa,12
Greene Ave & Grandview Ave,5,9,New York,Usa,12
Park Pl & Carlton Ave,4,20,New York,Usa,12
JC Medical Center,14,8,New York,Usa,12
Austin St & 70 Rd,22,1,New York,Usa,12
Church Ave & E 45 St,22,0,New York,Usa,12
Fulton St & William St,19,21,New York,Usa,12
E 81 St & York Ave,10,36,New York,Usa,12
69 St & 43 Ave,15,2,New York,Usa,12
Park Circle & East Dr,21,5,New York,Usa,12
50 St & 7 Ave,9,11,New York,Usa,12
Degraw St & Hoyt St,21,4,New York,Usa,12
E Fordham Rd & Webster Ave,20,11,New York,Usa,12
Ave D & E 10 St,15,14,New York,Usa,12
36 St & Queens Blvd,11,13,New York,Usa,12
Flatbush Ave & Lincoln Rd,17,1,New York,Usa,12
E 174 St & Longfellow Ave,8,9,New York,Usa,12
Wilson Ave & Moffat St,28,3,New York,Usa,12
Jackson Ave & 50 Ave,27,4,New York,Usa,12
E 156 St & Brook Ave,5,11,New York,Usa,12
Bruckner Blvd & Faile St,20,2,New York,Usa,12
Pleasant Ave & E 120 St,18,2,New York,Usa,12
Onderdonk Ave & Gates Ave,1,13,New York,Usa,12
Prospect Pl & 6 Ave,23,0,New York,Usa,12
University Ave & Brandt Pl,0,19,New York,Usa,12
Lincoln Ave & E 138 St,2,20,New York,Usa,12
Edgecombe Ave & W 141 St,12,8,New York,Usa,12
8 Ave & W 27 St,13,16,New York,Usa,12
W 20 St & 5 Ave,41,14,New York,Usa,12
Lenox Ave & W 146 St,18,1,New York,Usa,12
Prospect Park SW & 10 Ave,2,26,New York,Usa,12
Boone Ave & E 172 St,1,16,New York,Usa,12
Ave D & E 12 St,0,38,New York,Usa,12
81 St & 34 Ave,14,9,New York,Usa,12
Marshall St & 2 St,3,15,New York,Usa,12
West End Ave & W 60 St,12,24,New York,Usa,12
46 St & 30 Rd,0,20,New York,Usa,12
Bayard St & Leonard St,39,2,New York,Usa,12
31 Ave & 30 St,9,10,New York,Usa,12
49 Ave & 27 St,13,11,New York,Usa,12
14 St Ferry - 14 St & Shipyard Ln,8,23,New York,Usa,12
43 St & 35 Ave,12,11,New York,Usa,12
Richards St & Delavan St,2,16,New York,Usa,12
Park Pl & Buffalo Ave,2,18,New York,Usa,12
E 61 St & Madison Ave,25,10,New York,Usa,12
E 89 St & 3 Ave,26,12,New York,Usa,12
Grand Concourse & E 181 St,2,19,New York,Usa,12
56 Dr & 61 St,11,8,New York,Usa,12
Lexington Ave & E 29 St,13,34,New York,Usa,12
Ogden Ave & W 165 St,4,12,New York,Usa,12
Willoughby Ave & Hall St,23,25,New York,Usa,12
Yankee Ferry Terminal,5,34,New York,Usa,12
Sedgwick Ave & W Burnside Ave,10,6,New York,Usa,12
Maple St & Flatbush Ave,17,1,New York,Usa,12
5 St & Market St,33,6,New York,Usa,12
Southern Blvd & E 180 St,10,9,New York,Usa,12
65 Ln & Metropolitan Ave,24,0,New York,Usa,12
Van Sinderen Ave & Atlantic Ave,20,0,New York,Usa,12
Broadway & W 160 St,13,6,New York,Usa,12
W 55 St & 6 Ave,0,0,New York,Usa,12
Popham Ave & W 174 St,8,9,New York,Usa,12
Church Ave & Nostrand Ave,27,0,New York,Usa,12
Broadway & W 61 St,13,29,New York,Usa,12
Henry St & Atlantic Ave,11,5,New York,Usa,12
Grand Central Pkwy & 62 Dr,9,5,New York,Usa,12
38 St & Northern Blvd,3,19,New York,Usa,12
21 St & 31 Dr,16,4,New York,Usa,12
Washington St,10,6,New York,Usa,12
57 St & 1 Ave,13,13,New York,Usa,12
Amsterdam Ave & W 136 St,7,13,New York,Usa,12
Columbia St & Kane St,13,3,New York,Usa,12
Clay Ave & E 173 St,7,10,New York,Usa,12
Scholes St & Manhattan Ave,29,5,New York,Usa,12
Alexander Ave & E 134 St,15,2,New York,Usa,12
E 58 St & 1 Ave (NE Corner),9,19,New York,Usa,12
55 Dr & Maurice Ave,14,3,New York,Usa,12
6 Ave & Walker St,18,18,New York,Usa,12
Flushing Ave & Clermont Ave,17,3,New York,Usa,12
Bushwick Ave & Stagg St,7,12,New York,Usa,12
Longwood Ave & Southern Blvd,20,1,New York,Usa,12
Brunswick & 6th,2,11,New York,Usa,12
E 138 St & Cypress Ave,5,15,New York,Usa,12
36 St & Hunters Point Ave,3,18,New York,Usa,12
E 142 St & 3 Ave,1,16,New York,Usa,12
E 20 St & 2 Ave,17,54,New York,Usa,12
Waldo Ave & Manhattan College Pkwy,14,2,New York,Usa,12
Grand St & Samuel Dickstein Plaza,39,41,New York,Usa,12
43 Ave & 40 St,7,12,New York,Usa,12
1 Ave & E 18 St,7,44,New York,Usa,12
Smith St & 9 St,12,8,New York,Usa,12
Frederick Douglass Blvd & W 117 St,29,8,New York,Usa,12
Amsterdam Ave & W 183 St,10,8,New York,Usa,12
St Marks Ave & Ralph Ave,2,15,New York,Usa,12
St Nicholas Ave & W 155 St,17,5,New York,Usa,12
97 St & 23 Ave,3,16,New York,Usa,12
77 St & Colonial Rd,10,3,New York,Usa,12
St Mary's St & Jackson Ave,6,7,New York,Usa,12
Wards Meadow Comfort Station,13,0,New York,Usa,12
Eastern Pkwy & St Marks Ave,15,5,New York,Usa,12
Amsterdam Ave & W 180 St,0,20,New York,Usa,12
Shore Rd & 4 Ave,9,0,New York,Usa,12
Old Fulton St,39,0,New York,Usa,12
111 St & 37 Ave,14,8,New York,Usa,12
Flushing Ave & Woodward Ave,4,16,New York,Usa,12
E 56 St & 3 Ave,13,60,New York,Usa,12
Central Ave & Starr St,12,8,New York,Usa,12
Columbus Park - Clinton St & 9 St,11,13,New York,Usa,12
24 Ave & 87 St,13,6,New York,Usa,12
Seneca Ave & Decatur St,5,14,New York,Usa,12
Eastern Pkwy & Washington Ave,11,15,New York,Usa,12
Pulaski St & Throop Ave,2,13,New York,Usa,12
McGuinness Blvd & Eagle St,17,20,New York,Usa,12
Walton Ave & E 176 St,2,14,New York,Usa,12
Walton Ave & E 153 St,14,3,New York,Usa,12
37 Ave & 106 St,17,0,New York,Usa,12
59 St & 59 Rd,4,14,New York,Usa,12
24 Ave & 92 St,8,12,New York,Usa,12
E 15 St & 5 Ave,1,66,New York,Usa,12
3 Ave & E 72 St,16,17,New York,Usa,12
E 23 St & FDR Dr,22,20,New York,Usa,12
Norman St & Wyckoff Ave,7,6,New York,Usa,12
Schenectady Ave & Prospect Pl,8,11,New York,Usa,12
Colonial Rd & 68 St,5,12,New York,Usa,12
Hudson Pl & Hoboken Terminal,4,33,New York,Usa,12
Pacific St & Utica Ave,9,10,New York,Usa,12
7 Ave & 62 St,15,12,New York,Usa,12
Washington Ave & Park Ave,39,13,New York,Usa,12
Grand Concourse & E 175 St,11,10,New York,Usa,12
Bailey Ave & W 229 St,12,6,New York,Usa,12
Dwight St & Van Dyke St,3,17,New York,Usa,12
University Pl & E 14 St,4,55,New York,Usa,12
Post Rd & W 251 St,1,7,New York,Usa,12
Rogers Ave & Snyder Ave,19,1,New York,Usa,12
78 St & Ridge Blvd,5,7,New York,Usa,12
Pitkin Ave & Watkins St,2,12,New York,Usa,12
Sherman Ave & E 166 St,3,14,New York,Usa,12
Park Ave & St Edwards St,11,0,New York,Usa,12
Wakeman Pl & Ridge Blvd,13,5,New York,Usa,12
St Ann's Ave & Bruckner Blvd,5,11,New York,Usa,12
Herkimer St & New York Ave,0,24,New York,Usa,12
46 Ave & Junction Blvd,14,3,New York,Usa,12
Riverside Blvd & W 67 St,8,68,New York,Usa,12
Broadway & W 53 St,11,70,New York,Usa,12
Gleane St & Britton Ave,1,18,New York,Usa,12
Dock 72 Way & Market St,4,15,New York,Usa,12
West St & Liberty St,33,9,New York,Usa,12
E 85 St & York Ave,16,28,New York,Usa,12
Riverdale Ave & W 261 St,3,9,New York,Usa,12
Varick St & Watts St,24,23,New York,Usa,12
38 Ave & 29 St,4,14,New York,Usa,12
Queens Blvd S & 65 Rd,17,1,New York,Usa,12
Morris Ave & E 163 St,9,8,New York,Usa,12
Featherbed Ln & Jerome Ave,19,1,New York,Usa,12
Howard St & Lafayette St,29,9,New York,Usa,12
Mets Plaza at Citi Field,30,2,New York,Usa,12
36 St & Ditmars Blvd,24,1,New York,Usa,12
Jerome Ave & Anderson Ave,4,13,New York,Usa,12
W 53 St & 10 Ave,9,15,New York,Usa,12
E 182 St & Morris Ave,10,5,New York,Usa,12
Crescent St & 34 Ave,9,15,New York,Usa,12
E Gun Hill Rd & Tryon Ave,16,2,New York,Usa,12
E 74 St & 1 Ave,40,36,New York,Usa,12
Centre St & Seneca Ave,13,9,New York,Usa,12
Somers St & Broadway,13,15,New York,Usa,12
Central Park W & W 85 St,22,8,New York,Usa,12
Central Ave & Melrose St,2,12,New York,Usa,12
E 77 St & 3 Ave,25,19,New York,Usa,12
Stuyvesant Ave & Gates Ave,12,7,New York,Usa,12
Steinway St & 28 Ave,5,17,New York,Usa,12
Cortelyou Rd & E 8 St,16,0,New York,Usa,12
South St & Gouverneur Ln,41,1,New York,Usa,12
Rogers Ave & Sterling St,6,6,New York,Usa,12
E 118 St & Madison Ave,20,5,New York,Usa,12
E 88 St & Park Ave,25,11,New York,Usa,12
Eagle St & Manhattan Ave,7,24,New York,Usa,12
E 38 St & Church Ave,19,0,New York,Usa,12
31 Ave & 84 St,18,2,New York,Usa,12
Pinehurst Ave & W 187 St,7,12,New York,Usa,12
King St & Varick St,18,15,New York,Usa,12
W 13 St & 7 Ave,15,21,New York,Usa,12
Bergen St & Kingston Ave,1,16,New York,Usa,12
Gillmore St & 27 Ave,16,1,New York,Usa,12
40 Ave & Crescent St,4,17,New York,Usa,12
Wilson Ave & Troutman St,3,20,New York,Usa,12
Wyckoff Ave & Jefferson St,10,12,New York,Usa,12
8 Ave & W 52 St,0,28,New York,Usa,12
W 18 St & 6 Ave,35,15,New York,Usa,12
35 St & 34 Ave,10,14,New York,Usa,12
Rivington St & Chrystie St,44,17,New York,Usa,12
Southern Blvd & Ave St John,7,9,New York,Usa,12
Woodside Ave & 60 St,1,17,New York,Usa,12
50 Ave & 65 St,8,10,New York,Usa,12
E 40 St & Park Ave,24,94,New York,Usa,12
Grand Ave & W Fordham Rd,15,3,New York,Usa,12
Broadway & Ellwood St,13,3,New York,Usa,12
Clifton Pl & Bedford Ave,6,13,New York,Usa,12
64 St & 3 Ave,13,20,New York,Usa,12
Adam Clayton Powell Blvd & W 115 St,15,6,New York,Usa,12
Hoe Ave & Jennings St,2,16,New York,Usa,12
61 St & 60 Ln,11,5,New York,Usa,12
Clinton St & Grand St,24,26,New York,Usa,12
Brooklyn Ave & Beverley Rd,16,0,New York,Usa,12
4 Ave & Shore Road Dr,4,14,New York,Usa,12
Forest Ave & Summerfield St,9,12,New York,Usa,12
Windsor Pl & Howard Pl,1,22,New York,Usa,12
92 St & 37 Ave,1,17,New York,Usa,12
98 St & 64 Rd,16,1,New York,Usa,12
Jackson Ave & 46 Rd,8,16,New York,Usa,12
Hancock St & Malcolm X Blvd,9,6,New York,Usa,12
York St & Marin Blvd,10,7,New York,Usa,12
Marcy Ave & Lynch St,17,4,New York,Usa,12
Margaret Corbin Plz & Ft Washington Ave,3,20,New York,Usa,12
City Hall,1,21,New York,Usa,12
Clarkson Ave & Troy Ave,20,0,New York,Usa,12
Hart St & Wyckoff Ave,10,11,New York,Usa,12
Franklin Ave & Quincy St,8,11,New York,Usa,12
99 St & 65 Rd,10,2,New York,Usa,12
Wales Ave & E 147 St,6,11,New York,Usa,12
Lefferts Pl & Franklin Ave,11,11,New York,Usa,12
Southern Blvd & E 172 St,7,9,New York,Usa,12
Kingston Ave & E New York Ave,15,3,New York,Usa,12
E 24 St & Park Ave S,20,50,New York,Usa,12
Gold St & Frankfort St,31,8,New York,Usa,12
Orchard St & Grand St,27,16,New York,Usa,12
Butler St & Court St,29,2,New York,Usa,12
Newtown Ave & 23 St,19,7,New York,Usa,12
Park Ave & Marcus Garvey Blvd,15,5,New York,Usa,12
23 Ave & 83 St,14,1,New York,Usa,12
W 22 St & 10 Ave,26,47,New York,Usa,12
E 184 St & 3 Ave,7,9,New York,Usa,12
Warren St & W Broadway,20,49,New York,Usa,12
Central Park W & W 72 St,20,29,New York,Usa,12
Grand Concourse & E 203 St,2,12,New York,Usa,12
49 St & 31 Ave,4,14,New York,Usa,12
N 9 St & Wythe Ave,18,31,New York,Usa,12
Church St & Worth St,15,27,New York,Usa,12
Columbus Ave & W 95 St,10,25,New York,Usa,12
Lexington Ave & Stuyvesant Ave,1,18,New York,Usa,12
E 16 St & 5 Ave,45,17,New York,Usa,12
Mallory Ave & Roosevelt Ave,10,4,New York,Usa,12
Hull Ave & E Gun Hill Rd,13,1,New York,Usa,12
Colonial Rd & 83 St,7,7,New York,Usa,12
Baldwin at Montgomery,1,12,New York,Usa,12
35 Ave & 37 St,22,6,New York,Usa,12
E 20 St & FDR Dr,28,42,New York,Usa,12
Loring Pl North & W 183 St,3,17,New York,Usa,12
8 Ave & W 38 St,37,23,New York,Usa,12
Dawson St & Intervale Ave,7,10,New York,Usa,12
Queens Blvd S & Yellowstone Blvd,17,5,New York,Usa,12
President St & 4 Ave,23,3,New York,Usa,12
Ave C & E 16 St,27,17,New York,Usa,12
Thomas S. Boyland St & Marion St,3,14,New York,Usa,12
10 St & 5 Ave,14,7,New York,Usa,12
Kent St & McGuinness Blvd,17,2,New York,Usa,12
St Johns Pl & Howard Ave,3,17,New York,Usa,12
Mount Eden Pkwy & Eastburn Ave,6,10,New York,Usa,12
Ocean Ave & New St,5,9,New York,Usa,12
31 Ave & Crescent St,6,13,New York,Usa,12
W 20 St & 10 Ave,20,24,New York,Usa,12
E 11 St & 3 Ave,11,66,New York,Usa,12
Ave D & E 8 St,5,21,New York,Usa,12
Frederick Douglass Blvd & W 129 St,9,16,New York,Usa,12
Brooklyn Ave & Lefferts Ave,14,4,New York,Usa,12
Clarkson Ave & Nostrand Ave,16,3,New York,Usa,12
Academy St & Nagle Ave,12,0,New York,Usa,12
Henry St & Degraw St,13,10,New York,Usa,12
Schenectady Ave & Cortelyou Rd,20,1,New York,Usa,12
112 St & 67 Rd,15,3,New York,Usa,12
20 Ave & 38 St,28,0,New York,Usa,12
W 204 St & Vermilyea Ave,14,2,New York,Usa,12
Marcy Ave & Rutledge St,10,9,New York,Usa,12
Stratford Rd & Beverley Rd,17,2,New York,Usa,12
Broadway & Kosciuszko St,3,21,New York,Usa,12
Arlington Ave & Bramhall Ave,1,16,New York,Usa,12
62 Dr & 97 Pl,17,1,New York,Usa,12
W 34 St & 11 Ave,64,14,New York,Usa,12
57 St & Grand Ave,9,10,New York,Usa,12
Grand Concourse & E 167 St,3,24,New York,Usa,12
E 16 St & Irving Pl,7,67,New York,Usa,12
Marcy Ave & Hart St,0,18,New York,Usa,12
George St & Wilson Ave,8,7,New York,Usa,12
W 107 St & Columbus Ave,1,20,New York,Usa,12
W 52 St & 5 Ave,14,43,New York,Usa,12
Madison Ave & E 82 St,27,0,New York,Usa,12
Seneca Ave & Irvine St,9,7,New York,Usa,12
W 230 St & Marble Hill Ave,22,0,New York,Usa,12
Peck Slip & South St,36,4,New York,Usa,12
Pier 61 at Chelsea Piers,33,1,New York,Usa,12
River Ave & McClellan St,16,3,New York,Usa,12
Woodlawn Ave & Sterling Ave,12,3,New York,Usa,12
William St & Pine St,49,4,New York,Usa,12
3 Ave & Wakeman Pl,5,18,New York,Usa,12
Manhattan Ave & Devoe St,11,12,New York,Usa,12
Grand Concourse & E 166 St,0,22,New York,Usa,12
48 Ave & 5 St,22,58,New York,Usa,12
Webster Ave & E 166 St,11,6,New York,Usa,12
96 St & Northern Blvd,9,9,New York,Usa,12
W 106 St & Amsterdam Ave,21,8,New York,Usa,12
Newport PATH,14,4,New York,Usa,12
E Mosholu Pkwy & E 204 St,4,13,New York,Usa,12
E 16 St & Cortelyou Rd,23,2,New York,Usa,12
39 Ave & 56 St,3,15,New York,Usa,12
37 St & 24 Ave,11,6,New York,Usa,12
E 47 St & 1 Ave,22,47,New York,Usa,12
Sullivan St & Washington Sq,35,19,New York,Usa,12
57 St & 4 Ave,13,5,New York,Usa,12
Bialystoker Pl & Delancey St,10,21,New York,Usa,12
Henry St & Grand St,12,21,New York,Usa,12
Pioneer St & Van Brunt St,4,33,New York,Usa,12
Murray St & Greenwich St,23,23,New York,Usa,12
E 60 St & York Ave,17,15,New York,Usa,12
Dahill Rd & 12 Ave,16,2,New York,Usa,12
Waterbury St & Stagg St,9,13,New York,Usa,12
62 Ave & Queens Blvd,17,2,New York,Usa,12
E 58 St & Madison Ave,35,23,New York,Usa,12
24 St & 5 Ave,12,2,New York,Usa,12
Broadway & W 29 St,12,86,New York,Usa,12
E 171 St & Webster Ave,7,10,New York,Usa,12
E 48 St & 5 Ave,6,53,New York,Usa,12
Fulton St & Irving Pl,10,16,New York,Usa,12
W 163 St & Edgecombe Ave,3,14,New York,Usa,12
39 Ave & 54 St,4,13,New York,Usa,12
Kosciuszko St & Tompkins Ave,2,12,New York,Usa,12
60 Pl & Linden St,1,18,New York,Usa,12
Grand Ave & 55 St,2,15,New York,Usa,12
E 7 St & Ave C,4,32,New York,Usa,12
Fort Washington Ave & W 183 St,19,6,New York,Usa,12
Wyckoff Ave & Stanhope St,13,7,New York,Usa,12
E 89 St & York Ave,17,16,New York,Usa,12
Clinton St & Cherry St,22,20,New York,Usa,12
E 53 St & Madison Ave,20,32,New York,Usa,12
48 Ave & 41 St,12,7,New York,Usa,12
Spring St & Hudson St,0,0,New York,Usa,12
3 Ave & Carroll St,15,10,New York,Usa,12
David Sheridan Plaza & Broadway,13,1,New York,Usa,12
Broadway & E 21 St,23,28,New York,Usa,12
W 56 St & 6 Ave,15,28,New York,Usa,12
Crotona Ave & Crotona Park N,14,2,New York,Usa,12
Broadway & W 251 St,12,4,New York,Usa,12
6 Ave & 55 St,14,5,New York,Usa,12
4 Ave & 81 St,5,10,New York,Usa,12
River Ter & Warren St,36,25,New York,Usa,12
Forsyth St & Grand St,56,6,New York,Usa,12
W 218 St & Indian Rd,19,1,New York,Usa,12
Bedford Ave & S 9 St,11,12,New York,Usa,12
78 St & Northern Blvd,26,13,New York,Usa,12
Prospect Pl & Nostrand Ave,8,14,New York,Usa,12
51 Ave & Van Loon St,21,1,New York,Usa,12
Westchester Ave & Jackson Ave,0,0,New York,Usa,12
E 82 St & East End Ave,17,13,New York,Usa,12
E 141 St & St Ann's Ave,2,16,New York,Usa,12
Broadway & 51 St,22,3,New York,Usa,12
Chauncey St & Malcolm X Blvd,14,8,New York,Usa,12
68 St & 4 Ave,8,6,New York,Usa,12
E 169 St & Fox St,5,11,New York,Usa,12
Knickerbocker Ave & Hancock St,5,15,New York,Usa,12
W 35 St & 9 Ave,8,21,New York,Usa,12
Davidson Ave & W Burnside Ave,19,10,New York,Usa,12
Marcy Ave & Lafayette Ave,14,8,New York,Usa,12
Wyckoff Ave & Cooper Ave,5,12,New York,Usa,12
Woodhaven Blvd & Hoffman Dr,21,9,New York,Usa,12
11 St & Washington St,20,1,New York,Usa,12
W 13 St & 5 Ave,21,19,New York,Usa,12
E 21 St & Church Ave,20,1,New York,Usa,12
Warren St & Roosevelt Ave,7,13,New York,Usa,12
Madison St & Malcolm X Blvd,12,12,New York,Usa,12
W 100 St & Manhattan Ave,26,9,New York,Usa,12
W 46 St & 11 Ave,2,18,New York,Usa,12
Fairmount Pl & Prospect Ave,13,1,New York,Usa,12
E 205 St & Webster Ave,4,8,New York,Usa,12
20 Ave & 42 St,20,1,New York,Usa,12
Schenectady Ave & Maple St,16,1,New York,Usa,12
Fresh Pond Rd & Flushing Ave,18,0,New York,Usa,12
32 Ave & 84 St,11,8,New York,Usa,12
60 Ave & Junction Blvd,20,4,New York,Usa,12
7 St & Monroe St,1,19,New York,Usa,12
Lenox Ave & W 126 St,44,0,New York,Usa,12
Macombs Rd & W 175 St,1,17,New York,Usa,12
Bergen St & Buffalo Ave,1,17,New York,Usa,12
Ocean Pkwy & Ave C,7,8,New York,Usa,12
3 Ave & E 172 St,5,9,New York,Usa,12
Greene Ave & Myrtle Ave,26,3,New York,Usa,12
64 St & 53 Dr,19,0,New York,Usa,12
Sharon St & Olive St,13,9,New York,Usa,12
Cedar St & Evergreen Ave,6,19,New York,Usa,12
Bainbridge Ave & Bedford Park Blvd,10,5,New York,Usa,12
Kent Ave & N 3 St,49,4,New York,Usa,12
33 St & 47 Ave,6,16,New York,Usa,12
Southwest Park - Jackson St & Observer Hwy,9,9,New York,Usa,12
Henry St & Remsen St,13,8,New York,Usa,12
Bedford Ave & Beverley Rd,19,2,New York,Usa,12
E 170 St & Sheridan Ave,1,26,New York,Usa,12
Degraw St & Smith St,15,10,New York,Usa,12
Front St & Washington St,53,1,New York,Usa,12
37 Ave & 113 St,26,3,New York,Usa,12
Ocean Ave & Crooke Ave,24,2,New York,Usa,12
Court St & Huntington St,21,7,New York,Usa,12
W 116 St & Broadway,4,37,New York,Usa,12
W Tremont Ave & Matthewson Rd,9,9,New York,Usa,12
E 128 St & Madison Ave,16,5,New York,Usa,12
Valentine Ave & E 181 St,17,2,New York,Usa,12
Macon St & Nostrand Ave,19,1,New York,Usa,12
5 Ave & E 135 St,12,6,New York,Usa,12
4 Ave & 94 St,21,0,New York,Usa,12
Butler St & 27 Ave,14,3,New York,Usa,12
Macombs Rd & Featherbed Ln,6,7,New York,Usa,12
30 Ave & 41 St,12,10,New York,Usa,12
Tompkins Ave & Hopkins St,8,10,New York,Usa,12
Menahan St & Onderdonk Ave,13,4,New York,Usa,12
Sterling St & Nostrand Ave,17,3,New York,Usa,12
7 Ave & 17 St,1,20,New York,Usa,12
W 50 St & 9 Ave,0,28,New York,Usa,12
E Houston St & Columbia St,42,4,New York,Usa,12
Fulton St & Utica Ave,5,11,New York,Usa,12
Grand St & Elizabeth St,18,23,New York,Usa,12
New York Ave & St Marks Ave,18,5,New York,Usa,12
Vernon Blvd & 50 Ave,32,12,New York,Usa,12
Lafayette St & Jersey St,30,29,New York,Usa,12
Bradley Ave & Greenpoint Ave,6,15,New York,Usa,12
E 25 St & 2 Ave,33,41,New York,Usa,12
W 36 St & 9 Ave,8,32,New York,Usa,12
36 Ave & 10 St,13,5,New York,Usa,12
Knolls Crescent & Kappock St,8,5,New York,Usa,12
E 49 St & Church Ave,21,0,New York,Usa,12
Graham Ave & Conselyea St,22,4,New York,Usa,12
Lispenard St & Broadway,35,44,New York,Usa,12
Paul Ave & Mosholu Pkwy,15,2,New York,Usa,12
Center Blvd & 48 Ave,8,18,New York,Usa,12
Gerard Ave & McClellan St,5,21,New York,Usa,12
Metropolitan Ave & Flushing Ave,0,18,New York,Usa,12
Lenox Ave & W 140 St,14,6,New York,Usa,12
W 147 St & Adam Clayton Powell Blvd,3,19,New York,Usa,12
E 33 St & 1 Ave,47,33,New York,Usa,12
Marble Hill Ave & W 225 St,19,0,New York,Usa,12
Madison St & Cypress Ave,11,4,New York,Usa,12
Church Ave & McDonald Ave,28,0,New York,Usa,12
23 St & 3 Ave,17,1,New York,Usa,12
E 33 St & Park Ave,18,48,New York,Usa,12
St Nicholas Terrace & Convent Ave,7,13,New York,Usa,12
Eastern Pkwy & Troy Ave,6,15,New York,Usa,12
Queens Plaza North & Crescent St,11,24,New York,Usa,12
Lenox Rd & E 43 St,20,0,New York,Usa,12
Riverdale Ave & W 254 St,2,7,New York,Usa,12
108 St & 52 Ave,30,3,New York,Usa,12
Menahan St & Central Ave,13,12,New York,Usa,12
63 Dr & 102 St,14,0,New York,Usa,12
Columbus Drive,3,9,New York,Usa,12
Church Ave & E 42 St,23,1,New York,Usa,12
8 St & Washington St,16,5,New York,Usa,12
Broadway & W 131 St,17,3,New York,Usa,12
Yellowstone Blvd & 67 Rd,8,7,New York,Usa,12
62 St & 4 Ave,3,15,New York,Usa,12
Cumberland St & Lafayette Ave,15,13,New York,Usa,12
Ditmars Blvd & 94 St,15,3,New York,Usa,12
1 Ave & E 16 St,2,40,New York,Usa,12
Kings Hwy & E 94 St,1,17,New York,Usa,12
Lexington Ave & Patchen Ave,6,9,New York,Usa,12
61 St & Laurel Hill Blvd,15,1,New York,Usa,12
4 Ave & 26 St,19,1,New York,Usa,12
W 39 St & 9 Ave,13,30,New York,Usa,12
Willow Ave & E 133 St,7,11,New York,Usa,12
Classon Ave & St Marks Ave,0,23,New York,Usa,12
Bradhurst Ave & W 148 St,15,2,New York,Usa,12
Broadway & W 48 St,13,72,New York,Usa,12
9 Ave & W 33 St,65,26,New York,Usa,12
Cortelyou Rd & Stratford Rd,17,1,New York,Usa,12
3 Ave & E 163 St,7,14,New York,Usa,12
Pike St & Monroe St,22,3,New York,Usa,12
40 Ave & 9 St,13,6,New York,Usa,12
44 St & 3 Ave,16,4,New York,Usa,12
53 St & 5 Ave,28,2,New York,Usa,12
Parade Pl & Crooke Ave,23,3,New York,Usa,12
Shore Blvd & Astoria Park,22,10,New York,Usa,12
52 St & 6 Ave,2,16,New York,Usa,12
Church Ave & Story St,21,0,New York,Usa,12
71 Ave & 110 St,10,8,New York,Usa,12
Westchester Ave & E 156 St,12,6,New York,Usa,12
34 St & 38 Ave,3,21,New York,Usa,12
65 St & 2 Ave,11,6,New York,Usa,12
Crown St & Rogers Ave,8,8,New York,Usa,12
Westchester Ave & Southern Blvd,18,0,New York,Usa,12
Dey St,13,4,New York,Usa,12
W 4 St & 7 Ave S,29,25,New York,Usa,12
35 St & 21 Ave,19,1,New York,Usa,12
63 St & 5 Ave,4,15,New York,Usa,12
42 Pl & Northern Blvd,15,8,New York,Usa,12
E 7 St & Ave A,18,22,New York,Usa,12
1 Pl & Clinton St,21,11,New York,Usa,12
W 30 St & 10 Ave,39,13,New York,Usa,12
W 22 St & 8 Ave,17,44,New York,Usa,12
Grand St & Havemeyer St,9,18,New York,Usa,12
Pershing Field,11,6,New York,Usa,12
Grand Concourse & E 164 St,1,19,New York,Usa,12
Fresh Pond Rd & 69 Ave,20,5,New York,Usa,12
Putnam Ave & Wyckoff Ave,12,7,New York,Usa,12
Frederick Douglass Blvd & W 145 St,0,0,New York,Usa,12
Bergen Ave & Sip Ave,16,14,New York,Usa,12
Washington Ave & Empire Blvd,16,5,New York,Usa,12
Bainbridge Ave & E 211 St,9,7,New York,Usa,12
3 St & 3 Ave,67,7,New York,Usa,12
Vyse Ave & E 181 St,7,12,New York,Usa,12
W 59 St & 10 Ave,14,100,New York,Usa,12
Broadway & W 165 St,5,13,New York,Usa,12
Park Ave & E 42 St,38,40,New York,Usa,12
Riverdale Ave & E 98 St,1,12,New York,Usa,12
Cortelyou Rd & Argyle Rd,22,0,New York,Usa,12
5 Corners Library,4,13,New York,Usa,12
W 27 St & 7 Ave,14,58,New York,Usa,12
60 Pl & 67 Ave,7,5,New York,Usa,12
21 Ave & Shore Blvd,14,6,New York,Usa,12
Nagle Ave & Ellwood St,18,1,New York,Usa,12
Washington Ave & Park Pl,15,17,New York,Usa,12
Ocean Pkwy & Church Ave,13,12,New York,Usa,12
Greenpoint Ave & West St,32,0,New York,Usa,12
John St & William St,46,16,New York,Usa,12
St Nicholas Ave & Manhattan Ave,27,2,New York,Usa,12
Newark Ave,9,10,New York,Usa,12
Corona Ave & 102 St,10,8,New York,Usa,12
MacDougal St & Rockaway Ave,12,6,New York,Usa,12
64 Ave & 108 St,14,1,New York,Usa,12
Herkimer St & Eastern Pkwy,11,8,New York,Usa,12
68 St & 5 Ave,7,4,New York,Usa,12
Macon St & Patchen Ave,4,14,New York,Usa,12
W 25 St & 9 Ave,14,39,New York,Usa,12
Riverside Dr & W 148 St,1,20,New York,Usa,12
21 St & 36 Ave,10,8,New York,Usa,12
Tiebout Ave & E Fordham Rd,3,24,New York,Usa,12
E 8 St & Beverley Rd,4,5,New York,Usa,12
65 St & Broadway,5,12,New York,Usa,12
W 225 St & Exterior St,12,4,New York,Usa,12
W 211 St & 10 Ave,16,1,New York,Usa,12
Willow Ave & 12 St,9,3,New York,Usa,12
48 St & 5 Ave,19,8,New York,Usa,12
3 Ave & E 62 St,17,30,New York,Usa,12
Sherman Ave & Thayer St,18,1,New York,Usa,12
Suydam St & Broadway,8,22,New York,Usa,12
Spruce St & Nassau St,15,15,New York,Usa,12
47 Ave & 48 St,0,19,New York,Usa,12
52 St & 1 Ave,8,10,New York,Usa,12
Fulton St & Saratoga Ave,2,14,New York,Usa,12
Lorimer St & Calyer St,16,4,New York,Usa,12
62 St & Northern Blvd,21,1,New York,Usa,12
Graham Ave & Grand St,14,10,New York,Usa,12
21 St & 38 Ave,10,9,New York,Usa,12
48 St & Skillman Ave,1,18,New York,Usa,12
69 St & 38 Ave,7,15,New York,Usa,12
Shore Rd & 97 St,9,0,New York,Usa,12
Grand Ave & Remsen Pl,18,2,New York,Usa,12
Amsterdam Ave & W 131 St,14,5,New York,Usa,12
Amsterdam Ave & W 119 St,19,8,New York,Usa,12
India St & Manhattan Ave,39,9,New York,Usa,12
E 76 St & Park Ave,23,1,New York,Usa,12
2 Ave & E 122 St,17,3,New York,Usa,12
Columbus Ave & W 103 St,30,3,New York,Usa,12
Judge St & Britton Ave,4,18,New York,Usa,12
Richardson St & N Henry St,2,23,New York,Usa,12
E 44 St & 2 Ave,9,27,New York,Usa,12
Walton Ave & E 168 St,1,14,New York,Usa,12
31 Ave & 34 St,13,8,New York,Usa,12
Irving Ave & DeKalb Ave,4,20,New York,Usa,12
E 65 St & 2 Ave,11,34,New York,Usa,12
23 Ave & 31 St,23,1,New York,Usa,12
28 Ave & 44 St,11,5,New York,Usa,12
1 Ave & E 62 St,29,14,New York,Usa,12
42 St & 1 Ave,15,3,New York,Usa,12
3 Ave & 77 St,10,1,New York,Usa,12
Boston Rd & West Farms Rd,18,6,New York,Usa,12
Leonard Gordon Park,11,1,New York,Usa,12
W 19 St & 11 Ave,38,16,New York,Usa,12
5 Ave & E 103 St,32,1,New York,Usa,12
White St & Moore St,17,0,New York,Usa,12
21 Ave & 80 St,15,4,New York,Usa,12
Johnson St & Gold St,26,7,New York,Usa,12
24 Ave & 29 St,36,1,New York,Usa,12
Myrtle Ave & Fleet Pl,20,21,New York,Usa,12
Amsterdam Ave & W 167 St,17,3,New York,Usa,12
Morgan Ave & Maspeth Ave,25,0,New York,Usa,12
Kingston Ave & Carroll St,6,10,New York,Usa,12
W 110 St & Amsterdam Ave,33,13,New York,Usa,12
Morris Ave & E 171 St,2,16,New York,Usa,12
Reservoir Oval E & Bainbridge Ave,11,4,New York,Usa,12
71 St & 32 Ave,12,6,New York,Usa,12
41 St & 3 Ave,16,2,New York,Usa,12
W 146 St & Broadway,4,21,New York,Usa,12
Culver Ave & JFK Blvd,2,13,New York,Usa,12
West End Ave & W 107 St,10,19,New York,Usa,12
7 Ave & W 55 St,12,52,New York,Usa,12
Borden Ave & Review Ave,12,6,New York,Usa,12
W 20 St & 7 Ave,28,16,New York,Usa,12
E 171 St & 3 Ave,1,18,New York,Usa,12
E 51 St & Linden Blvd,18,0,New York,Usa,12
Graham Ave & Herbert St,4,20,New York,Usa,12
New York Ave & Hawthorne St,15,2,New York,Usa,12
65 St & Otto Rd,16,3,New York,Usa,12
Union St,8,8,New York,Usa,12
Colonial Rd & 89 St,9,0,New York,Usa,12
21 St & 4 Ave,19,0,New York,Usa,12
W 140 St & Riverside Dr,1,19,New York,Usa,12
Greenpoint Ave & Monitor St,17,2,New York,Usa,12
Prospect Ave & Jennings St,1,19,New York,Usa,12
Mama Johnson Field - 4 St & Jackson St,7,13,New York,Usa,12
E 54 St & Linden Blvd,11,0,New York,Usa,12
8 Ave & W 16 St,5,29,New York,Usa,12
Mt Morris Park W & W 120 St,22,1,New York,Usa,12
Jerome Ave & W 177 St,9,17,New York,Usa,12
River St & 1 St,12,11,New York,Usa,12
W 104 St & Amsterdam Ave,10,35,New York,Usa,12
Longfellow Ave & E 165 St,17,3,New York,Usa,12
Hudson Blvd W & W 36 St,12,36,New York,Usa,12
Corona Ave & 98 St,12,5,New York,Usa,12
Clarkson Ave & E 40 St,26,0,New York,Usa,12
Broadway & W 36 St,33,19,New York,Usa,12
Clermont Ave & Lafayette Ave,24,20,New York,Usa,12
30 St & 4 Ave,16,3,New York,Usa,12
W Mosholu Pkwy S & Sedgwick Ave,4,33,New York,Usa,12
W 218 St & Broadway,26,0,New York,Usa,12
Amsterdam Ave & W 66 St,18,5,New York,Usa,12
E 2 St & 2 Ave,51,26,New York,Usa,12
Gramercy Park N & Gramercy Park E,7,35,New York,Usa,12
Bergen St & Flatbush Ave,29,2,New York,Usa,12
Albemarle Rd & E 21 St,16,2,New York,Usa,12
Water St & Gouverneur Ln,36,0,New York,Usa,12
Ferris Triangle Park,5,6,New York,Usa,12
Park Pl & Utica Ave,3,13,New York,Usa,12
E 70 St & Madison Ave,15,25,New York,Usa,12
Willis Ave & E 143 St,4,16,New York,Usa,12
W 50 St & 10 Ave,4,46,New York,Usa,12
Meserole Ave & Manhattan Ave,20,6,New York,Usa,12
2 St & Park Ave,9,6,New York,Usa,12
Featherbed Ln & Nelson Ave,3,14,New York,Usa,12
E 5 St & Cooper Sq,20,27,New York,Usa,12
E 84 St & Park Ave,39,5,New York,Usa,12
67 Ave & Fresh Pond Rd,22,6,New York,Usa,12
Valentine Ave & E 183 St,0,0,New York,Usa,12
E 123 St & Lexington Ave,21,1,New York,Usa,12
71 Ave & Myrtle Ave,15,7,New York,Usa,12
Crescent St & Broadway,5,11,New York,Usa,12
Anthony Ave & E 175 St,9,7,New York,Usa,12
Rockaway Pkwy & Rutland Rd,13,7,New York,Usa,12
53 St & Flushing Ave,1,16,New York,Usa,12
Bedford Ave & Nassau Ave,46,0,New York,Usa,12
E 33 St & 5 Ave,6,50,New York,Usa,12
62 St & 34 Ave,17,5,New York,Usa,12
Herzl St & Newport St,3,9,New York,Usa,12
Riverside Dr & W 72 St,29,11,New York,Usa,12
E 43 St & Madison Ave,11,44,New York,Usa,12
Hunts Point Ave & Bryant Ave,16,3,New York,Usa,12
Bank St & Washington St,7,19,New York,Usa,12
104 St & 32 Ave,2,18,New York,Usa,12
Sterling Pl & Classon Ave,8,18,New York,Usa,12
Norman Ave & Leonard St,18,12,New York,Usa,12
Madison St & Montgomery St,6,12,New York,Usa,12
43 St & 50 Ave,5,13,New York,Usa,12
62 Dr & 110 St,14,0,New York,Usa,12
E 138 St & Park Ave,8,10,New York,Usa,12
Lafayette Ave & St James Pl,31,2,New York,Usa,12
Crotona Ave & E Fordham Rd,19,6,New York,Usa,12
Arthur Ave & E Tremont Ave,7,7,New York,Usa,12
4 Ave & E 12 St,7,31,New York,Usa,12
Van Cortlandt Park S & Dickinson Ave,3,21,New York,Usa,12
Pulaski St & Marcus Garvey Blvd,8,10,New York,Usa,12
Clarkson Ave & Utica Ave,16,0,New York,Usa,12
Adam Clayton Powell Blvd & W 126 St,31,2,New York,Usa,12
86 St & 37 Ave,0,21,New York,Usa,12
43 St & Broadway,4,18,New York,Usa,12
3 St & 7 Ave,12,13,New York,Usa,12
Carroll St & Franklin Ave,1,13,New York,Usa,12
Broadway & W 142 St,4,17,New York,Usa,12
Broadway & Furman Ave,25,2,New York,Usa,12
3 Ave & E 112 St,15,6,New York,Usa,12
River Ave & E 151 St,22,3,New York,Usa,12
72 St & Woodside Ave,3,16,New York,Usa,12
32 Ave & 75 St,3,16,New York,Usa,12
Fairview Ave & Linden St,11,8,New York,Usa,12
W 36 St & 7 Ave,26,7,New York,Usa,12
E 53 St & 3 Ave,6,35,New York,Usa,12
Austin St & 76 Ave,11,1,New York,Usa,12
Prospect Ave & Longwood Ave,6,20,New York,Usa,12
Washington Ave & E 174 St,12,6,New York,Usa,12
White St & Johnson Ave,17,5,New York,Usa,12
Vernon Blvd & 47 Rd,15,15,New York,Usa,12
Washington Pl & Broadway,22,3,New York,Usa,12
Isham St & Broadway,27,1,New York,Usa,12
Amsterdam Ave & W 156 St,2,17,New York,Usa,12
12 Ave & W 40 St,48,20,New York,Usa,12
Pacific St & Thomas S. Boyland St,3,15,New York,Usa,12
W Broadway & W Houston St,48,2,New York,Usa,12
Eames Pl & Claflin Ave,5,11,New York,Usa,12
Skillman Ave & 54 St,0,14,New York,Usa,12
Brook Ave & E 157 St,3,16,New York,Usa,12
34 Ave & Vernon Blvd,25,3,New York,Usa,12
Henry Hudson Pkwy E & W 231 St,3,9,New York,Usa,12
46 St & 7 Ave,4,14,New York,Usa,12
45 Rd & 11 St,2,20,New York,Usa,12
Garfield Light Rail,9,6,New York,Usa,12
Jerome Ave & W Fordham Rd,17,4,New York,Usa,12
Rugby Rd & Beverley Rd,21,0,New York,Usa,12
Caven Point Recreation Fields,13,0,New York,Usa,12
Troy Ave & Park Pl,0,19,New York,Usa,12
Madison Ave & E 26 St,12,61,New York,Usa,12
Adam Clayton Powell Blvd & W 118 St,7,17,New York,Usa,12
University Ave & W Burnside Ave,3,18,New York,Usa,12
W 31 St & 7 Ave,58,22,New York,Usa,12
Arthur Ave & E 183 St,13,8,New York,Usa,12
W 70 St & Amsterdam Ave,15,25,New York,Usa,12
Carroll St & Bond St,2,17,New York,Usa,12
Putnam Ave & Knickerbocker Ave,10,16,New York,Usa,12
Queens Blvd S & 76 Rd,16,2,New York,Usa,12
Broadway & W 238 St,25,1,New York,Usa,12
97 St & 57 Ave,19,0,New York,Usa,12
Macon St & Howard Ave,1,13,New York,Usa,12
68 Dr & 112 St,9,1,New York,Usa,12
Parkside Ave & Parade Pl,15,2,New York,Usa,12
Cortelyou Rd & E 19 St,20,1,New York,Usa,12
Hughes Ave & Oak Tree Pl,11,8,New York,Usa,12
Motorgate,30,4,New York,Usa,12
Sedgwick Ave & Hillman Ave,17,5,New York,Usa,12
Prospect Pl & Vanderbilt Ave,18,2,New York,Usa,12
71 St & 37 Ave,14,7,New York,Usa,12
St Marks Pl & 1 Ave,14,54,New York,Usa,12
Broadway & W 220 St,17,0,New York,Usa,12
Huron St & Franklin St,14,19,New York,Usa,12
Lewis Ave & Decatur St,5,11,New York,Usa,12
E 3 St & 1 Ave,14,40,New York,Usa,12
Bedford Ave & Montgomery St,5,15,New York,Usa,12
Sutter Ave & Grafton St,2,14,New York,Usa,12
W 145 St & Amsterdam Ave,1,20,New York,Usa,12
Park Ave & E 124 St,26,5,New York,Usa,12
Winthrop St & Nostrand Ave,21,1,New York,Usa,12
E 22 St & 2 Ave,3,43,New York,Usa,12
Boerum St & Broadway,6,10,New York,Usa,12
1 Ave & E 68 St,27,32,New York,Usa,12
Grand Army Plaza & Plaza St West,27,3,New York,Usa,12
Broadway & W 192 St,10,13,New York,Usa,12
78 Ave & Queens Blvd S,28,0,New York,Usa,12
4 Ave & 72 St,1,10,New York,Usa,12
34 St & 48 Ave,6,18,New York,Usa,12
Vernon Blvd & 10 St,36,0,New York,Usa,12
E 4 St & Ave B,8,25,New York,Usa,12
E 14 St & 1 Ave,14,17,New York,Usa,12
Pacific St & Sackman St,11,1,New York,Usa,12
31 Ave & 14 St,17,1,New York,Usa,12
Monroe St & Patchen Ave,16,1,New York,Usa,12
Ditmars Blvd & 19 St,15,9,New York,Usa,12
8 Ave & W 33 St,10,84,New York,Usa,12
Edgecombe Ave & W 150 St,0,16,New York,Usa,12
Brunswick St,16,5,New York,Usa,12
Hoyt St & Warren St,28,7,New York,Usa,12
79 St & Roosevelt Ave,7,16,New York,Usa,12
Southern Blvd & Xavier Way,12,17,New York,Usa,12
Matthews Ct & Coney Island Ave,19,0,New York,Usa,12
31 Ave & Steinway St,12,13,New York,Usa,12
Bailey Ave & Sedgwick Ave,4,14,New York,Usa,12
Sterling St & Bedford Ave,8,5,New York,Usa,12
W 160 St & St Nicholas Ave,10,12,New York,Usa,12
Faile St & Garrison Ave,16,1,New York,Usa,12
Hanson Pl & Ashland Pl,37,1,New York,Usa,12
E 48 St & 3 Ave,7,63,New York,Usa,12
33 St & Queens Blvd,13,9,New York,Usa,12
Leonard St & Boerum St,16,6,New York,Usa,12
E 6 St & Ave B,46,46,New York,Usa,12
100 St & Lewis Ave,17,3,New York,Usa,12
48 St & 2 Ave,15,0,New York,Usa,12
W 20 St & 8 Ave,31,51,New York,Usa,12
Roebling St & N 4 St,11,9,New York,Usa,12
43 St & 23 Ave,21,2,New York,Usa,12
Emerson Pl & Myrtle Ave,46,14,New York,Usa,12
Henry St & W 9 St,7,12,New York,Usa,12
90 St & 32 Ave,3,16,New York,Usa,12
Eastern Pkwy & Schenectady Ave,6,13,New York,Usa,12
81 St & 24 Ave,15,3,New York,Usa,12
E 51 St & 2 Ave,34,21,New York,Usa,12
Ithaca St & Baxter Ave,6,16,New York,Usa,12
Central Park W & W 91 St,34,12,New York,Usa,12
Shea Rd & Boat Basin Pl,10,18,New York,Usa,12
Jersey & 6th St,6,5,New York,Usa,12
Fort Washington Ave & W 173 St,4,17,New York,Usa,12
Madison St & Clinton St,31,7,New York,Usa,12
37 Ave & 35 St,13,11,New York,Usa,12
Arion Pl & Broadway,11,7,New York,Usa,12
28 St & 36 Ave,0,13,New York,Usa,12
N 12 St & Bedford Ave,40,4,New York,Usa,12
6 Ave & 78 St,6,3,New York,Usa,12
9 Ave & W 22 St,6,76,New York,Usa,12
9 St & 44 Rd,29,4,New York,Usa,12
St Marks Ave & Thomas S. Boyland St,9,11,New York,Usa,12
Lewis Ave & Greene Ave,17,5,New York,Usa,12
West Side Ave & Stegman Pkwy,10,6,New York,Usa,12
E 178 St & Monterey Ave,1,19,New York,Usa,12
Jerome Ave & E 198 St,6,13,New York,Usa,12
Monroe St & Classon Ave,5,13,New York,Usa,12
5 Ave & E 87 St,36,0,New York,Usa,12
Macon St & Lewis Ave,15,3,New York,Usa,12
Nelson Ave & W 172 St,4,8,New York,Usa,12
Rockaway Pkwy & Church Ave,0,21,New York,Usa,12
W 82 St & Central Park W,19,21,New York,Usa,12
3 Ave & E Tremont Ave,7,19,New York,Usa,12
E New York Ave & Troy Ave,17,3,New York,Usa,12
E 11 St & Ave B,6,59,New York,Usa,12
99 St & 38 Ave,2,25,New York,Usa,12
Steinway St & Broadway,28,3,New York,Usa,12
E 2 St & Ave A,0,63,New York,Usa,12
Myrtle Ave & Linden St,16,6,New York,Usa,12
Nostrand Ave & Rutland Rd,15,2,New York,Usa,12
Park Pl & Vanderbilt Ave,20,0,New York,Usa,12
Van Cleef St & 108 St,19,1,New York,Usa,12
W 47 St & 10 Ave,0,33,New York,Usa,12
Atlantic Ave & Furman St,49,1,New York,Usa,12
28 Ave & 35 St,17,9,New York,Usa,12
40 St & Queens Blvd,8,16,New York,Usa,12
1 Ave & E 38 St,7,32,New York,Usa,12
Prospect Pl & Howard Ave,3,13,New York,Usa,12
Johnson Ave & W 235 St,1,14,New York,Usa,12
5 St & 51 Ave,7,12,New York,Usa,12
Putnam Ave & Nostrand Ave,7,7,New York,Usa,12
Sands St Gate,15,0,New York,Usa,12
28 St & 41 Ave,7,20,New York,Usa,12
Boston Rd & Prospect Ave,1,16,New York,Usa,12
41 Ave & 67 St,6,14,New York,Usa,12
Roosevelt Ave & 104 St,14,8,New York,Usa,12
Boston Rd & E 167 St,4,14,New York,Usa,12
Kingsland Ave & Nassau Ave,21,17,New York,Usa,12
National St & 45 Ave,9,8,New York,Usa,12
Windsor Pl & 8 Ave,0,16,New York,Usa,12
South Waterfront Walkway - Sinatra Dr & 1 St,3,24,New York,Usa,12
63 St & Borden Ave,19,1,New York,Usa,12
Clark St & Henry St,29,10,New York,Usa,12
31 St & 21 Ave,19,7,New York,Usa,12
Grand Concourse & E 156 St,5,14,New York,Usa,12
W 37 St & 5 Ave,1,0,New York,Usa,12
3 Ave & E 169 St,1,18,New York,Usa,12
Old Broadway & W 133 St,16,1,New York,Usa,12
Lafayette Ave & Stuyvesant Ave,13,10,New York,Usa,12
Brooklyn Ave & Prospect Pl,2,21,New York,Usa,12
65 Pl & 53 Ave,16,2,New York,Usa,12
Ditmas Ave & McDonald Ave,20,1,New York,Usa,12
73 St & Ridge Blvd,7,4,New York,Usa,12
Kent Ave & Grand St,30,3,New York,Usa,12
Rockaway Pkwy & Winthrop St,12,2,New York,Usa,12
Clinton St & Union St,34,3,New York,Usa,12
5 Ave & W 139 St,17,0,New York,Usa,12
Lexington Ave & E 36 St,5,18,New York,Usa,12
60 St & 37 Ave,6,10,New York,Usa,12
W 231 St & Tibbett Ave,15,0,New York,Usa,12
25 Ave & 85 St,8,2,New York,Usa,12
Pleasant Ave & E 116 St,19,0,New York,Usa,12
Fort Hamilton Pkwy & 95 St,14,1,New York,Usa,12
Metropolitan Ave & Vandervoort Ave,8,15,New York,Usa,12
Concourse Village East & E 158 St,6,23,New York,Usa,12
Fort Hamilton Pkwy & 92 St,15,0,New York,Usa,12
Queens Blvd N & 71 Ave,6,21,New York,Usa,12
Palmetto St & Traffic Ave,3,17,New York,Usa,12
W 40 St & 7 Ave,14,26,New York,Usa,12
Irving Ave & Jefferson St,6,10,New York,Usa,12
36 Ave & 31 St,5,18,New York,Usa,12
W 160 St & Riverside Dr,3,19,New York,Usa,12
E 51 St & Lexington Ave,8,62,New York,Usa,12
Lafayette St & Grand St,27,47,New York,Usa,12
City Hall - Washington St & 1 St,7,1,New York,Usa,12
E 138 St & 5 Ave,10,9,New York,Usa,12
Wyckoff St & 3 Ave,15,5,New York,Usa,12
Wallabout St & Kent Ave,13,8,New York,Usa,12
Grand Concourse & E Mosholu Pkwy S,2,15,New York,Usa,12
Sterling Pl & New York Ave,1,19,New York,Usa,12
Broadway & W 168 St,19,7,New York,Usa,12
E 10 St & 2 Ave,39,0,New York,Usa,12
Linden Blvd & Church Ave,3,14,New York,Usa,12
E 12 St & 3 Ave,19,47,New York,Usa,12
Cauldwell Ave & E 158 St,5,12,New York,Usa,12
Decatur Ave & Oliver Pl,6,14,New York,Usa,12
Maiden Ln & Pearl St,24,2,New York,Usa,12
Thomas S. Boyland St & Macon St,4,15,New York,Usa,12
Leonard St & Nassau Ave,36,0,New York,Usa,12
Plaza St East & Flatbush Ave,40,16,New York,Usa,12
W Broadway & Watts St,40,7,New York,Usa,12
W 111 St & 5 Ave,14,3,New York,Usa,12
Lexington Ave & E 111 St,13,11,New York,Usa,12
8 Ave & W 31 St,75,18,New York,Usa,12
E 141 St & Jackson Ave,6,12,New York,Usa,12
Bushwick Ave & Harman St,1,23,New York,Usa,12
21 St & 23 Ave,19,1,New York,Usa,12
49 Ave & 21 St,2,7,New York,Usa,12
E 188 St & Hughes Ave,5,14,New York,Usa,12
Newton Rd & 44 St,4,14,New York,Usa,12
Melrose Ave & E 154 St,3,14,New York,Usa,12
7 Ave S & Bleecker St,22,53,New York,Usa,12
Summerfield St & Cypress Ave,3,15,New York,Usa,12
Broadway & Madison St,15,9,New York,Usa,12
E 169 St & Webster Ave,10,11,New York,Usa,12
Cypress Ave & George St,12,7,New York,Usa,12
Marion Ave & Mosholu Pkwy,17,2,New York,Usa,12
W 51 St & 6 Ave,0,0,New York,Usa,12
92 St & 35 Ave,2,22,New York,Usa,12
1 Ave & E 6 St,42,48,New York,Usa,12
11 St & 44 Rd,14,10,New York,Usa,12
104 St & Northern Blvd,9,13,New York,Usa,12
Tyler Ave & Maurice Ave,13,6,New York,Usa,12
E New York Ave & Utica Ave,20,0,New York,Usa,12
11 Ave & Prospect Ave,0,18,New York,Usa,12
Central Park W & W 97 St,36,14,New York,Usa,12
Crescent Ave & Belmont Ave,3,19,New York,Usa,12
Bronx Shore Comfort Station,11,13,New York,Usa,12
Willoughby St & Fleet St,21,33,New York,Usa,12
Nassau Ave & Newell St,41,7,New York,Usa,12
Madison Ave & E 120 St,25,3,New York,Usa,12
W 148 St & Amsterdam Ave,4,16,New York,Usa,12
43 Ave & 111 St,9,10,New York,Usa,12
DeKalb Ave & Hudson Ave,60,4,New York,Usa,12
St Johns Pl & Utica Ave,10,9,New York,Usa,12
Verona Pl & Fulton St,3,12,New York,Usa,12
Smith St & 3 St,15,9,New York,Usa,12
34 Ave & 45 St,10,12,New York,Usa,12
5 St & 6 Ave,12,7,New York,Usa,12
Goble Pl & Macombs Rd,10,5,New York,Usa,12
W 186 St & St Nicholas Ave,9,14,New York,Usa,12
Albany Ave & Carroll St,9,6,New York,Usa,12
61 St & Borden Ave,19,1,New York,Usa,12
Metropolitan Ave & 65 Ln,21,2,New York,Usa,12
Jefferson Ave & Evergreen Ave,6,7,New York,Usa,12
E 72 St & Park Ave,25,15,New York,Usa,12
University Ave & Morton Pl,2,15,New York,Usa,12
Rogers Pl & E 165 St,12,6,New York,Usa,12
Southern Blvd & E 149 St,8,15,New York,Usa,12
St Johns Pl & Washington Ave,12,14,New York,Usa,12
College Ave & E 170 St,0,20,New York,Usa,12
Steinway St & Ditmars Blvd,21,0,New York,Usa,12
Amsterdam Ave & W 73 St,24,28,New York,Usa,12
Mother Gaston Blvd & Glenmore Ave,2,14,New York,Usa,12
Garfield Pl & 8 Ave,15,10,New York,Usa,12
Richard St Light Rail,10,5,New York,Usa,12
W 133 St & 12 Ave,18,0,New York,Usa,12
E 163 St & Union Ave,20,2,New York,Usa,12
Caton Ave & Bedford Ave,13,4,New York,Usa,12
Shakespeare Ave & W 169 St,6,9,New York,Usa,12
7 Ave & Central Park South,6,71,New York,Usa,12
Carroll St & Utica Ave,7,8,New York,Usa,12
Thomas S. Boyland St & Fulton St,9,10,New York,Usa,12
Winthrop St & Albany Ave,16,0,New York,Usa,12
Laight St & Hudson St,18,68,New York,Usa,12
St James Pl & Oliver St,46,0,New York,Usa,12
50 St & Northern Blvd,14,13,New York,Usa,12
Degraw St & 3 Ave,32,2,New York,Usa,12
Ditmars Blvd & 73 St,8,9,New York,Usa,12
W 238 St & Tibbett Ave,16,3,New York,Usa,12
Ogden Ave & Merriam Ave,12,3,New York,Usa,12
23 Ave & 27 St,20,0,New York,Usa,12
Lexington Ave & E 24 St,19,54,New York,Usa,12
Withers St & Kingsland Ave,13,3,New York,Usa,12
Flatbush Ave & Fenimore St,14,3,New York,Usa,12
30 Ave & 21 St,10,4,New York,Usa,12
E 25 St & 1 Ave,3,28,New York,Usa,12
Willis Ave & E 137 St,11,5,New York,Usa,12
Green St & McGuinness Blvd,18,0,New York,Usa,12
Bedford Ave & Maple St,16,5,New York,Usa,12
Bainbridge Ave & E 198 St,13,7,New York,Usa,12
82 St & 30 Ave,15,3,New York,Usa,12
Ave A & E 14 St,26,6,New York,Usa,12
Carroll St & Rochester Ave,6,13,New York,Usa,12
Driggs Ave & N Henry St,20,37,New York,Usa,12
Washington Ave & E 163 St,1,16,New York,Usa,12
W 106 St & Central Park W,21,36,New York,Usa,12
Vernon Blvd & 31 Ave,9,8,New York,Usa,12
Adam Clayton Powell Blvd & W 130 St,13,7,New York,Usa,12
43 Ave & 47 St,19,11,New York,Usa,12
Vesey Pl & River Terrace,37,15,New York,Usa,12
Snyder Ave & Schenectady Ave,17,0,New York,Usa,12
7 Ave & 40 St,1,20,New York,Usa,12
Woodside Ave & Roosevelt Ave,5,12,New York,Usa,12
Plaza Dr & W 170 St,0,0,New York,Usa,12
S 5 Pl & S 5 St,35,6,New York,Usa,12
1 Ave & E 118 St,19,1,New York,Usa,12
24 St & 38 Ave,6,11,New York,Usa,12
Broadway & Morris St,60,2,New York,Usa,12
Aqueduct Ave & W 190 St,6,12,New York,Usa,12
Grand Ave & Bergen St,8,13,New York,Usa,12
Marin Light Rail,14,12,New York,Usa,12
Prospect Park SW & 16 St,15,18,New York,Usa,12
Grand Ave & W 181 St,2,15,New York,Usa,12
E 133 St & Cypress Pl,6,10,New York,Usa,12
W 237 St & Hudson Manor Terrace,5,4,New York,Usa,12
Louis Nine Blvd & Intervale Ave,11,3,New York,Usa,12
Stevens - River Ter & 6 St,14,2,New York,Usa,12
Fort Hamilton Pkwy & E 5 St,7,14,New York,Usa,12
Berkeley Pl & 7 Ave,11,12,New York,Usa,12
Queens Blvd & Broadway,15,7,New York,Usa,12
E 1 St & 1 Ave,19,54,New York,Usa,12
Carroll St & 6 Ave,8,9,New York,Usa,12
S 4 St & Roebling St,7,30,New York,Usa,12
Washington Ave & E 167 St,4,12,New York,Usa,12
Market St & Cherry St,34,4,New York,Usa,12
Duffield St & Willoughby St,17,27,New York,Usa,12
Franklin St & W Broadway,21,9,New York,Usa,12
W 54 St & 9 Ave,2,41,New York,Usa,12
86 St & Ridge Blvd,10,6,New York,Usa,12
Frederick Douglass Blvd & W 115 St,26,4,New York,Usa,12
Sedgwick Ave & W 231 St,15,2,New York,Usa,12
E 97 St & 3 Ave,9,19,New York,Usa,12
Gerard Ave & E 165 St,10,10,New York,Usa,12
9 Ave & W 219 St,19,0,New York,Usa,12
Cadman Plaza E & Red Cross Pl,34,3,New York,Usa,12
36 St & 3 Ave,27,0,New York,Usa,12
Wythe Ave & N 13 St,40,0,New York,Usa,12
11 St & 43 Ave,20,5,New York,Usa,12
Clinton St & Grand St,5,10,New York,Usa,12
Putnam Ave & Ralph Ave,8,6,New York,Usa,12
39 St & 47 Ave,10,6,New York,Usa,12
Grand Concourse & E 205 St,0,17,New York,Usa,12
Moffat St & Bushwick,3,14,New York,Usa,12
Schermerhorn St & Hoyt St,20,36,New York,Usa,12
Stagg St & Union Ave,4,26,New York,Usa,12
41 Ave & 80 St,9,14,New York,Usa,12
Park Ave & E 162 St,5,13,New York,Usa,12
Southern Blvd & E 142 St,3,19,New York,Usa,12
Albemarle Rd & McDonald Ave,18,1,New York,Usa,12
Walton Ave & E 151 St,12,13,New York,Usa,12
Stanton St & Chrystie St,14,31,New York,Usa,12
Pike St & E Broadway,32,1,New York,Usa,12
Exchange Pl,13,15,New York,Usa,12
E 54 St & 1 Ave,15,23,New York,Usa,12
South St & Pike St,21,12,New York,Usa,12
Riverside Dr & W 153 St,10,8,New York,Usa,12
Sterling Pl & Schenectady Ave,9,10,New York,Usa,12
Central Park W & W 68 St,27,11,New York,Usa,12
E Burnside Ave & Ryer Ave,11,8,New York,Usa,12
Waterloo Pl & Crotona Park East,10,4,New York,Usa,12
Giles Pl & Fort Independence St,8,9,New York,Usa,12
Bainbridge Ave & E 206 St,0,20,New York,Usa,12
Jefferson Ave & Patchen Ave,12,5,New York,Usa,12
Douglass St & 3 Ave,31,2,New York,Usa,12
Clinton St & Newark St,3,10,New York,Usa,12
101 St & Fort Hamilton Pkwy,12,0,New York,Usa,12
E 187 St & 3 Ave,16,0,New York,Usa,12
Hancock St & Wyckoff Ave,9,9,New York,Usa,12
Chauncey St & Howard Ave,2,17,New York,Usa,12
Shore Rd & 80 St,10,2,New York,Usa,12
W 25 St & 6 Ave,15,34,New York,Usa,12
Central Ave & Decatur St,11,6,New York,Usa,12
Beverley Rd & E 49 St,19,0,New York,Usa,12
Seigel St & Humboldt St,23,18,New York,Usa,12
Murray St & West St,42,15,New York,Usa,12
E 156 St & Courtlandt Ave,14,7,New York,Usa,12
86 St & 35 Ave,6,14,New York,Usa,12
W Tremont Ave & Grand Ave,4,14,New York,Usa,12
76 St & 45 Ave,10,9,New York,Usa,12
Crescent St & 35 Ave,2,22,New York,Usa,12
99 St & Astoria Blvd,15,5,New York,Usa,12
Van Vorst Park,11,10,New York,Usa,12
Hancock St & Bedford Ave,8,15,New York,Usa,12
W 54 St & 6 Ave,17,44,New York,Usa,12
Division Ave & Marcy Ave,8,24,New York,Usa,12
87 St & 30 Ave,6,14,New York,Usa,12
84 St & Roosevelt Ave,0,14,New York,Usa,12
6 Ave & W 33 St,23,51,New York,Usa,12
Barclay St & Church St,20,12,New York,Usa,12
55 St & 7 Ave,9,16,New York,Usa,12
Grand St & Wythe Ave,50,3,New York,Usa,12
82 St & Broadway,25,3,New York,Usa,12
Park Ave & E 179 St,17,6,New York,Usa,12
Prospect Park West & 8 St,9,11,New York,Usa,12
Lincoln Pl & Nostrand Ave,3,17,New York,Usa,12
Danforth Ave & Sullivan Dr,10,5,New York,Usa,12
New Utrecht Ave & 9 Ave,13,2,New York,Usa,12
E 144 St & Brook Ave,2,13,New York,Usa,12
Bridge St & Front St,42,1,New York,Usa,12
7 St & 5 Ave,12,8,New York,Usa,12
14 St & 5 Ave,12,3,New York,Usa,12
Eastern Pkwy & Ralph Ave,6,15,New York,Usa,12
E 44 St & Lexington Ave,26,21,New York,Usa,12
10 St & 7 Ave,9,10,New York,Usa,12
31 St & Hoyt Ave N,32,0,New York,Usa,12
Brook Ave & E 148 St,2,17,New York,Usa,12
W 135 St & Lenox Terrace Pl,26,0,New York,Usa,12
E 95 St & 3 Ave,10,18,New York,Usa,12
Webster Ave & Ford St,20,3,New York,Usa,12
Central Ave & Weirfield St,12,4,New York,Usa,12
E 68 St & 3 Ave,28,7,New York,Usa,12
Centre St & Worth St,46,72,New York,Usa,12
Riverside Dr & W 78 St,15,59,New York,Usa,12
12 Ave & 36 St,12,7,New York,Usa,12
Webb Ave & W 190 St,2,19,New York,Usa,12
Queens Blvd N & 63 Rd,28,0,New York,Usa,12
75 St & Northern Blvd,13,2,New York,Usa,12
27 Ave & 9 St,32,6,New York,Usa,12
Commerce St & Van Brunt St,1,14,New York,Usa,12
Adams St & 12 St,4,9,New York,Usa,12
2 Ave & E 72 St,17,29,New York,Usa,12
Riverside Dr & Broadway,15,4,New York,Usa,12
Union Ave & Wallabout St,26,4,New York,Usa,12
Riverside Dr & W 104 St,33,20,New York,Usa,12
W 84 St & Broadway,21,42,New York,Usa,12
5 Ave & E 78 St,34,11,New York,Usa,12
Underhill Ave & Pacific St,17,2,New York,Usa,12
E 149 St & Jackson Ave,1,19,New York,Usa,12
3 Ave & E 100 St,10,14,New York,Usa,12
Pitt St & Stanton St,4,10,New York,Usa,12
60 Ave & Otis Ave,19,0,New York,Usa,12
47 Ave & 31 St,7,20,New York,Usa,12
Pierrepont St & Monroe Pl,4,17,New York,Usa,12
E 30 St & Park Ave S,21,30,New York,Usa,12
Amory Ct & Metropolitan Ave,2,14,New York,Usa,12
Plaza St West & Flatbush Ave,19,22,New York,Usa,12
Seaman Ave & Isham St,21,0,New York,Usa,12
Audubon Ave & Fort George Ave,2,18,New York,Usa,12
Congress St & Clinton St,38,3,New York,Usa,12
Albany Ave & Fulton St,20,3,New York,Usa,12
E 3 St & Cortelyou Rd,10,3,New York,Usa,12
E 160 St & Tinton Ave,5,14,New York,Usa,12
103 St & Martense Ave,16,2,New York,Usa,12
21 St & 43 Ave,13,13,New York,Usa,12
31 St & Thomson Ave,15,32,New York,Usa,12
31 Ave & 61 St,18,2,New York,Usa,12
Broadway & 31 St,24,8,New York,Usa,12
Hoboken Terminal - Hudson St & Hudson Pl,18,1,New York,Usa,12
Broadway & W 133 St,5,14,New York,Usa,12
Bleecker St & Crosby St,52,5,New York,Usa,12
Adam Clayton Powell Blvd & W 123 St,18,11,New York,Usa,12
Greene Ave & Throop Ave,2,14,New York,Usa,12
77 St & 31 Ave,16,3,New York,Usa,12
Macombs Pl & W 152 St,23,10,New York,Usa,12
W 120 St & Claremont Ave,15,24,New York,Usa,12
Kingston Ave & Park Pl,12,5,New York,Usa,12
Jersey & 3rd,8,4,New York,Usa,12
Frost St & Meeker Ave,10,28,New York,Usa,12
E 47 St & Park Ave,10,69,New York,Usa,12
Mott St & Prince St,34,1,New York,Usa,12
Paulus Hook,7,6,New York,Usa,12
55 Ave & Center Blvd,8,17,New York,Usa,12
Ovington Ave & 3 Ave,8,1,New York,Usa,12
Perry St & Greenwich Ave,16,36,New York,Usa,12
E 75 St & 3 Ave,15,25,New York,Usa,12
Jackson Mill Rd & 93 St,5,13,New York,Usa,12
48 St & 37 Ave,19,7,New York,Usa,12
10 Ave & W 202 St,19,1,New York,Usa,12
70 St & Ridge Blvd,1,8,New York,Usa,12
88 St & Astoria Blvd,12,7,New York,Usa,12
W 12 St & Hudson St,11,32,New York,Usa,12
Grand St & Greene St,28,16,New York,Usa,12
Heights Elevator,15,3,New York,Usa,12
Bond St & Fulton St,44,1,New York,Usa,12
E 13 St & Ave A,6,81,New York,Usa,12
College Ave & E 169 St,7,12,New York,Usa,12
5 Ave & E 63 St,11,33,New York,Usa,12
Eastern Pkwy & Kingston Ave,16,8,New York,Usa,12
Central Park North & Adam Clayton Powell Blvd,29,1,New York,Usa,12
75 St & 35 Ave,17,8,New York,Usa,12
Amsterdam Ave & W 125 St,37,1,New York,Usa,12
Marble Hill Ave & W 227 St,15,0,New York,Usa,12
Linden St & Knickerbocker Ave,7,9,New York,Usa,12
Broadway & W 41 St,45,7,New York,Usa,12
20 Ave & Shore Blvd,16,1,New York,Usa,12
Sterling Pl & Ralph Ave,5,14,New York,Usa,12
W 116 St & Amsterdam Ave,5,35,New York,Usa,12
17 St & 5 Ave,15,9,New York,Usa,12
64 Rd & Grand Central Pkwy,9,1,New York,Usa,12
St Nicholas Ave & W 157 St,1,15,New York,Usa,12
Broadway & E 19 St,48,48,New York,Usa,12
Carteret Ave & Arlington Ave,8,6,New York,Usa,12
Aqueduct Ave & North St,7,8,New York,Usa,12
3 Ave & 17 St,17,0,New York,Usa,12
Bridge St & York St,52,1,New York,Usa,12
E 48 St & Tilden Ave,21,0,New York,Usa,12
Halsey St & Tompkins Ave,12,4,New York,Usa,12
85 St & Northern Blvd,6,15,New York,Usa,12
E 189 St & Bathgate Ave,19,0,New York,Usa,12
10 Ave & W 215 St,13,1,New York,Usa,12
Lee Ave & Taylor St,7,16,New York,Usa,12
2 Ave & E 96 St,10,34,New York,Usa,12
Columbia Heights & Cranberry St,20,11,New York,Usa,12
Bergen St & Smith St,43,2,New York,Usa,12
E 46 St & Madison Ave,6,44,New York,Usa,12
44 St & 2 Ave,13,5,New York,Usa,12
E 32 St & Park Ave,23,29,New York,Usa,12
West Drive & Prospect Park West,14,10,New York,Usa,12
W 41 St & 8 Ave,71,31,New York,Usa,12
Nagle Ave & Thayer St,27,3,New York,Usa,12
Broad St & Bridge St,43,2,New York,Usa,12
Broadway & W 261 St,8,2,New York,Usa,12
Bergen Ave,2,11,New York,Usa,12
E 182 St & Belmont Ave,4,13,New York,Usa,12
Monitor St & Meeker Ave,13,8,New York,Usa,12
25 Ave & 41 St,6,16,New York,Usa,12
Claflin Ave & Reservoir Ave,16,1,New York,Usa,12
Roosevelt Island Tramway,31,7,New York,Usa,12
McGinley Square,2,20,New York,Usa,12
4 Ave & 9 St,7,22,New York,Usa,12
Livonia Ave & Saratoga Ave,2,18,New York,Usa,12
Morris Ave & E Burnside Ave,17,2,New York,Usa,12
55 St & 5 Ave,5,20,New York,Usa,12
Liberty St & Nassau St,38,7,New York,Usa,12
30 Ave & 70 St,13,5,New York,Usa,12
Wyckoff Ave & Gates Ave,16,18,New York,Usa,12
President St & Henry St,12,11,New York,Usa,12
Division St & Bowery,71,1,New York,Usa,12
57 Ave & 98 Pl,23,1,New York,Usa,12
Bank St & Hudson St,19,5,New York,Usa,12
Clinton St & 7 St,9,9,New York,Usa,12
Corona Ave & 111 St,17,1,New York,Usa,12
Bushwick Ave & Powers St,11,20,New York,Usa,12
W 235 St & Independence Ave,5,8,New York,Usa,12
Wade St & MLK Dr,12,3,New York,Usa,12
Chauncey St & Stuyvesant Ave,15,6,New York,Usa,12
41 Ave & 77 St,8,14,New York,Usa,12
Morningside Dr & Amsterdam Ave,30,5,New York,Usa,12
Kane St & Clinton St,17,10,New York,Usa,12
84 St & 3 Ave,5,6,New York,Usa,12
Centre St & Chambers St,32,15,New York,Usa,12
Fulton Ave & St Paul's Pl,0,17,New York,Usa,12
Clermont Ave & Park Ave,7,12,New York,Usa,12
Broadway & Hancock St,18,15,New York,Usa,12
91 St & 23 Ave,4,17,New York,Usa,12
Audubon Ave & W 192 St,1,18,New York,Usa,12
Queens Blvd & Albion Ave,18,3,New York,Usa,12
34 Ave & Junction Blvd,8,13,New York,Usa,12
Lefferts Ave & Schenectady Ave,22,1,New York,Usa,12
Nassau St & Navy St,56,1,New York,Usa,12
14 St & 7 Ave,1,21,New York,Usa,12
Marcus Garvey Blvd & Macon St,8,5,New York,Usa,12
108 St & 62 Dr,7,9,New York,Usa,12
St Nicholas Ave & W 137 St,4,15,New York,Usa,12
Crotona Park East & E 173 St,9,7,New York,Usa,12
34 St & 35 Ave,15,5,New York,Usa,12
Brooklyn Ave & Snyder Ave,17,3,New York,Usa,12
E 40 St & 5 Ave,18,73,New York,Usa,12
37 Ave & 63 St,4,18,New York,Usa,12
4 St & Grand St,1,17,New York,Usa,12
Harlem River Dr & W 155 St,5,18,New York,Usa,12
W 43 St & 10 Ave,30,80,New York,Usa,12
West Side Ave Light Rail,6,14,New York,Usa,12
50 St & Barnett Ave,6,15,New York,Usa,12
4 Ave & 87 St,18,0,New York,Usa,12
W 52 St & 11 Ave,35,16,New York,Usa,12
6 St & Grand St,0,17,New York,Usa,12
4 Ave & 17 St,20,2,New York,Usa,12
Fort Hamilton Pkwy & E 2 St,12,6,New York,Usa,12
Montrose Ave & Bushwick Ave,33,8,New York,Usa,12
Montague St & Clinton St,40,9,New York,Usa,12
Willoughby Ave & Myrtle Ave,10,6,New York,Usa,12
Wadsworth Ave & W 175 St,10,11,New York,Usa,12
98 St & 25 Ave,17,1,New York,Usa,12
Grand St & 14 St,12,5,New York,Usa,12
Park Ave & E 41 St,9,99,New York,Usa,12
Jerome Ave & E 181 St,1,16,New York,Usa,12
MacDonough St & Malcolm X Blvd,7,9,New York,Usa,12
Kent Ave & Division Ave,12,23,New York,Usa,12
Bailey Ave & W 234 St,18,1,New York,Usa,12
58 St & Pier 4,14,13,New York,Usa,12
W 51 St & 7 Ave,6,62,New York,Usa,12
Rockaway Ave & Bainbridge St,10,8,New York,Usa,12
Benham St & Roosevelt Ave,0,22,New York,Usa,12
Naples Terrace & Godwin Terrace,23,2,New York,Usa,12
Cherry St,12,23,New York,Usa,12
73 St & 25 Ave,8,9,New York,Usa,12
Lexington Ave & Classon Ave,7,8,New York,Usa,12
2 Ave & E 31 St,31,49,New York,Usa,12
Riverdale Ave & W 258 St,1,16,New York,Usa,12
Broadway & W 38 St,1,0,New York,Usa,12
Bainbridge Ave & E 193 St,23,3,New York,Usa,12
Norfolk St & Broome St,38,14,New York,Usa,12
34 Ave & 21 St,15,6,New York,Usa,12
Central Park W & W 76 St,22,8,New York,Usa,12
Park Pl & Thomas S. Boyland St,15,4,New York,Usa,12
Broadway & Lakeview Pl,10,5,New York,Usa,12
Coffey St & Ferris St,0,0,New York,Usa,12
100 St & Humphreys St,17,5,New York,Usa,12
E 11 St & Broadway,6,89,New York,Usa,12
8 St & Astoria Blvd,10,7,New York,Usa,12
Jackson Mill Rd & 24 Ave,16,7,New York,Usa,12
Nostrand Ave & Myrtle Ave,4,13,New York,Usa,12
Jerome Ave & Ogden Ave,8,8,New York,Usa,12
Walton Ave & E 171 St,2,17,New York,Usa,12
Van Brunt St & Van Dyke St,9,13,New York,Usa,12
7 Ave & Park Pl,6,11,New York,Usa,12
25 Ave & 96 St,11,9,New York,Usa,12
Grand Concourse & E 161 St,3,23,New York,Usa,12
W 44 St & 9 Ave,5,22,New York,Usa,12
W 37 St & 10 Ave,11,25,New York,Usa,12
St James Ave & 51 Ave,21,0,New York,Usa,12
Lexington Ave & E 120 St,26,1,New York,Usa,12
Washington Pl & 6 Ave,36,36,New York,Usa,12
E 155 St & Courtlandt Ave,6,7,New York,Usa,12
W 238 St & Riverdale Ave,4,8,New York,Usa,12
Lenox Ave & W 130 St,17,6,New York,Usa,12
62 Ave & 102 St,16,0,New York,Usa,12
Water St & Fletcher St,76,0,New York,Usa,12
W 163 St & Riverside Dr,2,15,New York,Usa,12
Rogers Ave & Lincoln Rd,15,7,New York,Usa,12
Kingston Ave & Herkimer St,7,15,New York,Usa,12
Greenwich St & Rector St,49,3,New York,Usa,12
Broadway & W 58 St,6,62,New York,Usa,12
11 Ave & W 41 St,19,31,New York,Usa,12
35 St & 23 Ave,26,0,New York,Usa,12
Freeman St & Southern Blvd,8,12,New York,Usa,12
Underhill Ave & Lincoln Pl,15,7,New York,Usa,12
Lexington Ave & E 127 St,25,6,New York,Usa,12
S 2 St & Kent Ave,44,1,New York,Usa,12
Seaman Ave & Beak St,12,2,New York,Usa,12
E 97 St & Madison Ave,12,24,New York,Usa,12
Audubon Ave & W 179 St,3,15,New York,Usa,12
Maple St & Albany Ave,14,4,New York,Usa,12
Rugby Rd & Albemarle Rd,15,1,New York,Usa,12
Carlton Ave & Greene Ave,14,6,New York,Usa,12
Cypress Ave & St Felix Ave,7,10,New York,Usa,12
Bleecker St & Forest Ave,8,11,New York,Usa,12
Stanton St & Norfolk St,21,26,New York,Usa,12
Flushing Ave & Vanderbilt Ave,19,2,New York,Usa,12
Jackson Square,7,10,New York,Usa,12
48 Ave & 37 St,2,15,New York,Usa,12
Great Jones St,15,7,New York,Usa,12
E 47 St & 2 Ave,4,92,New York,Usa,12
Ocean Ave & Tennis Ct,17,1,New York,Usa,12
W 42 St & 8 Ave,23,13,New York,Usa,12
MLK Dr & Bayview Ave,0,16,New York,Usa,12
2 Ave & 36 St,34,6,New York,Usa,12
W 44 St & 5 Ave,25,39,New York,Usa,12
99 St & 50 Ave,16,4,New York,Usa,12
W 43 St & 6 Ave,0,0,New York,Usa,12
48 St & 50 Ave,6,12,New York,Usa,12
Eastern Pkwy & Franklin Ave (SW Corner),4,25,New York,Usa,12
39 Ave & 45 St,3,13,New York,Usa,12
34 St & 5 Ave,10,7,New York,Usa,12
E 4 St & 2 Ave,38,39,New York,Usa,12
W Tremont Ave & Montgomery Ave,9,12,New York,Usa,12
8 Ave & W 49 St,6,58,New York,Usa,12
W 63 St & Broadway,4,26,New York,Usa,12
Madison St & 1 St,8,13,New York,Usa,12
Amsterdam Ave & W 162 St,2,12,New York,Usa,12
27 St & Hunter St,14,18,New York,Usa,12
W 181 St & Riverside Dr,13,3,New York,Usa,12
Madison Ave & E 51 St,12,30,New York,Usa,12
Franklin Ave & Myrtle Ave,19,4,New York,Usa,12
Halsey St & Ralph Ave,8,8,New York,Usa,12
34 Ave & 71 St,16,6,New York,Usa,12
W 54 St & 11 Ave,26,27,New York,Usa,12
Union Ave & E 169 St,0,16,New York,Usa,12
Pacific St & Nostrand Ave,11,8,New York,Usa,12
Newport Pkwy,4,7,New York,Usa,12
Rivington St & Ridge St,25,29,New York,Usa,12
Stuyvesant Ave & Hart St,16,10,New York,Usa,12
43 St & Skillman Ave,3,14,New York,Usa,12
W 24 St & 7 Ave,6,73,New York,Usa,12
E 132 St & Madison Ave,11,7,New York,Usa,12
44 St & Greenpoint Ave,12,15,New York,Usa,12
Queens Blvd N & 67 Rd,22,2,New York,Usa,12
31 Ave & 57 St,11,12,New York,Usa,12
E 53 St & Lexington Ave,4,52,New York,Usa,12
6 Ave & 74 St,0,9,New York,Usa,12
Duane St & Hudson St,23,14,New York,Usa,12
E Tremont Ave & E 176 St,1,14,New York,Usa,12
E 102 St & Park Ave,24,8,New York,Usa,12
69 Ave & Queens Blvd N,12,7,New York,Usa,12
Henry St & Bay St,11,0,New York,Usa,12
Crotona Ave & E 183 St,17,6,New York,Usa,12
Schenectady Ave & Pacific St,18,0,New York,Usa,12
E 56 St & Madison Ave,16,16,New York,Usa,12
W 155 St & Frederick Douglass Blvd,22,4,New York,Usa,12
Icahn Stadium Plaza,17,0,New York,Usa,12
Greenwich St & W Houston St,46,33,New York,Usa,12
Columbia St & Rivington St,17,25,New York,Usa,12
DeKalb Ave & S Portland Ave,18,3,New York,Usa,12
Catherine St & Monroe St,20,9,New York,Usa,12
Cliff St & Fulton St,51,12,New York,Usa,12
Fairmount Ave,0,18,New York,Usa,12
Suffolk St & Stanton St,14,60,New York,Usa,12
E Mosholu Pkwy & Van Cortlandt Ave E,0,19,New York,Usa,12
E 147 St & Bergen Ave,21,2,New York,Usa,12
E 138 St & Grand Concourse,9,8,New York,Usa,12
46 St & 6 Ave,3,16,New York,Usa,12
St Ann's Ave & E 144 St,0,20,New York,Usa,12
31 St & Northern Blvd,9,24,New York,Usa,12
Riverside Dr & W 91 St,48,8,New York,Usa,12
Christopher St & Greenwich St,0,0,New York,Usa,12
Washington Pl & Greene St,6,34,New York,Usa,12
E 170 St & Clay Ave,1,23,New York,Usa,12
Gerard Ave & E 146 St,17,2,New York,Usa,12
Dixon Mills,10,6,New York,Usa,12
5 Ave & 3 St,20,6,New York,Usa,12
Woodward Ave & Harman St,6,13,New York,Usa,12
Grove St & Fresh Pond Rd,10,8,New York,Usa,12
N 5 St & Wythe Ave,21,16,New York,Usa,12
Columbia St & W 9 St,3,17,New York,Usa,12
Columbia St & Degraw St,16,4,New York,Usa,12
Clay Ave & Claremont Pkwy,8,10,New York,Usa,12
Madison Ave & E 99 St,13,20,New York,Usa,12
Washington St & Gansevoort St,9,38,New York,Usa,12
St Marks Pl & 2 Ave,45,22,New York,Usa,12
Lincoln Pl & Classon Ave,14,8,New York,Usa,12
Keegan Rd & 2 Ave,28,4,New York,Usa,12
Lexington Ave & E 26 St,17,49,New York,Usa,12
Broadway & W 185 St,5,14,New York,Usa,12
Lenox Ave & W 133 St,22,3,New York,Usa,12
Bergen St & Troy Ave,9,10,New York,Usa,12
Atlantic Ave & Fort Greene Pl,42,4,New York,Usa,12
E 128 St & 3 Ave,17,0,New York,Usa,12
St Nicholas Ave & W 134 St,6,20,New York,Usa,12
E 106 St & Madison Ave,20,1,New York,Usa,12
Lafayette Park,11,3,New York,Usa,12
Lincoln Ave & E 134 St,10,4,New York,Usa,12
Intervale Ave & Kelly St,3,13,New York,Usa,12
3 Ave & E 71 St,17,30,New York,Usa,12
53 St & 4 Ave,17,7,New York,Usa,12
10 Ave & W 28 St,9,38,New York,Usa,12
Goulden Ave & Bedford Park Blvd,10,7,New York,Usa,12
Bushwick Ave & Dekalb Ave,10,15,New York,Usa,12
West Thames St,48,23,New York,Usa,12
Allen St & Stanton St,39,7,New York,Usa,12
W 21 St & 6 Ave,34,32,New York,Usa,12
E 63 St & 3 Ave,9,42,New York,Usa,12
Grand Concourse & E 192 St,14,5,New York,Usa,12
Skillman Ave & 43 Ave,0,19,New York,Usa,12
Ogden Ave & W 164 St,0,14,New York,Usa,12
30 Ave & 80 St,11,7,New York,Usa,12
Howard Ave & Blake Ave,3,15,New York,Usa,12
E 14 St & Ave B,1,40,New York,Usa,12
34 Ave & 31 St,10,9,New York,Usa,12
Jefferson St & Cypress Ave,21,1,New York,Usa,12
93 St & Roosevelt Ave,0,22,New York,Usa,12
E 5 St & Ave A,12,34,New York,Usa,12
111 St & 53 Ave,24,1,New York,Usa,12
Irving Ave & Halsey St,2,14,New York,Usa,12
Intervale Ave & Westchester Ave,23,2,New York,Usa,12
Gansevoort St & Hudson St,16,91,New York,Usa,12
34 Ave & 113 St,10,11,New York,Usa,12
45 Ave & 21 St,17,4,New York,Usa,12
Onderdonk Ave & Dekalb Ave,6,8,New York,Usa,12
Thomas S. Boyland St & Sutter Ave,0,15,New York,Usa,12
W 168 St & Fort Washington Ave,6,39,New York,Usa,12
Center Blvd & 51 Ave,2,17,New York,Usa,12
Myrtle Ave & Marcy Ave,0,20,New York,Usa,12
E 167 St & Clay Ave,17,9,New York,Usa,12
79 St & 37 Ave,11,8,New York,Usa,12
Reade St & Broadway,24,36,New York,Usa,12
Crotona Ave & E 179 St,3,14,New York,Usa,12
Nevins St & Schermerhorn St,22,5,New York,Usa,12
Menahan St & Seneca Ave,2,12,New York,Usa,12
Park Ave & E Tremont Ave,23,0,New York,Usa,12
67 Ave & Queens Blvd S,7,8,New York,Usa,12
60 St & 60 Rd,4,13,New York,Usa,12
Adam Clayton Powell Blvd & W 151 St,8,7,New York,Usa,12
Allen St & Hester St,96,12,New York,Usa,12
Carlton Ave & Dean St,20,1,New York,Usa,12
Lincoln Rd & Ocean Ave,18,2,New York,Usa,12
Fresh Pond Rd & Eliot Ave,7,11,New York,Usa,12
Broadway & Van Cortlandt Park S,31,1,New York,Usa,12
E 98 St & Park Ave,15,8,New York,Usa,12
Lincoln Park,9,8,New York,Usa,12
Stanhope St & Fairview Ave,7,8,New York,Usa,12
Westchester Ave & Longwood Ave,4,16,New York,Usa,12
Dean St & Hoyt St,66,8,New York,Usa,12
3 Ave & 81 St,6,7,New York,Usa,12
Pearl St & York St,41,1,New York,Usa,12
W 34 St & Hudson Blvd E,49,3,New York,Usa,12
W 48 St & Rockefeller Plaza,2,48,New York,Usa,12
E 3 St & Church Ave,14,5,New York,Usa,12
72 St & 41 Ave,11,13,New York,Usa,12
Willoughby St & Ashland Pl,20,7,New York,Usa,12
4 St & River St,1,13,New York,Usa,12
Goulden Ave & W 197 St,11,7,New York,Usa,12
34 Ave & 89 St,7,17,New York,Usa,12
56 St & Arnold Ave,6,14,New York,Usa,12
55 Ave & 97 Pl,18,0,New York,Usa,12
43 St & 37 Ave,8,10,New York,Usa,12
34 Ave & 38 St,12,21,New York,Usa,12
Greene St & Prince St,33,8,New York,Usa,12
Grand Concourse & E 184 St,5,16,New York,Usa,12
29 St & 5 Ave,11,6,New York,Usa,12
12 Ave & W 125 St,35,0,New York,Usa,12
E 85 St & 3 Ave,30,3,New York,Usa,12
St Nicholas Ave & W 126 St,30,16,New York,Usa,12
Sedgwick Ave & Giles Pl,2,14,New York,Usa,12
9 St HBLR - Jackson St & 8 St,12,6,New York,Usa,12
St Marks Pl & 4 Ave,23,4,New York,Usa,12
Fulton St & Waverly Ave,9,13,New York,Usa,12
24 St & 41 Ave,2,16,New York,Usa,12
Jerome Ave & E 164 St,14,4,New York,Usa,12
Bayard St & Baxter St,36,0,New York,Usa,12
7 Ave & 41 St,6,17,New York,Usa,12
Broadway & W 122 St,24,7,New York,Usa,12
Cambridge Pl & Gates Ave,3,11,New York,Usa,12
Adam Clayton Powell Blvd & W 138 St,9,13,New York,Usa,12
99 St & 32 Ave,5,12,New York,Usa,12
Decatur St & Saratoga Ave,11,7,New York,Usa,12
96 St & Marine Ave,9,3,New York,Usa,12
Lefferts Ave & Albany Ave,20,3,New York,Usa,12
4 Ave & 3 St,32,3,New York,Usa,12
Hull Ave & E 209 St,7,2,New York,Usa,12
W 84 St & Amsterdam Ave,29,3,New York,Usa,12
University Ave & W 168 St,4,12,New York,Usa,12
Beck St & Leggett Ave,11,5,New York,Usa,12
31 Pl & Hunters Point Ave,4,14,New York,Usa,12
3 Ave & Franklin Ave,1,12,New York,Usa,12
E Tremont Ave & Jerome Ave,16,1,New York,Usa,12
Cabrini Blvd & W 177 St,9,13,New York,Usa,12
Flatbush Ave & Eastern Pkwy,22,3,New York,Usa,12
E 11 St & 1 Ave,34,27,New York,Usa,12
Hope St & Union Ave,4,21,New York,Usa,12
Lawrence St & Willoughby St,19,18,New York,Usa,12
Ave C & McDonald Ave,11,4,New York,Usa,12
Bergen Ave & Stegman St,5,14,New York,Usa,12
W 35 St & 8 Ave,18,36,New York,Usa,12
Colonial Rd & Wakeman Pl,8,8,New York,Usa,12
Prospect Ave & Greenwood Ave,11,7,New York,Usa,12
Morris Ave & E 153 St,12,7,New York,Usa,12
Review Ave & Greenpoint Ave,6,11,New York,Usa,12
India St Pier,37,14,New York,Usa,12
Adam Clayton Powell Blvd & W 141 St,8,15,New York,Usa,12
Dock St & Front St,13,1,New York,Usa,12
E 20 St & Park Ave,13,31,New York,Usa,12
Pearl St & Whitehall St,39,1,New York,Usa,12
E 118 St & 3 Ave,22,5,New York,Usa,12
Winthrop St & Rogers Ave,16,1,New York,Usa,12
34 Ave & 13 St,13,5,New York,Usa,12
Central Park S & 6 Ave,6,58,New York,Usa,12
6 Ave & Broome St,36,34,New York,Usa,12
W 16 St & The High Line,19,38,New York,Usa,12
Fulton St & Clermont Ave,43,30,New York,Usa,12
E 27 St & 1 Ave,45,41,New York,Usa,12
46 Rd & 11 St,15,8,New York,Usa,12
Van Dam St & Meeker Ave,2,26,New York,Usa,12
Irving Ave & Harman St,13,8,New York,Usa,12
St Ann's Ave & Westchester Ave,12,6,New York,Usa,12
Cooper Square & Astor Pl,38,48,New York,Usa,12
Astoria Park S & Shore Blvd,33,0,New York,Usa,12
Myrtle Ave & 65 St,16,2,New York,Usa,12
S 4 St & Wythe Ave,23,6,New York,Usa,12
St Nicholas Ave & W 150 St,3,23,New York,Usa,12
35 Ave & 10 St,16,8,New York,Usa,12
Amsterdam Ave & W 79 St,35,9,New York,Usa,12
New York Ave & Lenox Rd,21,1,New York,Usa,12
Washington St & Laight St,33,28,New York,Usa,12
Essex Light Rail,6,16,New York,Usa,12
Hull Ave & E Mosholu Pkwy N,8,8,New York,Usa,12
E 19 St & Beverley Rd,16,0,New York,Usa,12
Ditmars Blvd & 102 St,17,6,New York,Usa,12
111 St & Roosevelt Ave,6,11,New York,Usa,12
Washington St & Morgan St,10,21,New York,Usa,12
W 33 St & 10 Ave,13,47,New York,Usa,12
Riverside Dr & W 145 St,8,25,New York,Usa,12
Bedford Park Blvd & Paul Ave,21,2,New York,Usa,12
Bushwick Ave & Forrest St,1,14,New York,Usa,12
Prospect Ave & E 167 St,0,14,New York,Usa,12
Morgan Ave & Lombardy St,13,11,New York,Usa,12
N 15 St & Wythe Ave,53,0,New York,Usa,12
41 St & 4 Ave,8,12,New York,Usa,12
N 5 St & Northside Piers,38,4,New York,Usa,12
94 St & 57 Ave,9,15,New York,Usa,12
Ridge Blvd & 82 St,5,6,New York,Usa,12
Empire Blvd & New York Ave,22,0,New York,Usa,12
Broadway & W 242 St,16,2,New York,Usa,12
34 Ave & 108 St,13,8,New York,Usa,12
Madison St & Forest Ave,10,11,New York,Usa,12
Rutland Rd & E 45 St,20,1,New York,Usa,12
42 Ave & 108 St,9,10,New York,Usa,12
E 95 St & Rutland Rd,14,2,New York,Usa,12
Bergen Ave & E 152 St,15,3,New York,Usa,12
57 Rd & 59 St,10,6,New York,Usa,12
Van Brunt St & Wolcott St,1,34,New York,Usa,12
Prospect Park SW & Greenwood Ave,21,6,New York,Usa,12
W Broadway & Spring St,61,32,New York,Usa,12
Amsterdam Ave & W 152 St,1,18,New York,Usa,12
5 Ave & 41 St,1,27,New York,Usa,12
E 6 St & Ave D,12,31,New York,Usa,12
LaGuardia Pl & W 3 St,13,35,New York,Usa,12
Mercer St & Bleecker St,47,15,New York,Usa,12
E 165 St & Clay Ave,12,6,New York,Usa,12
Walker St & Baxter St,43,2,New York,Usa,12
W 17 St & 7 Ave,21,24,New York,Usa,12
W 204 St & Nagle Ave,19,0,New York,Usa,12
Harrison St & Hudson St,15,23,New York,Usa,12
Stanton St & Mangin St,4,6,New York,Usa,12
104 St & 38 Ave,18,4,New York,Usa,12
Pacific St & Nevins St,14,3,New York,Usa,12
Grand Concourse & E Mount Eden Ave,4,11,New York,Usa,12
48 St & Barnett Ave,5,10,New York,Usa,12
Kingsbridge Terrace & W 230 St,15,4,New York,Usa,12
E 34 St & Church Ave,22,1,New York,Usa,12
Dr. Lena Edwards Park,8,2,New York,Usa,12
90 St & 51 Ave,16,2,New York,Usa,12
Front St & Pine St,52,1,New York,Usa,12
Washington Park,17,3,New York,Usa,12
Madison St & Evergreen Ave,11,7,New York,Usa,12
Jerome Ave & Bedford Park Blvd E,6,15,New York,Usa,12
Greenwich Ave & Charles St,52,4,New York,Usa,12
E 67 St & Park Ave,20,20,New York,Usa,12
Prospect Park SW & Vanderbilt St,28,5,New York,Usa,12
N Henry St & Norman Ave,18,10,New York,Usa,12
Willoughby Ave & Walworth St,0,15,New York,Usa,12
MacDougal St & Prince St,30,19,New York,Usa,12
Broadway & Kent Ave,0,0,New York,Usa,12
Warren St & Court St,27,1,New York,Usa,12
Carlton Ave & Flushing Ave,19,23,New York,Usa,12
Caton Ave & Argyle Rd,13,4,New York,Usa,12
Prospect Ave & Vanderbilt St,5,13,New York,Usa,12
107 St & 32 Ave,19,0,New York,Usa,12
Willoughby Ave & Onderdonk Ave,9,15,New York,Usa,12
New York Ave & Montgomery St,8,11,New York,Usa,12
MacDougal St & Washington Sq,26,3,New York,Usa,12
Greenwich Ave & 8 Ave,13,55,New York,Usa,12
E 52 St & Winthrop St,5,2,New York,Usa,12
E 118 St & Park Ave,24,2,New York,Usa,12
Courtlandt Ave & E 149 St,3,16,New York,Usa,12
Madison St & Seneca Ave,2,17,New York,Usa,12
St James Pl & Pearl St,24,1,New York,Usa,12
56 Ave & 92 St,24,0,New York,Usa,12
30 St & 48 Ave,13,16,New York,Usa,12
Sigourney St & Columbia St,11,6,New York,Usa,12
Parkside Ave & Flatbush Ave,15,3,New York,Usa,12
Kingston Ave & Montgomery St,13,2,New York,Usa,12
Clinton Ave & Myrtle Ave,5,20,New York,Usa,12
E 39 St & Lexington Ave,24,36,New York,Usa,12
Andrew Ave N & Hall of Fame Tce,1,15,New York,Usa,12
W 64 St & Thelonious Monk Circle,11,30,New York,Usa,12
Warren St,17,4,New York,Usa,12
Bergen St & Mother Gaston Blvd,18,4,New York,Usa,12
Franklin Ave & E 169 St,2,15,New York,Usa,12
E 161 St & Park Ave,0,20,New York,Usa,12
Shore Rd & Oliver St,5,6,New York,Usa,12
Steinway St & 23 Ave,19,1,New York,Usa,12
99 St & 3 Ave,10,1,New York,Usa,12
Evergreen Ave & Noll St,5,15,New York,Usa,12
1 Ave & E 110 St,13,9,New York,Usa,12
3 Ave & E 170 St,1,18,New York,Usa,12
W 176 St & Montgomery Ave,2,11,New York,Usa,12
Madison St & 10 St,11,9,New York,Usa,12
W 51 St & Rockefeller Plaza,22,24,New York,Usa,12
Booth St & 68 Dr,7,6,New York,Usa,12
Verveelen Pl & Broadway,16,0,New York,Usa,12
Calyer St & West St,14,17,New York,Usa,12
Monroe St & Bedford Ave,7,13,New York,Usa,12
E 18 St & Church Ave,27,0,New York,Usa,12
Jackson St & Leonard St,9,13,New York,Usa,12
15 Ave & 37 St,1,10,New York,Usa,12
Bailey Ave & W 238 St,14,5,New York,Usa,12
Jerome Ave & E Mosholu Pkwy N,2,16,New York,Usa,12
Cortelyou Rd & Albany Ave,15,0,New York,Usa,12
E 5 St & Ave C,11,38,New York,Usa,12
Lafayette St & Astor Pl,44,49,New York,Usa,12
E 72 St & York Ave,14,23,New York,Usa,12
Independence Ave & W 240 St,5,4,New York,Usa,12
Fulton St & Williams Ave,17,1,New York,Usa,12
Queens Blvd N & 72 Rd,7,9,New York,Usa,12
W 159 St & Edgecombe Ave,0,19,New York,Usa,12
Edgecombe Ave & W 145 St,20,8,New York,Usa,12
65 St & 35 Ave,15,9,New York,Usa,12
Hudson St & W 13 St,40,0,New York,Usa,12
Greenpoint Ave & Manhattan Ave,23,1,New York,Usa,12
61 St & Queens Blvd,21,4,New York,Usa,12
Driggs Ave & Lorimer St,27,0,New York,Usa,12
MLK Dr & Bramhall Ave,9,4,New York,Usa,12
10 St & 2 Ave,12,2,New York,Usa,12
Hudson St & N Moore St,34,30,New York,Usa,12
N 7 St & Driggs Ave,30,22,New York,Usa,12
57 St & 43 Ave,4,16,New York,Usa,12
1 Ave & E 44 St,34,49,New York,Usa,12
Amsterdam Ave & W 186 St,4,14,New York,Usa,12
Manila & 1st,10,6,New York,Usa,12
W 233 St & Albany Crescent,17,1,New York,Usa,12
Nassau St & Duffield St,50,1,New York,Usa,12
Anthony Ave & E Tremont Ave,4,12,New York,Usa,12
E 196 St & Valentine Ave,7,16,New York,Usa,12
72 St & Broadway,7,13,New York,Usa,12
53 St & 2 Ave,26,2,New York,Usa,12
W 129 St & Convent Ave,22,6,New York,Usa,12
Washington St & Barrow St,35,18,New York,Usa,12
Broadway & 74 St,25,0,New York,Usa,12
St Johns Pl & Kingston Ave,9,11,New York,Usa,12
W 49 St & 8 Ave,1,62,New York,Usa,12
Crotona Pkwy & Bronx Park S,19,6,New York,Usa,12
Throop Ave & Myrtle Ave,5,11,New York,Usa,12
Liberty Light Rail,3,14,New York,Usa,12
Broadway & Whipple St,17,6,New York,Usa,12
1 Ave & E 30 St,30,5,New York,Usa,12
Delancey St & Eldridge St,12,16,New York,Usa,12
Devoe St & Morgan Ave,16,2,New York,Usa,12
Broadway & W 37 St,0,0,New York,Usa,12
46 St & 28 Ave,4,14,New York,Usa,12
Monroe St & Marcus Garvey Blvd,9,8,New York,Usa,12
Forsyth St & Broome St,59,0,New York,Usa,12
51 St & Hobart St,5,15,New York,Usa,12
Montgomery St & Franklin Ave,3,13,New York,Usa,12
Eastern Pkwy & Rochester Ave,7,15,New York,Usa,12
Van Sinderen Ave & Truxton St,7,14,New York,Usa,12
W 42 St & Dyer Ave,10,19,New York,Usa,12
Knickerbocker Ave & George St,13,7,New York,Usa,12
39 St & 50 Ave,8,10,New York,Usa,12
S 3 St & Bedford Ave,4,20,New York,Usa,12
Van Buren St & Broadway,2,20,New York,Usa,12
47 Ave & 109 St,25,1,New York,Usa,12
Perry Ave & E 204 St,3,16,New York,Usa,12
46 St & 25 Ave,10,13,New York,Usa,12
Albany St & Greenwich St,20,21,New York,Usa,12
St Marks Ave & Rochester Ave,9,11,New York,Usa,12
Lenox Ave & W 111 St,29,2,New York,Usa,12
Skillman Ave & Honeywell St,2,16,New York,Usa,12
60 Pl & Flushing Ave,15,2,New York,Usa,12
Garrison Ave & Manida St,21,6,New York,Usa,12
31 St & Ditmars Blvd,22,1,New York,Usa,12
Knickerbocker Ave & Moffat St,6,14,New York,Usa,12
Grant Ave & MLK Dr,4,11,New York,Usa,12
2 Ave & 32 St,25,1,New York,Usa,12
74 St & 37 Ave,8,18,New York,Usa,12
McKibbin St & Bogart St,14,12,New York,Usa,12
Inwood Ave & W 170 St,15,1,New York,Usa,12
Kings Hwy & E 98 St,4,13,New York,Usa,12
Jay St & Tech Pl,43,3,New York,Usa,12
Stephen St & Seneca Ave,7,6,New York,Usa,12
E 103 St & Lexington Ave,22,7,New York,Usa,12
113 St & Jewel Ave,12,0,New York,Usa,12
5 Ave & 37 St,16,11,New York,Usa,12
Central Park W & W 103 St,26,11,New York,Usa,12
Grand Concourse & E 144 St,8,8,New York,Usa,12
Park Ave & E 40 St,1,63,New York,Usa,12
Broadway & W 234 St,24,4,New York,Usa,12
E 165 St & Fox St,20,7,New York,Usa,12
Lenox Ave & W 144 St,10,7,New York,Usa,12
Lenox Ave & W 115 St,25,5,New York,Usa,12
20 Ave & 21 St,13,5,New York,Usa,12
E 174 St & Walton Ave,10,15,New York,Usa,12
98 St & 41 Ave,6,13,New York,Usa,12
Tiebout Ave & E 184 St,7,8,New York,Usa,12
MacDonough St & Marcy Ave,6,15,New York,Usa,12
Barry St & Tiffany St,17,1,New York,Usa,12
Parkside Ave & Ocean Ave,24,1,New York,Usa,12
56 Ave & Junction Blvd,21,1,New York,Usa,12
Jerome Ave & W 195 St,3,26,New York,Usa,12
Cauldwell Ave & E 161 St,5,10,New York,Usa,12
Caton Ave & St. Pauls Pl,19,1,New York,Usa,12
Kenmare St & Elizabeth St,27,25,New York,Usa,12
Ditmars Blvd & 48 St,16,2,New York,Usa,12
Union St & Bedford Ave,9,11,New York,Usa,12
Hazen St & 20 Ave,15,8,New York,Usa,12
Congress St & Hicks St,26,7,New York,Usa,12
103 St & 41 Ave,15,8,New York,Usa,12
62 Dr & 97 St,23,1,New York,Usa,12
Eastern Pkwy & Nostrand Ave,6,15,New York,Usa,12
Soissons Landing,16,8,New York,Usa,12
Hancock St & Stuyvesant Ave,1,15,New York,Usa,12
40 St & 3 Ave,29,2,New York,Usa,12
72 St & Northern Blvd,17,1,New York,Usa,12
57 St & 37 Ave,14,8,New York,Usa,12
Main St & Plymouth St,43,0,New York,Usa,12
East End Ave & E 86 St,6,19,New York,Usa,12
Elmhurst Ave & Roosevelt Ave,11,8,New York,Usa,12
W 67 St & Broadway,23,6,New York,Usa,12
E 182 St & Park Ave,14,8,New York,Usa,12
Sedgwick Ave & W 195 St,8,10,New York,Usa,12
Willoughby Ave & Wyckoff Ave,20,2,New York,Usa,12
Broadway & W 138 St,14,9,New York,Usa,12
Mercer St & Spring St,58,7,New York,Usa,12
31 Ave & 86 St,13,2,New York,Usa,12
32 Ave & 77 St,11,11,New York,Usa,12
Eastern Pkwy & Franklin Ave (NE Corner),26,12,New York,Usa,12
W 113 St & Broadway,7,26,New York,Usa,12
W 47 St & 9 Ave,10,43,New York,Usa,12
1 Ave & E 78 St,10,44,New York,Usa,12
Van Cortlandt Park S & Gouverneur Ave,15,9,New York,Usa,12
E 106 St & Lexington Ave,0,2,New York,Usa,12
E 167 St & Bryant Ave,19,0,New York,Usa,12
Communipaw & Berry Lane,9,5,New York,Usa,12
E 170 St & Webster Ave,5,18,New York,Usa,12
Queens Blvd & 56 Ave,30,5,New York,Usa,12
Central Ave & Woodbine St,8,10,New York,Usa,12
Ditmars Blvd & 43 St,26,0,New York,Usa,12
64 St & Woodbine St,9,7,New York,Usa,12
Clinton St & Joralemon St,40,7,New York,Usa,12
Adelphi St & Myrtle Ave,12,14,New York,Usa,12
Utica Ave & E New York Ave,11,5,New York,Usa,12
Rutgers St & Henry St,29,7,New York,Usa,12
E 115 St & Madison Ave,18,8,New York,Usa,12
E 201 St & Briggs Ave,7,11,New York,Usa,12
Barrow St & Hudson St,22,17,New York,Usa,12
Prospect Park W & 20 St,0,20,New York,Usa,12
43 Ave & 42 St,10,10,New York,Usa,12
Metropolitan Ave & Stewart Ave,16,0,New York,Usa,12
Knickerbocker Ave & Thames St,16,1,New York,Usa,12
10 Ave & W 204 St,17,0,New York,Usa,12
Cathedral Pkwy & Broadway,2,21,New York,Usa,12
Myrtle Ave & Grove St,12,9,New York,Usa,12
Dyckman St & Staff St,15,1,New York,Usa,12
5 Ave & E 72 St,21,1,New York,Usa,12
Van Nostrand Ave & Ocean Ave,6,8,New York,Usa,12
5 Ave & 44 St,2,20,New York,Usa,12
South Railroad Ave & Broadway,20,2,New York,Usa,12
63 Ave & 99 St,17,1,New York,Usa,12
S 4 St & Rodney St,7,11,New York,Usa,12
34 Ave & 83 St,10,9,New York,Usa,12
W 190 St & Broadway,6,12,New York,Usa,12
Adam Clayton Powell Blvd & W 132 St,14,6,New York,Usa,12
76 St & 21 Ave,6,13,New York,Usa,12
Allen St & Rivington St,12,24,New York,Usa,12
Boston Rd & E 178 St,21,0,New York,Usa,12
W 30 St & 8 Ave,46,18,New York,Usa,12
Grove St PATH,20,17,New York,Usa,12
Brevoort Pl & Bedford Ave,11,8,New York,Usa,12
Union St & 4 Ave,16,7,New York,Usa,12
Netherland Ave & W 232 St,2,8,New York,Usa,12
W 26 St & 8 Ave,31,30,New York,Usa,12
E 51 St & 1 Ave,8,23,New York,Usa,12
Danforth Light Rail,15,3,New York,Usa,12
McKeever Pl & Sullivan Pl,8,9,New York,Usa,12
E 8 St & Caton Ave,25,1,New York,Usa,12
Dean St & Rockaway Ave,3,14,New York,Usa,12
Suydam St & St Nicholas Ave,7,7,New York,Usa,12
Borden Ave & 25 St,16,7,New York,Usa,12
Grove St & Broadway,6,19,New York,Usa,12
Greenwich St & Perry St,15,25,New York,Usa,12
72 Rd & 113 St,9,2,New York,Usa,12
Bushwick Ave & Furman Ave,15,14,New York,Usa,12
53 Ave & 62 St,15,3,New York,Usa,12
54 St & 37 Ave,12,13,New York,Usa,12
Schenectady Ave & President St,10,10,New York,Usa,12
77 St & 24 Ave,4,13,New York,Usa,12
Fieldston Rd & Mosholu Ave,6,1,New York,Usa,12
Columbus Ave & W 59 St,8,29,New York,Usa,12
Maple St & New York Ave,14,5,New York,Usa,12
Suydam St & Knickerbocker Ave,13,8,New York,Usa,12
Brooklyn Ave & Tilden Ave,22,0,New York,Usa,12
Lafayette Ave & Ft Greene Pl,32,0,New York,Usa,12
Shore Rd & 74 St,7,4,New York,Usa,12
Central Ave & Covert St,12,15,New York,Usa,12
Steinway St & 21 Ave,19,2,New York,Usa,12
Bushwick Ave & Linden St,10,17,New York,Usa,12
64 St & 51 Ave,5,10,New York,Usa,12
E 102 St & 1 Ave,18,2,New York,Usa,12
Walnut Ave & E 136 St,0,17,New York,Usa,12
5 Ave & W 131 St,13,5,New York,Usa,12
State St & Smith St,61,0,New York,Usa,12
Albany Ave & Park Pl,4,13,New York,Usa,12
River Ave & E 153 St,13,12,New York,Usa,12
Clinton St & 4 Place,13,9,New York,Usa,12
7 St & 3 Ave,17,2,New York,Usa,12
W Fordham Rd & Loring Pl N,19,5,New York,Usa,12
W 27 St & 6 Ave,9,54,New York,Usa,12
E 12 St & Ave C,9,30,New York,Usa,12
Amsterdam Ave & W 175 St,4,14,New York,Usa,12
6 Ave & 9 St,11,13,New York,Usa,12
Clarkson Ave & E 37 St,17,1,New York,Usa,12
Corona Ave & 92 St,16,4,New York,Usa,12
3 Ave & E 82 St,35,5,New York,Usa,12
83 St & Narrows Ave,0,9,New York,Usa,12
Lorimer St & Broadway,21,6,New York,Usa,12
6 St & 7 Ave,10,9,New York,Usa,12
Tilden Ave & Lott St,15,0,New York,Usa,12
31 St & Astoria Blvd,28,3,New York,Usa,12
Danforth Ave & JFK Blvd,3,10,New York,Usa,12
89 St & 3 Ave,7,7,New York,Usa,12
Frederick Douglass Blvd & W 139 St,9,12,New York,Usa,12
E 27 St & Park Ave S,13,52,New York,Usa,12
E 17 St & Beverley Rd,23,0,New York,Usa,12
Fulton St & Broadway,44,3,New York,Usa,12
3 St & Prospect Park West,13,13,New York,Usa,12
Carmine St & 6 Ave,17,41,New York,Usa,12
Jerome Ave & Bainbridge Ave,13,3,New York,Usa,12
Metropolitan Ave & Bedford Ave,53,0,New York,Usa,12
Harman St & Seneca Ave,10,8,New York,Usa,12
Page Pl & Grand Ave,17,3,New York,Usa,12
Cadman Plaza E & Tillary St,45,4,New York,Usa,12
Madison St & Woodward Ave,15,1,New York,Usa,12
Frederick Douglass Blvd & Harlem River Dr,11,7,New York,Usa,12
Pacific St & Ralph Ave,1,17,New York,Usa,12
6 Ave & W 34 St,46,9,New York,Usa,12
Milton St & Franklin St,1,1,New York,Usa,12
Ave A & E 11 St,8,60,New York,Usa,12
W 90 St & Amsterdam Ave,18,14,New York,Usa,12
7 Ave & 20 St,9,7,New York,Usa,12
E 103 St & 2 Ave,11,21,New York,Usa,12
30 Ave & 12 St,32,1,New York,Usa,12
Catalpa Ave & Woodward Ave,16,2,New York,Usa,12
E 31 St & 3 Ave,20,43,New York,Usa,12
Broadway & Berry St,3,27,New York,Usa,12
Pearl St & Hanover Square,61,0,New York,Usa,12
2 Ave & E 99 St,14,16,New York,Usa,12
20 Ave & 48 St,18,3,New York,Usa,12
Bond St & Bergen St,20,5,New York,Usa,12
Stockholm St & Wilson Ave,8,14,New York,Usa,12
67 St & Erik Pl,6,16,New York,Usa,12
57 Rd & 58 St,12,6,New York,Usa,12
Graham Ave & Withers St,6,11,New York,Usa,12
Jerome Ave & E Mosholu Pkwy S,5,16,New York,Usa,12
44 St & 48 Ave,7,14,New York,Usa,12
Bay Ridge Pkwy & 5 Ave,3,12,New York,Usa,12
79 St & 5 Ave,1,12,New York,Usa,12
E 181 St & Bathgate Ave,4,13,New York,Usa,12
Martense Ave & 108 St,17,1,New York,Usa,12
Journal Square,6,10,New York,Usa,12
Fort Hamilton Pkwy & 85 St,11,1,New York,Usa,12
Adams St & Prospect St,54,0,New York,Usa,12
Eliot Ave & 60 Ln,6,11,New York,Usa,12
Tinton Ave & E 165 St,13,3,New York,Usa,12
24 Ave & 26 St,16,0,New York,Usa,12
Troy Ave & Linden Blvd,21,0,New York,Usa,12
W 171 St & St Nicholas Ave,10,19,New York,Usa,12
36 St & 47 Ave,5,13,New York,Usa,12
Pacific St & Troy Ave,9,7,New York,Usa,12
E 153 St & E 157 St,9,7,New York,Usa,12
W 87 St & Amsterdam Ave,18,21,New York,Usa,12
31 St & Newtown Ave,34,3,New York,Usa,12
Engert Ave & McGuinness Blvd,6,12,New York,Usa,12
Driggs Ave & N 9 St,33,13,New York,Usa,12
48 St & Broadway,10,19,New York,Usa,12
W 10 St & Washington St,13,47,New York,Usa,12
57 St & 7 Ave,8,11,New York,Usa,12
8 Ave & W 24 St,9,31,New York,Usa,12
Monroe St & Tompkins Ave,7,6,New York,Usa,12
E 204 St & Webster Ave,13,4,New York,Usa,12
Union Ave & Jackson St,15,2,New York,Usa,12
10 Ave & W 34 St,28,0,New York,Usa,12
Front St & Gold St,33,1,New York,Usa,12
Crescent St & 30 Ave,10,11,New York,Usa,12
19 St & 8 Ave,2,21,New York,Usa,12
102 St & 34 Ave,11,9,New York,Usa,12
W 180 St & Fort Washington Ave,23,2,New York,Usa,12
Columbia St & Lorraine St,22,12,New York,Usa,12
Brook Ave & E 141 St,4,11,New York,Usa,12
Grand Concourse & E 176 St,0,17,New York,Usa,12
Brooklyn Bridge Park - Pier 2,26,0,New York,Usa,12
West End Ave & W 94 St,16,12,New York,Usa,12
E 19 St & 3 Ave,2,29,New York,Usa,12
39 St & 2 Ave,30,1,New York,Usa,12
Ditmars Blvd & 31 Dr,23,2,New York,Usa,12
Park Pl & Franklin Ave,10,4,New York,Usa,12
Leonard St & Maujer St,7,15,New York,Usa,12
Fort Washington Ave & W 190 St,2,13,New York,Usa,12
E 163 St & Tiffany St,9,9,New York,Usa,12
Oakland Ave,10,12,New York,Usa,12
W 26 St & 10 Ave,38,11,New York,Usa,12
E 58 St & 1 Ave (NW Corner),35,14,New York,Usa,12
5 Ave & E 30 St,10,43,New York,Usa,12
100 St & Northern Blvd,10,9,New York,Usa,12
Amsterdam Ave & W 172 St,18,4,New York,Usa,12
Linden Blvd & E 91 St,4,5,New York,Usa,12
Southern Blvd & Tiffany St,8,10,New York,Usa,12
47 Ave & 104 St,17,2,New York,Usa,12
Carroll St & Smith St,36,2,New York,Usa,12
E 10 St & Ave A,65,38,New York,Usa,12
South End Ave & Albany St,26,13,New York,Usa,12
Dwight St & Dikeman St,11,8,New York,Usa,12
Montgomery St,8,6,New York,Usa,12
Douglass St & 4 Ave,43,3,New York,Usa,12
President St & Nostrand Ave,12,14,New York,Usa,12
FDR Drive & E 35 St,112,10,New York,Usa,12
Hamilton Pl & W 140 St,3,15,New York,Usa,12
7 Ave & 22 St,0,22,New York,Usa,12
Sedgwick Ave & W Tremont Ave,13,3,New York,Usa,12
Convent Ave & W 151 St,1,20,New York,Usa,12
Grand Ave & 58 Ave,6,11,New York,Usa,12
E 158 St & Melrose Ave,5,17,New York,Usa,12
Jerome Ave & W 184 St,11,4,New York,Usa,12
39 Ave & 99 St,2,17,New York,Usa,12
Willis Ave & Bruckner Blvd,13,3,New York,Usa,12
Convent Ave & W 135 St,8,21,New York,Usa,12
Brooklyn Ave & Dean St,6,12,New York,Usa,12
30 Ave & 47 St,9,10,New York,Usa,12
Southern Blvd & E 187 St,10,1,New York,Usa,12
Kappock St & Independence Ave,4,11,New York,Usa,12
E 93 St & 2 Ave,29,41,New York,Usa,12
Monmouth & 6th,10,3,New York,Usa,12
Church Sq Park - 5 St & Park Ave,4,17,New York,Usa,12
Adams St & 2 St,7,6,New York,Usa,12
Dumont Ave & Thomas S. Boyland St,7,8,New York,Usa,12
Sterling Pl & Bedford Ave,0,19,New York,Usa,12
3 Ave & 14 St,18,5,New York,Usa,12
Broadway & 12 St,28,3,New York,Usa,12
9 Ave & W 204 St,24,0,New York,Usa,12
Elmhurst Ave & Forley St,7,14,New York,Usa,12
Corona Ave & 90 St,17,3,New York,Usa,12
99 St & 58 Ave,22,2,New York,Usa,12
9 Ave & W 18 St,40,43,New York,Usa,12
Pacific St & Rochester Ave,8,9,New York,Usa,12
23 Rd & 31 St,21,0,New York,Usa,12
Queens Blvd N & 75 Ave,16,6,New York,Usa,12
Kosciuszko St & Nostrand Ave,1,17,New York,Usa,12
North Moore St & Greenwich St,19,8,New York,Usa,12
N 11 St & Kent Ave,25,0,New York,Usa,12
Townsend Ave & E 175 St,8,8,New York,Usa,12
Lorimer St & Harrison Ave,16,2,New York,Usa,12
W 44 St & 11 Ave,29,44,New York,Usa,12
Nelson Ave & 167 St,0,21,New York,Usa,12
W 190 St & St Nicholas Ave,18,8,New York,Usa,12
Railroad Ave & Kay Ave,17,10,New York,Usa,12
N Portland Ave & Flushing Ave,29,2,New York,Usa,12
47 St & 3 Ave,14,6,New York,Usa,12
Austin St & 63 Dr,16,0,New York,Usa,12
E 13 St & 2 Ave,18,35,New York,Usa,12
91 St & 31 Ave,10,10,New York,Usa,12
Cypress Ave & Palmetto St,3,22,New York,Usa,12
E 167 St & Franklin Ave,0,17,New York,Usa,12
Lafayette Ave & Franklin Ave,5,10,New York,Usa,12
Tibbett Ave & W 234 St,15,1,New York,Usa,12
31 Ave & 103 St,2,17,New York,Usa,12
61 St & Woodside Ave,5,13,New York,Usa,12
E 58 St & 3 Ave,12,30,New York,Usa,12
6 Ave & 12 St,4,19,New York,Usa,12
Eldert St & Bushwick Ave,5,14,New York,Usa,12
Valentine Ave & E 198 St,14,3,New York,Usa,12
W 95 St & Broadway,27,1,New York,Usa,12
W 37 St & Broadway,0,0,New York,Usa,12
12 St & 4 Ave,11,10,New York,Usa,12
63 Dr & Booth St,18,1,New York,Usa,12
Lewis Ave & Kosciuszko St,5,16,New York,Usa,12
Morris Canal,9,5,New York,Usa,12
51 St & Queens Blvd,3,16,New York,Usa,12
E 91 St & 2 Ave,20,50,New York,Usa,12
51 Ave & 61 St,6,13,New York,Usa,12
Wilkins Ave & Crotona Park E,1,15,New York,Usa,12
Bristol St & Pitkin Ave,1,15,New York,Usa,12
65 St & Roosevelt Ave,16,12,New York,Usa,12
Riverside Dr E & W 155 St,22,0,New York,Usa,12
Henry St & Middagh St,9,23,New York,Usa,12
E 50 St & Park Ave,14,22,New York,Usa,12
Crescent St & Ditmars Blvd,11,6,New York,Usa,12
Thompson St & Bleecker St,30,26,New York,Usa,12
Banker St & Meserole Ave,21,9,New York,Usa,12
Sterling Pl & 5 Ave,21,3,New York,Usa,12
Pioneer St & Richards St,6,16,New York,Usa,12
Turner Pl & Coney Island Ave,11,6,New York,Usa,12
Arlington Ave & Wilkinson Ave,2,12,New York,Usa,12
Concord St & Bridge St,7,11,New York,Usa,12
Greenwood Ave & E 4 St,18,3,New York,Usa,12
Greenwich St & Hubert St,22,9,New York,Usa,12
Shore Rd & Narrows Ave,4,7,New York,Usa,12
34 Ave & 48 St,15,8,New York,Usa,12
108 St & Jewel Ave,4,11,New York,Usa,12
N 6 St & Bedford Ave,22,3,New York,Usa,12
Stewart Ave & Johnson Ave,15,0,New York,Usa,12
Crown St & Troy Ave,2,16,New York,Usa,12
E 80 St & 2 Ave,7,25,New York,Usa,12
Bushwick Ave & McKibbin St,7,13,New York,Usa,12
8 Ave & W 55 St,14,51,New York,Usa,12
Ditmars Blvd & 76 St,4,15,New York,Usa,12
Pitkin Ave & Grafton St,7,11,New York,Usa,12
56 Dr & 59 St,16,1,New York,Usa,12
Narrows Ave & MacKay Pl,1,10,New York,Usa,12
46 Ave & 5 St,31,11,New York,Usa,12
70 Rd & 112 St,12,6,New York,Usa,12
30 Ave & 96 St,8,11,New York,Usa,12
5 Ave & 67 St,7,11,New York,Usa,12
Stagg St & Morgan Ave,3,17,New York,Usa,12
60 Ave & Fresh Pond Rd,5,13,New York,Usa,12
Greene Ave & Nostrand Ave,11,8,New York,Usa,12
58 St & 56 Dr,8,9,New York,Usa,12
Woodside Ave & 69 St,1,15,New York,Usa,12
Southpoint Park,19,13,New York,Usa,12
49 Ave & 108 St,18,3,New York,Usa,12
W 29 St & 9 Ave,9,32,New York,Usa,12
W 52 St & 6 Ave,0,0,New York,Usa,12
37 St & 13 Ave,12,3,New York,Usa,12
Lewis Ave & Madison St,13,8,New York,Usa,12
Hoboken Ave at Monmouth St,22,10,New York,Usa,12
Taylor St & Bedford Ave,18,2,New York,Usa,12
Hamilton Park,15,10,New York,Usa,12
Willis Ave & E 141 St,11,7,New York,Usa,12
E 81 St & Park Ave,29,15,New York,Usa,12
Whitney Ave & Ketcham Pl,19,4,New York,Usa,12
10 Ave & W 14 St,51,28,New York,Usa,12
W 144 St & Adam Clayton Powell Blvd,15,5,New York,Usa,12
Echo Pl & Grand Concourse,7,19,New York,Usa,12
E 191 St & Bathgate Ave,19,9,New York,Usa,12
Amsterdam Ave & W 82 St,36,2,New York,Usa,12
Vyse Ave & Boston Rd,4,13,New York,Usa,12
Lenox Ave & W 117 St,28,11,New York,Usa,12
Ashland Pl & Dekalb Ave,38,3,New York,Usa,12
10 Ave & W 207 St,31,5,New York,Usa,12
Willoughby Ave & Tompkins Ave,11,3,New York,Usa,12
Sterling Pl & Rochester Ave,8,12,New York,Usa,12
Davis St & Jackson Ave,14,19,New York,Usa,12
Old Slip & South St,87,0,New York,Usa,12
Beverley Rd & Nostrand Ave,19,2,New York,Usa,12
4 Ave & 99 St,11,3,New York,Usa,12
E 84 St & 1 Ave,17,11,New York,Usa,12
Bedford Ave & Albemarle Rd,16,2,New York,Usa,12
W 165 St & Fort Washington Ave,1,20,New York,Usa,12
11 Ave & W 59 St,7,20,New York,Usa,12
Broadway & W 25 St,32,76,New York,Usa,12
Hilltop,9,17,New York,Usa,12
E 115 St & Lexington Ave,22,1,New York,Usa,12
E 88 St & 1 Ave,5,31,New York,Usa,12
55 St & Northern Blvd,17,6,New York,Usa,12
Riverdale Ave & W 263 St,3,13,New York,Usa,12
Sunken Meadow Comfort Station,18,0,New York,Usa,12
29 St & Skillman Ave,13,12,New York,Usa,12
Metropolitan Ave & Meeker Ave,10,19,New York,Usa,12
Manhattan Ave & Leonard St,13,3,New York,Usa,12
6 Ave & 60 St,15,7,New York,Usa,12
Crotona Park North & Prospect Ave,13,2,New York,Usa,12
11 Ave & W 27 St,28,11,New York,Usa,12
South St & Broad St,28,1,New York,Usa,12
Ridge Blvd & 89 St,8,2,New York,Usa,12
W 192 St & University Ave,3,17,New York,Usa,12
114 St & 39 Ave,22,7,New York,Usa,12
Buffalo Ave & St John's Pl,2,17,New York,Usa,12
Carroll St & Columbia St,13,24,New York,Usa,12
Pacific Ave & Communipaw Ave,14,4,New York,Usa,12
W 11 St & 6 Ave,31,42,New York,Usa,12
Dyckman St & 10 Ave,15,1,New York,Usa,12
Lexington Ave & E 128 St,21,1,New York,Usa,12
Maurice Ave & 53 Dr,11,1,New York,Usa,12
Steinway St & 19 Ave,12,8,New York,Usa,12
DeKalb Ave & Vanderbilt Ave,16,0,New York,Usa,12
16 St & 4 Ave,22,5,New York,Usa,12
Division Ave & Hooper St,27,33,New York,Usa,12
N 10 St & Berry St,15,30,New York,Usa,12
McDonald Ave & Vanderbilt St,13,6,New York,Usa,12
E 180 St & Prospect Ave,13,5,New York,Usa,12
Frederick Douglass Blvd & W 112 St,18,15,New York,Usa,12
21 Ave & Crescent St,20,2,New York,Usa,12
110 St & 66 Rd,9,6,New York,Usa,12
Canal St & Rutgers St,37,6,New York,Usa,12
Shore Pkwy Greenway & Bay Ridge Ave,10,13,New York,Usa,12
University Pl & E 8 St,16,57,New York,Usa,12
Bainbridge Ave & E 196 St,9,7,New York,Usa,12
Cooper Ave & 65 Pl,13,9,New York,Usa,12
Wadsworth Ave & W 179 St,21,7,New York,Usa,12
Glenwood Ave,6,12,New York,Usa,12
50 St & 30 Ave,12,10,New York,Usa,12
74 St & Woodside Ave,4,14,New York,Usa,12
St Felix Ave & 61 St,5,11,New York,Usa,12
2 Ave & E 125 St,25,1,New York,Usa,12
Pier 40 - Hudson River Park,9,13,New York,Usa,12
60 Pl & Bleecker St,3,14,New York,Usa,12
47 Ave & Skillman Ave,11,7,New York,Usa,12
Columbus Ave & W 72 St,13,49,New York,Usa,12
E 138 St & Willow Ave,1,14,New York,Usa,12
Dean St & Franklin Ave,11,6,New York,Usa,12
E 149 St & Morris Ave,17,15,New York,Usa,12
58 St & 32 Ave,10,9,New York,Usa,12
