name,free_bikes,empty_slots,city,country,position
Chester Ave & 12 Ave,18,0,New York,Usa,14
W 56 St & 8 Ave,2,43,New York,Usa,14
S Portland Ave & Hanson Pl,3,23,New York,Usa,14
E 78 St & 2 Ave,22,1,New York,Usa,14
87 St & Roosevelt Ave,2,20,New York,Usa,14
E 157 St & River Ave,7,11,New York,Usa,14
E 17 St & Broadway,1,73,New York,Usa,14
Central Ave & Flushing Ave,20,0,New York,Usa,14
Colonial Rd & 71 St,8,4,New York,Usa,14
E 149 St & Eagle Ave,10,0,New York,Usa,14
E 165 St & Jerome Ave,6,13,New York,Usa,14
72 St & 31 Ave,12,8,New York,Usa,14
Amity St & Court St,19,6,New York,Usa,14
Irwin Ave & W 232 St,18,0,New York,Usa,14
Nassau Ave & Russell St,33,14,New York,Usa,14
1 St & 6 Ave,30,4,New York,Usa,14
Bulova Ave & Brooklyn Queens Expressway W,2,17,New York,Usa,14
45 St & 4 Ave,18,4,New York,Usa,14
Watts St & Greenwich St,38,12,New York,Usa,14
Murray St & West St (NW Corner),14,59,New York,Usa,14
Broadway & E 14 St,0,114,New York,Usa,14
Hegeman Ave & Powell St,12,0,New York,Usa,14
Harrison Pl & Porter Ave,17,3,New York,Usa,14
W 87 St & West End Ave,21,21,New York,Usa,14
108 St & 66 Rd,18,2,New York,Usa,14
3 Ave & E 109 St,21,0,New York,Usa,14
3 Ave & 92 St,12,0,New York,Usa,14
Myrtle Ave & St Edwards St,44,8,New York,Usa,14
E 9 St & Ave C,31,16,New York,Usa,14
Marcy Ave & Gates Ave,18,0,New York,Usa,14
Bergen St & Vanderbilt Ave,0,23,New York,Usa,14
E 149 St & Park Ave,1,23,New York,Usa,14
Sheridan Ave & E 168 St,8,13,New York,Usa,14
Dyckman St & Henshaw St,16,1,New York,Usa,14
Hudson St & Reade St,24,30,New York,Usa,14
E 106 St & 1 Ave,24,0,New York,Usa,14
E 1 St & Bowery,7,36,New York,Usa,14
Melrose Ave & E 150 St,4,23,New York,Usa,14
Botanical Sq & Webster Ave,27,2,New York,Usa,14
E 23 St & 1 Ave,22,1,New York,Usa,14
Buchanan Pl & Grand Ave,18,2,New York,Usa,14
Flatbush Ave & Ocean Ave,16,18,New York,Usa,14
Halsey St & Evergreen Ave,7,12,New York,Usa,14
Southern Blvd & E 174 St,11,15,New York,Usa,14
Park Pl & Church St,23,30,New York,Usa,14
Kent Ave & N 7 St,39,36,New York,Usa,14
E 188 St & Creston Ave,7,22,New York,Usa,14
E 92 St & Rutland Rd,10,3,New York,Usa,14
37 St & Fort Hamilton Pkwy,9,1,New York,Usa,14
63 St & 59 Dr,11,12,New York,Usa,14
Decatur Ave & E 197 St,2,13,New York,Usa,14
E 94 St & Madison Ave,39,0,New York,Usa,14
55 Ave & 90 St,13,7,New York,Usa,14
Vernon Blvd & 41 Rd,9,16,New York,Usa,14
South St & Whitehall St,41,9,New York,Usa,14
21 St & Queens Plaza N,3,30,New York,Usa,14
Bronx Park S & Bryant Ave,13,5,New York,Usa,14
W 47 St & 6 Ave,7,55,New York,Usa,14
E 34 St & Linden Blvd,23,1,New York,Usa,14
Liberty St & Broadway,14,49,New York,Usa,14
Frost St & Debevoise Ave,0,19,New York,Usa,14
Greenwich St & Christopher St,64,3,New York,Usa,14
3 Ave & Schermerhorn St,6,28,New York,Usa,14
Franklin Ave & St Marks Ave,19,10,New York,Usa,14
W 170 St & University Ave,9,9,New York,Usa,14
Menahan St & Wyckoff Ave,11,5,New York,Usa,14
E 114 St & 1 Ave,21,1,New York,Usa,14
Bergen St & 4 Ave,2,31,New York,Usa,14
Ave D & E 3 St,48,5,New York,Usa,14
Edgecombe Ave & W 167 St,5,17,New York,Usa,14
W 100 St & Broadway,13,25,New York,Usa,14
Caton Ave & E 10 St,15,14,New York,Usa,14
Morningside Ave & W 123 St,24,8,New York,Usa,14
65 Pl & Central Ave,14,3,New York,Usa,14
Gerard Ave & E 164 St,3,13,New York,Usa,14
Eastern Pkwy & Brooklyn Ave,6,13,New York,Usa,14
Riverview Park,9,7,New York,Usa,14
Jerome Ave & E Gun Hill Rd,12,6,New York,Usa,14
W 42 St & 6 Ave,0,53,New York,Usa,14
Riverside Dr & W 138 St,18,10,New York,Usa,14
39 St & Queens Blvd,8,13,New York,Usa,14
95 St & 35 Ave,3,18,New York,Usa,14
W 78 St & Broadway,32,4,New York,Usa,14
Coffey St & Conover St,3,27,New York,Usa,14
Warren St & Smith St,19,13,New York,Usa,14
E 91 St & Park Ave,29,3,New York,Usa,14
59 St & 4 Ave,5,25,New York,Usa,14
5 Ave & W 126 St,24,0,New York,Usa,14
W 15 St & 6 Ave,5,65,New York,Usa,14
Crotona Pkwy & Elsmere Pl,5,18,New York,Usa,14
Powers St & Olive St,13,6,New York,Usa,14
E 55 St & 2 Ave,9,19,New York,Usa,14
Morris Ave & E 142 St,5,13,New York,Usa,14
Case St & 94 St,6,14,New York,Usa,14
E 2 St & Ave B,69,10,New York,Usa,14
Fulton Ave & E 168 St,1,18,New York,Usa,14
W 92 St & Broadway,13,6,New York,Usa,14
36 St & 4 Ave,28,2,New York,Usa,14
Bloomfield St & 15 St,11,1,New York,Usa,14
Broadway & W 153 St,1,16,New York,Usa,14
Queens Blvd N & 78 Ave,23,1,New York,Usa,14
Washington Ave & Greene Ave,17,1,New York,Usa,14
E 17 St & 2 Ave,18,24,New York,Usa,14
Forley St & Lamont Ave,13,5,New York,Usa,14
Market St & Henry St,35,2,New York,Usa,14
Pacific St & Smith St,38,5,New York,Usa,14
Pacific St & Classon Ave,15,4,New York,Usa,14
Montague St & Hicks St,21,11,New York,Usa,14
E 93 St & Winthrop St,12,1,New York,Usa,14
Union St & Bergen Ave,12,1,New York,Usa,14
W 56 St & 10 Ave,30,12,New York,Usa,14
Grand Concourse & E 199 St,6,13,New York,Usa,14
Knickerbocker Ave & Halsey St,5,10,New York,Usa,14
New York Ave & Snyder Ave,21,0,New York,Usa,14
111 St & 49 Ave,4,22,New York,Usa,14
Home St & Westchester Ave,16,3,New York,Usa,14
Andrews Ave S & W 179 St,5,15,New York,Usa,14
Morton St & Greenwich St,0,0,New York,Usa,14
Lott St & Erasmus St,18,0,New York,Usa,14
Putnam Ave & Throop Ave,14,0,New York,Usa,14
5 Ave & 88 St,11,0,New York,Usa,14
21 St & Hoyt Ave S,13,19,New York,Usa,14
E 176 St & Clinton Ave,3,16,New York,Usa,14
39 Dr & 52 St,3,15,New York,Usa,14
Jay St & York St,29,6,New York,Usa,14
Greenpoint Ave & 47 St,1,20,New York,Usa,14
Clinton St & Centre St,19,0,New York,Usa,14
Bedford Ave & Fenimore St,17,0,New York,Usa,14
E 179 St & Southern Blvd,9,13,New York,Usa,14
E 134 St & Walnut Ave,2,13,New York,Usa,14
Freeman St & Reverend James A Polite Ave,2,17,New York,Usa,14
Carroll St & Washington Ave,12,12,New York,Usa,14
W 45 St & 8 Ave,35,27,New York,Usa,14
Bergen St & Saratoga Ave,1,15,New York,Usa,14
Cleveland Pl & Spring St,7,20,New York,Usa,14
E 180 St & Monterey Ave,4,14,New York,Usa,14
Sumpter St & Fulton St,11,8,New York,Usa,14
79 St & Woodside Ave,5,12,New York,Usa,14
E 15 St & 3 Ave,13,64,New York,Usa,14
Woodside Ave & 55 St,5,12,New York,Usa,14
Nostrand Ave & Flushing Ave,2,22,New York,Usa,14
Yellowstone Blvd & 65 Ave,8,6,New York,Usa,14
20 Ave & 31 St,18,3,New York,Usa,14
Franklin St & Dupont St,27,0,New York,Usa,14
Myrtle Ave & Lewis Ave,9,10,New York,Usa,14
1 Ave & E 94 St,39,0,New York,Usa,14
Queens Blvd S & 71 Ave,19,6,New York,Usa,14
E 135 St & St Ann's Ave,18,3,New York,Usa,14
E 35 St & Madison Ave,7,37,New York,Usa,14
49 St & 25 Ave,23,2,New York,Usa,14
Strong St & University Ave,1,18,New York,Usa,14
Carlton Ave & Park Ave,16,5,New York,Usa,14
110 St & 68 Ave,10,2,New York,Usa,14
Clinton St & Tillary St,23,6,New York,Usa,14
Sheridan Ave & E 172 St,1,20,New York,Usa,14
19 St & 24 Ave,11,10,New York,Usa,14
Winthrop St & Schenectady Ave,19,1,New York,Usa,14
Forsyth St & Canal St,13,10,New York,Usa,14
6 Ave & 21 St,22,0,New York,Usa,14
100 St & 37 Ave,4,13,New York,Usa,14
Beaver St & Fayette St,26,0,New York,Usa,14
Legion St & Blake Ave,8,1,New York,Usa,14
Malcolm X Blvd & DeKalb Ave,14,3,New York,Usa,14
Walton Ave & E 183 St,4,25,New York,Usa,14
Somers St & Rockaway Ave,2,14,New York,Usa,14
Carroll St & 5 Ave,16,5,New York,Usa,14
Astor Place,2,9,New York,Usa,14
12 St & Sinatra Dr N,6,21,New York,Usa,14
Cedar St & Myrtle Ave,19,5,New York,Usa,14
E 45 St & 3 Ave,1,44,New York,Usa,14
Morris Ave & McClellan St,11,6,New York,Usa,14
E 161 St & River Ave,1,34,New York,Usa,14
Park Ave & Marcy Ave,12,11,New York,Usa,14
81 St & 35 Ave,1,24,New York,Usa,14
3 Ave & E 189 St,22,5,New York,Usa,14
27 Ave & 3 St,15,0,New York,Usa,14
Decatur Ave & Bedford Park Blvd,13,3,New York,Usa,14
Riverside Dr & W 82 St,34,36,New York,Usa,14
Fulton St & Adams St,12,28,New York,Usa,14
32 Ave & 81 St,3,13,New York,Usa,14
Driggs Ave & S 2 St,24,4,New York,Usa,14
Jerome Ave & W 193 St,14,3,New York,Usa,14
W 74 St & Columbus Ave,18,8,New York,Usa,14
Central Ave & Himrod St,17,2,New York,Usa,14
W 17 St & 8 Ave,2,61,New York,Usa,14
Paul Ave & W 205 St,5,11,New York,Usa,14
Ditmars Blvd & 79 St,9,16,New York,Usa,14
3 Ave & E 174 St,16,15,New York,Usa,14
Broadway & 49 St,16,7,New York,Usa,14
Calyer St & Jewel St,34,3,New York,Usa,14
Cypress Hills St & Otto Rd,14,3,New York,Usa,14
61 St & 39 Ave,12,16,New York,Usa,14
E 179 St & Daly Ave,5,12,New York,Usa,14
Concourse Village West & E 156 St,8,11,New York,Usa,14
Grand St,5,11,New York,Usa,14
Perry St & Bleecker St,5,10,New York,Usa,14
Broadway & Battery Pl,49,0,New York,Usa,14
Waldron St & 108 St,14,5,New York,Usa,14
Prospect Pl & Underhill Ave,16,2,New York,Usa,14
Broadway & Moylan Pl,39,0,New York,Usa,14
Queens Blvd & 56 St,8,12,New York,Usa,14
Newark St & Washington St,5,19,New York,Usa,14
1 Ave & E 42 St,45,13,New York,Usa,14
Amsterdam Ave & W 189 St,3,17,New York,Usa,14
Buffalo Ave & E New York Ave,5,18,New York,Usa,14
E 182 St & Grand Concourse,5,19,New York,Usa,14
Prospect Ave & E 151 St,7,13,New York,Usa,14
34 Ave & 74 St,17,8,New York,Usa,14
E 2 St & Ave C,42,34,New York,Usa,14
66 Rd & 102 St,3,13,New York,Usa,14
Sands St & Jay St,46,0,New York,Usa,14
Fulton Ave & E 172 St,4,11,New York,Usa,14
Shore Rd & 86 St,10,0,New York,Usa,14
Christ Hospital,7,13,New York,Usa,14
112 St & Northern Blvd,13,3,New York,Usa,14
59 St & 5 Ave,10,16,New York,Usa,14
Irving Ave & Palmetto St,2,18,New York,Usa,14
University Ave & Macombs Rd,4,15,New York,Usa,14
Riverdale Ave & Thomas S. Boyland St,5,10,New York,Usa,14
W 76 St & Columbus Ave,18,27,New York,Usa,14
Devoe St & Lorimer St,11,17,New York,Usa,14
Lewis Ave & Fulton St,3,11,New York,Usa,14
E 43 St & 2 Ave,13,33,New York,Usa,14
Cortelyou Rd & E 34 St,15,0,New York,Usa,14
46 St & Queens Blvd,18,13,New York,Usa,14
Picnic Point,16,27,New York,Usa,14
26 Ave & 2 St,14,3,New York,Usa,14
Goulden Ave & W 205 St,2,16,New York,Usa,14
53 Ave & 94 St,19,0,New York,Usa,14
Tilden Ave & Nostrand Ave,17,0,New York,Usa,14
62 St & 43 Ave,4,14,New York,Usa,14
E 7 St & Ave B,59,5,New York,Usa,14
Yellowstone Blvd & 68 Ave,16,0,New York,Usa,14
99 St & 35 Ave,7,12,New York,Usa,14
2 Ave & E 29 St,38,14,New York,Usa,14
E 6 St & 2 Ave,55,14,New York,Usa,14
21 St & 21 Ave,18,2,New York,Usa,14
Schermerhorn St & Court St,33,24,New York,Usa,14
Austin St & 66 Ave,11,0,New York,Usa,14
W 89 St & Columbus Ave,7,41,New York,Usa,14
44 Dr & 21 St,13,26,New York,Usa,14
Little West St & 1 Pl,32,0,New York,Usa,14
E 66 St & Madison Ave,10,21,New York,Usa,14
108 St & 39 Ave,18,2,New York,Usa,14
35 St & Broadway,12,2,New York,Usa,14
44 Dr & Jackson Ave,19,14,New York,Usa,14
Front St & Jay St,21,1,New York,Usa,14
E 10 St & 5 Ave,0,0,New York,Usa,14
Halsey St & Broadway,15,0,New York,Usa,14
Southern Blvd & E 175 St,12,5,New York,Usa,14
Berkeley Pl & 6 Ave,27,11,New York,Usa,14
Clarkson Ave & E 91 St,11,0,New York,Usa,14
Linden Blvd & Nostrand Ave,20,0,New York,Usa,14
Broadway & Roebling St,15,9,New York,Usa,14
92 St & Astoria Blvd,17,1,New York,Usa,14
Charlotte St & Boston Rd,4,13,New York,Usa,14
W 18 St & 9 Ave,11,25,New York,Usa,14
Brook Ave & E 138 St,18,3,New York,Usa,14
Grand Concourse & E 171 St,5,15,New York,Usa,14
Ralph Ave & Fulton St,7,16,New York,Usa,14
Broadway & W 157 St,7,21,New York,Usa,14
Leonard St & Church St,20,23,New York,Usa,14
56 St & 2 Ave,17,10,New York,Usa,14
Bedford Ave & Bergen St,20,0,New York,Usa,14
Bus Slip & State St,67,0,New York,Usa,14
Greene Ave & Grandview Ave,15,0,New York,Usa,14
Park Pl & Carlton Ave,2,21,New York,Usa,14
JC Medical Center,18,0,New York,Usa,14
Austin St & 70 Rd,7,16,New York,Usa,14
Church Ave & E 45 St,17,2,New York,Usa,14
Fulton St & William St,22,16,New York,Usa,14
E 81 St & York Ave,41,1,New York,Usa,14
69 St & 43 Ave,5,12,New York,Usa,14
Park Circle & East Dr,28,0,New York,Usa,14
50 St & 7 Ave,15,3,New York,Usa,14
Degraw St & Hoyt St,20,2,New York,Usa,14
E Fordham Rd & Webster Ave,27,6,New York,Usa,14
Ave D & E 10 St,17,11,New York,Usa,14
36 St & Queens Blvd,4,13,New York,Usa,14
Flatbush Ave & Lincoln Rd,21,0,New York,Usa,14
E 174 St & Longfellow Ave,16,1,New York,Usa,14
Wilson Ave & Moffat St,5,25,New York,Usa,14
Livonia Ave & Rockaway Ave,9,5,New York,Usa,14
Jackson Ave & 50 Ave,8,23,New York,Usa,14
E 156 St & Brook Ave,12,6,New York,Usa,14
Bruckner Blvd & Faile St,16,8,New York,Usa,14
Pleasant Ave & E 120 St,17,0,New York,Usa,14
Onderdonk Ave & Gates Ave,15,0,New York,Usa,14
Prospect Pl & 6 Ave,10,14,New York,Usa,14
University Ave & Brandt Pl,2,13,New York,Usa,14
Lincoln Ave & E 138 St,13,6,New York,Usa,14
Edgecombe Ave & W 141 St,18,1,New York,Usa,14
8 Ave & W 27 St,3,23,New York,Usa,14
W 20 St & 5 Ave,22,34,New York,Usa,14
Lenox Ave & W 146 St,16,7,New York,Usa,14
Prospect Park SW & 10 Ave,2,23,New York,Usa,14
Boone Ave & E 172 St,10,7,New York,Usa,14
Ave D & E 12 St,37,2,New York,Usa,14
81 St & 34 Ave,10,14,New York,Usa,14
Marshall St & 2 St,10,6,New York,Usa,14
West End Ave & W 60 St,37,0,New York,Usa,14
46 St & 30 Rd,12,8,New York,Usa,14
Bayard St & Leonard St,27,16,New York,Usa,14
31 Ave & 30 St,18,0,New York,Usa,14
49 Ave & 27 St,13,9,New York,Usa,14
14 St Ferry - 14 St & Shipyard Ln,16,15,New York,Usa,14
43 St & 35 Ave,20,3,New York,Usa,14
Richards St & Delavan St,19,0,New York,Usa,14
Park Pl & Buffalo Ave,5,10,New York,Usa,14
E 61 St & Madison Ave,7,29,New York,Usa,14
E 89 St & 3 Ave,34,2,New York,Usa,14
Grand Concourse & E 181 St,6,14,New York,Usa,14
56 Dr & 61 St,8,8,New York,Usa,14
Lexington Ave & E 29 St,16,31,New York,Usa,14
Ogden Ave & W 165 St,2,14,New York,Usa,14
Willoughby Ave & Hall St,35,14,New York,Usa,14
Yankee Ferry Terminal,15,26,New York,Usa,14
Sedgwick Ave & W Burnside Ave,11,5,New York,Usa,14
Maple St & Flatbush Ave,16,0,New York,Usa,14
5 St & Market St,9,27,New York,Usa,14
Southern Blvd & E 180 St,2,16,New York,Usa,14
65 Ln & Metropolitan Ave,19,2,New York,Usa,14
Van Sinderen Ave & Atlantic Ave,3,18,New York,Usa,14
Broadway & W 160 St,9,10,New York,Usa,14
W 55 St & 6 Ave,9,33,New York,Usa,14
Popham Ave & W 174 St,10,7,New York,Usa,14
Church Ave & Nostrand Ave,24,5,New York,Usa,14
Broadway & W 61 St,0,47,New York,Usa,14
Henry St & Atlantic Ave,15,3,New York,Usa,14
Grand Central Pkwy & 62 Dr,11,3,New York,Usa,14
38 St & Northern Blvd,15,6,New York,Usa,14
21 St & 31 Dr,20,0,New York,Usa,14
Washington St,3,15,New York,Usa,14
57 St & 1 Ave,9,17,New York,Usa,14
Amsterdam Ave & W 136 St,8,4,New York,Usa,14
Columbia St & Kane St,15,2,New York,Usa,14
Clay Ave & E 173 St,0,17,New York,Usa,14
Scholes St & Manhattan Ave,21,10,New York,Usa,14
Alexander Ave & E 134 St,7,7,New York,Usa,14
E 58 St & 1 Ave (NE Corner),9,20,New York,Usa,14
55 Dr & Maurice Ave,6,13,New York,Usa,14
6 Ave & Walker St,4,30,New York,Usa,14
Flushing Ave & Clermont Ave,13,8,New York,Usa,14
Bushwick Ave & Stagg St,16,2,New York,Usa,14
Longwood Ave & Southern Blvd,18,5,New York,Usa,14
Livonia Ave & Mother Gaston Blvd,13,2,New York,Usa,14
Brunswick & 6th,4,8,New York,Usa,14
E 138 St & Cypress Ave,6,15,New York,Usa,14
36 St & Hunters Point Ave,10,11,New York,Usa,14
E 142 St & 3 Ave,9,8,New York,Usa,14
E 20 St & 2 Ave,43,40,New York,Usa,14
Waldo Ave & Manhattan College Pkwy,6,12,New York,Usa,14
Grand St & Samuel Dickstein Plaza,41,39,New York,Usa,14
43 Ave & 40 St,10,10,New York,Usa,14
1 Ave & E 18 St,45,4,New York,Usa,14
Smith St & 9 St,1,14,New York,Usa,14
Frederick Douglass Blvd & W 117 St,33,0,New York,Usa,14
Amsterdam Ave & W 183 St,4,14,New York,Usa,14
St Marks Ave & Ralph Ave,1,14,New York,Usa,14
St Nicholas Ave & W 155 St,2,21,New York,Usa,14
97 St & 23 Ave,3,15,New York,Usa,14
77 St & Colonial Rd,10,3,New York,Usa,14
St Mary's St & Jackson Ave,9,9,New York,Usa,14
Wards Meadow Comfort Station,0,14,New York,Usa,14
Eastern Pkwy & St Marks Ave,13,5,New York,Usa,14
Amsterdam Ave & W 180 St,2,18,New York,Usa,14
Shore Rd & 4 Ave,7,0,New York,Usa,14
Old Fulton St,15,24,New York,Usa,14
111 St & 37 Ave,20,1,New York,Usa,14
Flushing Ave & Woodward Ave,11,9,New York,Usa,14
E 56 St & 3 Ave,10,63,New York,Usa,14
Central Ave & Starr St,18,1,New York,Usa,14
Columbus Park - Clinton St & 9 St,5,19,New York,Usa,14
24 Ave & 87 St,12,7,New York,Usa,14
Seneca Ave & Decatur St,8,10,New York,Usa,14
Eastern Pkwy & Washington Ave,2,24,New York,Usa,14
Pulaski St & Throop Ave,15,0,New York,Usa,14
McGuinness Blvd & Eagle St,39,2,New York,Usa,14
Walton Ave & E 153 St,5,11,New York,Usa,14
37 Ave & 106 St,15,3,New York,Usa,14
59 St & 59 Rd,13,5,New York,Usa,14
E 15 St & 5 Ave,1,69,New York,Usa,14
3 Ave & E 72 St,0,0,New York,Usa,14
E 23 St & FDR Dr,20,23,New York,Usa,14
Norman St & Wyckoff Ave,1,11,New York,Usa,14
Schenectady Ave & Prospect Pl,1,16,New York,Usa,14
Colonial Rd & 68 St,18,0,New York,Usa,14
Hudson Pl & Hoboken Terminal,0,39,New York,Usa,14
Pacific St & Utica Ave,1,14,New York,Usa,14
7 Ave & 62 St,2,26,New York,Usa,14
Washington Ave & Park Ave,33,6,New York,Usa,14
Grand Concourse & E 175 St,2,20,New York,Usa,14
Bailey Ave & W 229 St,20,0,New York,Usa,14
Dwight St & Van Dyke St,7,15,New York,Usa,14
University Pl & E 14 St,18,38,New York,Usa,14
Post Rd & W 251 St,9,1,New York,Usa,14
Rogers Ave & Snyder Ave,20,0,New York,Usa,14
78 St & Ridge Blvd,9,2,New York,Usa,14
Pitkin Ave & Watkins St,9,0,New York,Usa,14
Sherman Ave & E 166 St,5,9,New York,Usa,14
Park Ave & St Edwards St,47,0,New York,Usa,14
Wakeman Pl & Ridge Blvd,8,9,New York,Usa,14
St Ann's Ave & Bruckner Blvd,14,0,New York,Usa,14
Herkimer St & New York Ave,12,11,New York,Usa,14
46 Ave & Junction Blvd,16,1,New York,Usa,14
Riverside Blvd & W 67 St,66,7,New York,Usa,14
Broadway & W 53 St,3,78,New York,Usa,14
Gleane St & Britton Ave,4,16,New York,Usa,14
Dock 72 Way & Market St,3,17,New York,Usa,14
West St & Liberty St,42,3,New York,Usa,14
E 85 St & York Ave,46,0,New York,Usa,14
Riverdale Ave & W 261 St,5,2,New York,Usa,14
Varick St & Watts St,26,17,New York,Usa,14
Mother Gaston Blvd & Newport St,0,13,New York,Usa,14
38 Ave & 29 St,10,6,New York,Usa,14
Queens Blvd S & 65 Rd,18,0,New York,Usa,14
Morris Ave & E 163 St,9,9,New York,Usa,14
Featherbed Ln & Jerome Ave,10,8,New York,Usa,14
Howard St & Lafayette St,24,10,New York,Usa,14
Mets Plaza at Citi Field,0,35,New York,Usa,14
36 St & Ditmars Blvd,18,6,New York,Usa,14
Jerome Ave & Anderson Ave,8,10,New York,Usa,14
Lott Ave & Rockaway Ave,4,12,New York,Usa,14
W 53 St & 10 Ave,24,2,New York,Usa,14
E 182 St & Morris Ave,4,11,New York,Usa,14
65 Pl & Woodside Ave,7,11,New York,Usa,14
Crescent St & 34 Ave,20,6,New York,Usa,14
E Gun Hill Rd & Tryon Ave,14,3,New York,Usa,14
E 74 St & 1 Ave,72,0,New York,Usa,14
Centre St & Seneca Ave,18,4,New York,Usa,14
Somers St & Broadway,27,1,New York,Usa,14
Central Park W & W 85 St,13,19,New York,Usa,14
Central Ave & Melrose St,15,1,New York,Usa,14
E 77 St & 3 Ave,30,14,New York,Usa,14
Stuyvesant Ave & Gates Ave,2,17,New York,Usa,14
Steinway St & 28 Ave,14,9,New York,Usa,14
Cortelyou Rd & E 8 St,9,0,New York,Usa,14
South St & Gouverneur Ln,15,25,New York,Usa,14
Rogers Ave & Sterling St,6,9,New York,Usa,14
E 118 St & Madison Ave,26,0,New York,Usa,14
E 88 St & Park Ave,30,1,New York,Usa,14
Eagle St & Manhattan Ave,34,0,New York,Usa,14
E 38 St & Church Ave,19,0,New York,Usa,14
31 Ave & 84 St,6,15,New York,Usa,14
Pinehurst Ave & W 187 St,4,14,New York,Usa,14
King St & Varick St,34,1,New York,Usa,14
W 13 St & 7 Ave,16,28,New York,Usa,14
Bergen St & Kingston Ave,19,1,New York,Usa,14
Gillmore St & 27 Ave,15,1,New York,Usa,14
40 Ave & Crescent St,3,15,New York,Usa,14
Wilson Ave & Troutman St,22,3,New York,Usa,14
Wyckoff Ave & Jefferson St,4,17,New York,Usa,14
8 Ave & W 52 St,16,11,New York,Usa,14
W 18 St & 6 Ave,4,64,New York,Usa,14
35 St & 34 Ave,18,7,New York,Usa,14
Rivington St & Chrystie St,24,35,New York,Usa,14
Southern Blvd & Ave St John,3,13,New York,Usa,14
Woodside Ave & 60 St,17,3,New York,Usa,14
50 Ave & 65 St,13,3,New York,Usa,14
E 40 St & Park Ave,5,112,New York,Usa,14
Grand Ave & W Fordham Rd,4,18,New York,Usa,14
Broadway & Ellwood St,15,2,New York,Usa,14
Clifton Pl & Bedford Ave,19,0,New York,Usa,14
64 St & 3 Ave,7,25,New York,Usa,14
Adam Clayton Powell Blvd & W 115 St,20,0,New York,Usa,14
Hoe Ave & Jennings St,6,12,New York,Usa,14
61 St & 60 Ln,9,7,New York,Usa,14
Clinton St & Grand St,18,28,New York,Usa,14
Brooklyn Ave & Beverley Rd,17,1,New York,Usa,14
4 Ave & Shore Road Dr,6,12,New York,Usa,14
Forest Ave & Summerfield St,12,8,New York,Usa,14
Windsor Pl & Howard Pl,19,5,New York,Usa,14
92 St & 37 Ave,2,16,New York,Usa,14
98 St & 64 Rd,17,0,New York,Usa,14
Jackson Ave & 46 Rd,6,19,New York,Usa,14
Hancock St & Malcolm X Blvd,4,9,New York,Usa,14
York St & Marin Blvd,12,6,New York,Usa,14
Marcy Ave & Lynch St,17,3,New York,Usa,14
Margaret Corbin Plz & Ft Washington Ave,0,19,New York,Usa,14
City Hall,11,6,New York,Usa,14
Clarkson Ave & Troy Ave,15,3,New York,Usa,14
Hart St & Wyckoff Ave,14,7,New York,Usa,14
Franklin Ave & Quincy St,20,2,New York,Usa,14
99 St & 65 Rd,12,2,New York,Usa,14
Wales Ave & E 147 St,16,2,New York,Usa,14
Lefferts Pl & Franklin Ave,22,0,New York,Usa,14
Southern Blvd & E 172 St,2,17,New York,Usa,14
Kingston Ave & E New York Ave,14,3,New York,Usa,14
E 24 St & Park Ave S,8,70,New York,Usa,14
Gold St & Frankfort St,29,11,New York,Usa,14
Orchard St & Grand St,20,17,New York,Usa,14
Butler St & Court St,31,0,New York,Usa,14
Newtown Ave & 23 St,25,0,New York,Usa,14
Park Ave & Marcus Garvey Blvd,18,5,New York,Usa,14
23 Ave & 83 St,6,10,New York,Usa,14
W 22 St & 10 Ave,28,48,New York,Usa,14
E 184 St & 3 Ave,11,6,New York,Usa,14
Warren St & W Broadway,8,60,New York,Usa,14
Central Park W & W 72 St,7,40,New York,Usa,14
Grand Concourse & E 203 St,6,20,New York,Usa,14
49 St & 31 Ave,9,10,New York,Usa,14
N 9 St & Wythe Ave,4,40,New York,Usa,14
Church St & Worth St,34,4,New York,Usa,14
Columbus Ave & W 95 St,15,20,New York,Usa,14
Lexington Ave & Stuyvesant Ave,9,10,New York,Usa,14
E 16 St & 5 Ave,17,46,New York,Usa,14
Mallory Ave & Roosevelt Ave,12,0,New York,Usa,14
Hull Ave & E Gun Hill Rd,9,0,New York,Usa,14
Colonial Rd & 83 St,14,0,New York,Usa,14
Baldwin at Montgomery,2,10,New York,Usa,14
35 Ave & 37 St,1,22,New York,Usa,14
E 20 St & FDR Dr,37,30,New York,Usa,14
Loring Pl North & W 183 St,6,13,New York,Usa,14
8 Ave & W 38 St,18,41,New York,Usa,14
Dawson St & Intervale Ave,10,6,New York,Usa,14
Queens Blvd S & Yellowstone Blvd,22,1,New York,Usa,14
President St & 4 Ave,27,0,New York,Usa,14
Ave C & E 16 St,17,28,New York,Usa,14
Thomas S. Boyland St & Marion St,6,11,New York,Usa,14
10 St & 5 Ave,5,15,New York,Usa,14
Kent St & McGuinness Blvd,20,0,New York,Usa,14
St Johns Pl & Howard Ave,1,19,New York,Usa,14
Mount Eden Pkwy & Eastburn Ave,1,16,New York,Usa,14
Ocean Ave & New St,11,2,New York,Usa,14
31 Ave & Crescent St,18,0,New York,Usa,14
W 20 St & 10 Ave,8,39,New York,Usa,14
E 11 St & 3 Ave,0,0,New York,Usa,14
Ave D & E 8 St,16,7,New York,Usa,14
Frederick Douglass Blvd & W 129 St,25,0,New York,Usa,14
Brooklyn Ave & Lefferts Ave,17,1,New York,Usa,14
Clarkson Ave & Nostrand Ave,15,5,New York,Usa,14
Academy St & Nagle Ave,11,8,New York,Usa,14
Henry St & Degraw St,22,0,New York,Usa,14
Schenectady Ave & Cortelyou Rd,17,0,New York,Usa,14
6 Ave & W 45 St,12,54,New York,Usa,14
112 St & 67 Rd,15,2,New York,Usa,14
20 Ave & 38 St,22,5,New York,Usa,14
W 204 St & Vermilyea Ave,19,0,New York,Usa,14
Marcy Ave & Rutledge St,11,5,New York,Usa,14
Broadway & Kosciuszko St,2,26,New York,Usa,14
Arlington Ave & Bramhall Ave,7,10,New York,Usa,14
62 Dr & 97 Pl,13,4,New York,Usa,14
W 34 St & 11 Ave,2,78,New York,Usa,14
57 St & Grand Ave,11,6,New York,Usa,14
Grand Concourse & E 167 St,3,24,New York,Usa,14
E 16 St & Irving Pl,13,61,New York,Usa,14
Marcy Ave & Hart St,15,0,New York,Usa,14
George St & Wilson Ave,15,1,New York,Usa,14
W 107 St & Columbus Ave,17,0,New York,Usa,14
W 52 St & 5 Ave,3,56,New York,Usa,14
Madison Ave & E 82 St,19,11,New York,Usa,14
Seneca Ave & Irvine St,8,6,New York,Usa,14
W 230 St & Marble Hill Ave,13,9,New York,Usa,14
Peck Slip & South St,33,10,New York,Usa,14
Pier 61 at Chelsea Piers,0,38,New York,Usa,14
River Ave & McClellan St,13,4,New York,Usa,14
Woodlawn Ave & Sterling Ave,13,1,New York,Usa,14
William St & Pine St,50,2,New York,Usa,14
3 Ave & Wakeman Pl,13,10,New York,Usa,14
Manhattan Ave & Devoe St,19,5,New York,Usa,14
Grand Concourse & E 166 St,1,22,New York,Usa,14
48 Ave & 5 St,64,11,New York,Usa,14
Webster Ave & E 166 St,10,8,New York,Usa,14
96 St & Northern Blvd,7,11,New York,Usa,14
W 106 St & Amsterdam Ave,31,1,New York,Usa,14
Newport PATH,2,12,New York,Usa,14
E Mosholu Pkwy & E 204 St,11,7,New York,Usa,14
E 16 St & Cortelyou Rd,18,1,New York,Usa,14
39 Ave & 56 St,9,8,New York,Usa,14
37 St & 24 Ave,17,1,New York,Usa,14
E 47 St & 1 Ave,35,34,New York,Usa,14
Sullivan St & Washington Sq,26,29,New York,Usa,14
57 St & 4 Ave,8,9,New York,Usa,14
Bialystoker Pl & Delancey St,23,8,New York,Usa,14
Henry St & Grand St,32,0,New York,Usa,14
Pioneer St & Van Brunt St,2,34,New York,Usa,14
Murray St & Greenwich St,41,3,New York,Usa,14
E 60 St & York Ave,26,7,New York,Usa,14
Dahill Rd & 12 Ave,21,0,New York,Usa,14
Waterbury St & Stagg St,1,16,New York,Usa,14
62 Ave & Queens Blvd,16,4,New York,Usa,14
E 58 St & Madison Ave,7,58,New York,Usa,14
24 St & 5 Ave,15,0,New York,Usa,14
Broadway & W 29 St,56,41,New York,Usa,14
E 171 St & Webster Ave,6,11,New York,Usa,14
E 48 St & 5 Ave,18,43,New York,Usa,14
Fulton St & Irving Pl,7,23,New York,Usa,14
W 163 St & Edgecombe Ave,3,15,New York,Usa,14
39 Ave & 54 St,3,14,New York,Usa,14
Kosciuszko St & Tompkins Ave,15,0,New York,Usa,14
60 Pl & Linden St,17,2,New York,Usa,14
Grand Ave & 55 St,18,1,New York,Usa,14
E 7 St & Ave C,15,21,New York,Usa,14
Fort Washington Ave & W 183 St,2,23,New York,Usa,14
Wyckoff Ave & Stanhope St,6,16,New York,Usa,14
E 89 St & York Ave,33,0,New York,Usa,14
Clinton St & Cherry St,42,3,New York,Usa,14
E 53 St & Madison Ave,1,48,New York,Usa,14
48 Ave & 41 St,9,9,New York,Usa,14
Spring St & Hudson St,25,20,New York,Usa,14
3 Ave & Carroll St,23,0,New York,Usa,14
David Sheridan Plaza & Broadway,13,3,New York,Usa,14
Broadway & E 21 St,4,43,New York,Usa,14
W 56 St & 6 Ave,5,42,New York,Usa,14
Crotona Ave & Crotona Park N,16,2,New York,Usa,14
Broadway & W 251 St,7,8,New York,Usa,14
6 Ave & 55 St,8,9,New York,Usa,14
4 Ave & 81 St,7,10,New York,Usa,14
River Ter & Warren St,39,22,New York,Usa,14
Forsyth St & Grand St,47,12,New York,Usa,14
W 218 St & Indian Rd,19,0,New York,Usa,14
Bedford Ave & S 9 St,16,2,New York,Usa,14
78 St & Northern Blvd,23,15,New York,Usa,14
Prospect Pl & Nostrand Ave,13,8,New York,Usa,14
Westchester Ave & Jackson Ave,9,13,New York,Usa,14
E 82 St & East End Ave,29,0,New York,Usa,14
E 141 St & St Ann's Ave,15,3,New York,Usa,14
Broadway & 51 St,17,7,New York,Usa,14
Chauncey St & Malcolm X Blvd,2,14,New York,Usa,14
68 St & 4 Ave,3,11,New York,Usa,14
E 169 St & Fox St,11,8,New York,Usa,14
Knickerbocker Ave & Hancock St,11,7,New York,Usa,14
Rogers Ave & Lenox Rd,22,0,New York,Usa,14
W 35 St & 9 Ave,5,23,New York,Usa,14
Barbey St & Fulton St,1,11,New York,Usa,14
Davidson Ave & W Burnside Ave,18,13,New York,Usa,14
Marcy Ave & Lafayette Ave,17,0,New York,Usa,14
Wyckoff Ave & Cooper Ave,0,16,New York,Usa,14
Woodhaven Blvd & Hoffman Dr,28,0,New York,Usa,14
Liberty Ave & Sackman St,5,7,New York,Usa,14
11 St & Washington St,6,18,New York,Usa,14
W 13 St & 5 Ave,7,30,New York,Usa,14
E 21 St & Church Ave,17,4,New York,Usa,14
Warren St & Roosevelt Ave,1,22,New York,Usa,14
Madison St & Malcolm X Blvd,13,10,New York,Usa,14
W 100 St & Manhattan Ave,18,18,New York,Usa,14
W 46 St & 11 Ave,14,8,New York,Usa,14
Fairmount Pl & Prospect Ave,0,2,New York,Usa,14
E 205 St & Webster Ave,12,0,New York,Usa,14
20 Ave & 42 St,20,0,New York,Usa,14
Schenectady Ave & Maple St,16,1,New York,Usa,14
Fresh Pond Rd & Flushing Ave,4,13,New York,Usa,14
32 Ave & 84 St,2,17,New York,Usa,14
60 Ave & Junction Blvd,24,0,New York,Usa,14
7 St & Monroe St,4,17,New York,Usa,14
Lenox Ave & W 126 St,45,3,New York,Usa,14
Macombs Rd & W 175 St,2,15,New York,Usa,14
Bergen St & Buffalo Ave,4,16,New York,Usa,14
Ocean Pkwy & Ave C,16,0,New York,Usa,14
3 Ave & E 172 St,5,10,New York,Usa,14
Greene Ave & Myrtle Ave,23,7,New York,Usa,14
64 St & 53 Dr,8,10,New York,Usa,14
Sharon St & Olive St,7,14,New York,Usa,14
Cedar St & Evergreen Ave,21,0,New York,Usa,14
Bainbridge Ave & Bedford Park Blvd,5,11,New York,Usa,14
Kent Ave & N 3 St,28,27,New York,Usa,14
33 St & 47 Ave,4,18,New York,Usa,14
Southwest Park - Jackson St & Observer Hwy,15,4,New York,Usa,14
Henry St & Remsen St,10,8,New York,Usa,14
Bedford Ave & Beverley Rd,24,0,New York,Usa,14
E 170 St & Sheridan Ave,1,27,New York,Usa,14
Degraw St & Smith St,11,11,New York,Usa,14
Front St & Washington St,35,16,New York,Usa,14
37 Ave & 113 St,27,2,New York,Usa,14
Ocean Ave & Crooke Ave,10,13,New York,Usa,14
Court St & Huntington St,29,0,New York,Usa,14
W 116 St & Broadway,1,40,New York,Usa,14
W Tremont Ave & Matthewson Rd,12,3,New York,Usa,14
E 128 St & Madison Ave,21,1,New York,Usa,14
Valentine Ave & E 181 St,15,3,New York,Usa,14
Macon St & Nostrand Ave,6,14,New York,Usa,14
Atlantic Ave & Snediker Ave,7,11,New York,Usa,14
5 Ave & E 135 St,20,0,New York,Usa,14
4 Ave & 94 St,20,0,New York,Usa,14
Butler St & 27 Ave,17,0,New York,Usa,14
Macombs Rd & Featherbed Ln,12,3,New York,Usa,14
30 Ave & 41 St,12,8,New York,Usa,14
Tompkins Ave & Hopkins St,8,9,New York,Usa,14
Menahan St & Onderdonk Ave,14,2,New York,Usa,14
Sterling St & Nostrand Ave,13,8,New York,Usa,14
7 Ave & 17 St,17,0,New York,Usa,14
W 50 St & 9 Ave,20,9,New York,Usa,14
E Houston St & Columbia St,44,0,New York,Usa,14
Fulton St & Utica Ave,0,14,New York,Usa,14
Grand St & Elizabeth St,41,2,New York,Usa,14
New York Ave & St Marks Ave,14,5,New York,Usa,14
Vernon Blvd & 50 Ave,0,43,New York,Usa,14
Lafayette St & Jersey St,19,38,New York,Usa,14
Bradley Ave & Greenpoint Ave,15,5,New York,Usa,14
E 25 St & 2 Ave,34,40,New York,Usa,14
W 36 St & 9 Ave,8,34,New York,Usa,14
36 Ave & 10 St,8,8,New York,Usa,14
Knolls Crescent & Kappock St,11,4,New York,Usa,14
E 49 St & Church Ave,21,0,New York,Usa,14
Graham Ave & Conselyea St,12,13,New York,Usa,14
Lispenard St & Broadway,34,40,New York,Usa,14
Paul Ave & Mosholu Pkwy,3,16,New York,Usa,14
Center Blvd & 48 Ave,19,7,New York,Usa,14
Gerard Ave & McClellan St,9,16,New York,Usa,14
Metropolitan Ave & Flushing Ave,2,14,New York,Usa,14
Lenox Ave & W 140 St,17,3,New York,Usa,14
W 147 St & Adam Clayton Powell Blvd,5,19,New York,Usa,14
E 33 St & 1 Ave,39,42,New York,Usa,14
Marble Hill Ave & W 225 St,17,3,New York,Usa,14
Madison St & Cypress Ave,12,4,New York,Usa,14
Church Ave & McDonald Ave,18,10,New York,Usa,14
23 St & 3 Ave,20,1,New York,Usa,14
E 33 St & Park Ave,12,53,New York,Usa,14
St Nicholas Terrace & Convent Ave,3,16,New York,Usa,14
Eastern Pkwy & Troy Ave,18,1,New York,Usa,14
Queens Plaza N & Crescent St,3,33,New York,Usa,14
Lenox Rd & E 43 St,18,0,New York,Usa,14
Riverdale Ave & W 254 St,3,7,New York,Usa,14
108 St & 52 Ave,30,3,New York,Usa,14
Menahan St & Central Ave,13,9,New York,Usa,14
63 Dr & 102 St,13,0,New York,Usa,14
Columbus Drive,7,4,New York,Usa,14
Church Ave & E 42 St,20,0,New York,Usa,14
8 St & Washington St,0,19,New York,Usa,14
Broadway & W 131 St,14,3,New York,Usa,14
Yellowstone Blvd & 67 Rd,14,0,New York,Usa,14
62 St & 4 Ave,0,16,New York,Usa,14
Cumberland St & Lafayette Ave,3,16,New York,Usa,14
Ditmars Blvd & 94 St,6,13,New York,Usa,14
1 Ave & E 16 St,41,9,New York,Usa,14
Kings Hwy & E 94 St,15,0,New York,Usa,14
Lexington Ave & Patchen Ave,16,0,New York,Usa,14
61 St & Laurel Hill Blvd,11,6,New York,Usa,14
4 Ave & 26 St,19,1,New York,Usa,14
W 39 St & 9 Ave,21,21,New York,Usa,14
Willow Ave & E 133 St,14,6,New York,Usa,14
Classon Ave & St Marks Ave,7,13,New York,Usa,14
Bradhurst Ave & W 148 St,19,3,New York,Usa,14
Broadway & W 48 St,23,72,New York,Usa,14
9 Ave & W 33 St,6,82,New York,Usa,14
Cortelyou Rd & Stratford Rd,18,1,New York,Usa,14
3 Ave & E 163 St,7,18,New York,Usa,14
Pike St & Monroe St,23,0,New York,Usa,14
40 Ave & 9 St,12,6,New York,Usa,14
44 St & 3 Ave,22,0,New York,Usa,14
53 St & 5 Ave,11,19,New York,Usa,14
Parade Pl & Crooke Ave,26,0,New York,Usa,14
Shore Blvd & Astoria Park,23,7,New York,Usa,14
52 St & 6 Ave,8,8,New York,Usa,14
Church Ave & Story St,19,2,New York,Usa,14
71 Ave & 110 St,16,0,New York,Usa,14
Westchester Ave & E 156 St,1,22,New York,Usa,14
34 St & 38 Ave,14,9,New York,Usa,14
65 St & 2 Ave,9,11,New York,Usa,14
Crown St & Rogers Ave,11,7,New York,Usa,14
Westchester Ave & Southern Blvd,4,16,New York,Usa,14
Dey St,7,10,New York,Usa,14
W 4 St & 7 Ave S,31,22,New York,Usa,14
35 St & 21 Ave,22,0,New York,Usa,14
63 St & 5 Ave,9,10,New York,Usa,14
42 Pl & Northern Blvd,19,3,New York,Usa,14
E 7 St & Ave A,22,21,New York,Usa,14
1 Pl & Clinton St,31,0,New York,Usa,14
W 30 St & 10 Ave,33,19,New York,Usa,14
W 22 St & 8 Ave,15,45,New York,Usa,14
Grand St & Havemeyer St,8,20,New York,Usa,14
Pershing Field,5,11,New York,Usa,14
Grand Concourse & E 164 St,0,20,New York,Usa,14
Fresh Pond Rd & 69 Ave,14,12,New York,Usa,14
Putnam Ave & Wyckoff Ave,13,8,New York,Usa,14
Frederick Douglass Blvd & W 145 St,20,6,New York,Usa,14
Bergen Ave & Sip Ave,0,23,New York,Usa,14
Washington Ave & Empire Blvd,23,4,New York,Usa,14
Bainbridge Ave & E 211 St,15,2,New York,Usa,14
3 St & 3 Ave,78,0,New York,Usa,14
Vyse Ave & E 181 St,7,11,New York,Usa,14
W 59 St & 10 Ave,23,87,New York,Usa,14
Broadway & W 165 St,3,17,New York,Usa,14
Park Ave & E 42 St,10,66,New York,Usa,14
Riverdale Ave & E 98 St,5,8,New York,Usa,14
Cortelyou Rd & Argyle Rd,21,0,New York,Usa,14
5 Corners Library,0,17,New York,Usa,14
60 Pl & 67 Ave,8,5,New York,Usa,14
21 Ave & Shore Blvd,20,0,New York,Usa,14
Nagle Ave & Ellwood St,4,16,New York,Usa,14
Washington Ave & Park Pl,16,14,New York,Usa,14
Ocean Pkwy & Church Ave,24,0,New York,Usa,14
Greenpoint Ave & West St,32,0,New York,Usa,14
John St & William St,60,0,New York,Usa,14
St Nicholas Ave & Manhattan Ave,3,27,New York,Usa,14
Newark Ave,13,6,New York,Usa,14
Corona Ave & 102 St,17,2,New York,Usa,14
Linden Blvd & Rockaway Pkwy,21,0,New York,Usa,14
MacDougal St & Rockaway Ave,1,16,New York,Usa,14
64 Ave & 108 St,12,5,New York,Usa,14
35 St & 30 Ave,27,2,New York,Usa,14
Herkimer St & Eastern Pkwy,8,9,New York,Usa,14
68 St & 5 Ave,6,8,New York,Usa,14
Macon St & Patchen Ave,13,4,New York,Usa,14
W 25 St & 9 Ave,34,28,New York,Usa,14
Riverside Dr & W 148 St,6,12,New York,Usa,14
21 St & 36 Ave,3,15,New York,Usa,14
Tiebout Ave & E Fordham Rd,16,13,New York,Usa,14
E 8 St & Beverley Rd,10,0,New York,Usa,14
65 St & Broadway,8,9,New York,Usa,14
W 225 St & Exterior St,9,8,New York,Usa,14
W 211 St & 10 Ave,17,2,New York,Usa,14
Willow Ave & 12 St,6,7,New York,Usa,14
48 St & 5 Ave,24,3,New York,Usa,14
3 Ave & E 62 St,21,24,New York,Usa,14
Sherman Ave & Thayer St,18,0,New York,Usa,14
Suydam St & Broadway,17,11,New York,Usa,14
Spruce St & Nassau St,20,12,New York,Usa,14
47 Ave & 48 St,2,16,New York,Usa,14
52 St & 1 Ave,14,4,New York,Usa,14
Fulton St & Saratoga Ave,7,9,New York,Usa,14
Lorimer St & Calyer St,18,1,New York,Usa,14
62 St & Northern Blvd,16,9,New York,Usa,14
Graham Ave & Grand St,12,13,New York,Usa,14
21 St & 38 Ave,1,18,New York,Usa,14
48 St & Skillman Ave,18,4,New York,Usa,14
69 St & 38 Ave,15,8,New York,Usa,14
Shore Rd & 97 St,11,0,New York,Usa,14
Grand Ave & Remsen Pl,16,5,New York,Usa,14
Murray St & West St (NE Corner),19,40,New York,Usa,14
Amsterdam Ave & W 131 St,7,10,New York,Usa,14
Powell St & Blake Ave,14,2,New York,Usa,14
Amsterdam Ave & W 119 St,7,21,New York,Usa,14
India St & Manhattan Ave,47,0,New York,Usa,14
E 76 St & Park Ave,8,18,New York,Usa,14
2 Ave & E 122 St,14,7,New York,Usa,14
Columbus Ave & W 103 St,25,11,New York,Usa,14
Judge St & Britton Ave,16,7,New York,Usa,14
Richardson St & N Henry St,25,0,New York,Usa,14
E 44 St & 2 Ave,19,17,New York,Usa,14
Walton Ave & E 168 St,7,10,New York,Usa,14
31 Ave & 34 St,20,1,New York,Usa,14
Irving Ave & DeKalb Ave,20,7,New York,Usa,14
E 65 St & 2 Ave,10,36,New York,Usa,14
23 Ave & 31 St,20,7,New York,Usa,14
28 Ave & 44 St,9,9,New York,Usa,14
1 Ave & E 62 St,37,0,New York,Usa,14
42 St & 1 Ave,16,0,New York,Usa,14
3 Ave & 77 St,11,4,New York,Usa,14
Powell St & Belmont Ave,12,0,New York,Usa,14
Boston Rd & West Farms Rd,22,0,New York,Usa,14
Leonard Gordon Park,7,4,New York,Usa,14
W 19 St & 11 Ave,13,44,New York,Usa,14
5 Ave & E 103 St,25,10,New York,Usa,14
White St & Moore St,12,7,New York,Usa,14
21 Ave & 80 St,15,4,New York,Usa,14
Johnson St & Gold St,39,0,New York,Usa,14
24 Ave & 29 St,36,6,New York,Usa,14
Myrtle Ave & Fleet Pl,45,0,New York,Usa,14
Amsterdam Ave & W 167 St,0,22,New York,Usa,14
Morgan Ave & Maspeth Ave,8,16,New York,Usa,14
Kingston Ave & Carroll St,8,9,New York,Usa,14
W 110 St & Amsterdam Ave,39,0,New York,Usa,14
Morris Ave & E 171 St,1,16,New York,Usa,14
Reservoir Oval E & Bainbridge Ave,9,2,New York,Usa,14
71 St & 32 Ave,8,10,New York,Usa,14
41 St & 3 Ave,19,0,New York,Usa,14
W 146 St & Broadway,13,16,New York,Usa,14
Culver Ave & JFK Blvd,9,6,New York,Usa,14
West End Ave & W 107 St,21,7,New York,Usa,14
7 Ave & W 55 St,0,62,New York,Usa,14
Borden Ave & Review Ave,0,19,New York,Usa,14
W 20 St & 7 Ave,7,34,New York,Usa,14
E 171 St & 3 Ave,5,15,New York,Usa,14
E 51 St & Linden Blvd,13,2,New York,Usa,14
Graham Ave & Herbert St,10,5,New York,Usa,14
New York Ave & Hawthorne St,17,0,New York,Usa,14
65 St & Otto Rd,14,4,New York,Usa,14
Union St,12,6,New York,Usa,14
Colonial Rd & 89 St,8,0,New York,Usa,14
21 St & 4 Ave,20,0,New York,Usa,14
W 140 St & Riverside Dr,12,9,New York,Usa,14
Greenpoint Ave & Monitor St,2,16,New York,Usa,14
Prospect Ave & Jennings St,1,19,New York,Usa,14
Mama Johnson Field - 4 St & Jackson St,20,0,New York,Usa,14
E 54 St & Linden Blvd,8,0,New York,Usa,14
8 Ave & W 16 St,5,26,New York,Usa,14
Mt Morris Park W & W 120 St,23,2,New York,Usa,14
Jerome Ave & W 177 St,15,10,New York,Usa,14
River St & 1 St,2,22,New York,Usa,14
W 104 St & Amsterdam Ave,30,14,New York,Usa,14
Longfellow Ave & E 165 St,14,6,New York,Usa,14
Hudson Blvd W & W 36 St,14,31,New York,Usa,14
Corona Ave & 98 St,13,3,New York,Usa,14
Clarkson Ave & E 40 St,27,1,New York,Usa,14
Broadway & W 36 St,3,50,New York,Usa,14
Clermont Ave & Lafayette Ave,4,42,New York,Usa,14
30 St & 4 Ave,19,0,New York,Usa,14
W 218 St & Broadway,22,1,New York,Usa,14
Amsterdam Ave & W 66 St,12,13,New York,Usa,14
E 2 St & 2 Ave,59,22,New York,Usa,14
Gramercy Park N & Gramercy Park E,11,31,New York,Usa,14
Bergen St & Flatbush Ave,6,25,New York,Usa,14
Albemarle Rd & E 21 St,19,0,New York,Usa,14
Water St & Gouverneur Ln,29,5,New York,Usa,14
Ferris Triangle Park,12,0,New York,Usa,14
Park Pl & Utica Ave,4,13,New York,Usa,14
E 70 St & Madison Ave,20,22,New York,Usa,14
Willis Ave & E 143 St,8,15,New York,Usa,14
W 50 St & 10 Ave,38,10,New York,Usa,14
Meserole Ave & Manhattan Ave,19,5,New York,Usa,14
2 St & Park Ave,5,8,New York,Usa,14
Featherbed Ln & Nelson Ave,4,14,New York,Usa,14
E 5 St & Cooper Sq,26,21,New York,Usa,14
E 84 St & Park Ave,38,1,New York,Usa,14
Sutter Ave & Junius St,15,1,New York,Usa,14
67 Ave & Fresh Pond Rd,10,19,New York,Usa,14
Valentine Ave & E 183 St,7,12,New York,Usa,14
E 123 St & Lexington Ave,24,0,New York,Usa,14
71 Ave & Myrtle Ave,15,8,New York,Usa,14
Crescent St & Broadway,19,0,New York,Usa,14
Anthony Ave & E 175 St,4,12,New York,Usa,14
Rockaway Pkwy & Rutland Rd,16,1,New York,Usa,14
53 St & Flushing Ave,0,18,New York,Usa,14
Bedford Ave & Nassau Ave,35,11,New York,Usa,14
E 33 St & 5 Ave,28,30,New York,Usa,14
62 St & 34 Ave,17,1,New York,Usa,14
Herzl St & Newport St,4,7,New York,Usa,14
Riverside Dr & W 72 St,39,0,New York,Usa,14
E 43 St & Madison Ave,2,51,New York,Usa,14
Hunts Point Ave & Bryant Ave,17,2,New York,Usa,14
Bank St & Washington St,25,4,New York,Usa,14
104 St & 32 Ave,4,15,New York,Usa,14
Sterling Pl & Classon Ave,24,0,New York,Usa,14
Norman Ave & Leonard St,22,4,New York,Usa,14
Madison St & Montgomery St,16,0,New York,Usa,14
43 St & 50 Ave,14,3,New York,Usa,14
62 Dr & 110 St,13,1,New York,Usa,14
E 138 St & Park Ave,6,14,New York,Usa,14
Lafayette Ave & St James Pl,28,9,New York,Usa,14
Crotona Ave & E Fordham Rd,24,0,New York,Usa,14
Arthur Ave & E Tremont Ave,13,3,New York,Usa,14
4 Ave & E 12 St,31,5,New York,Usa,14
Van Cortlandt Park S & Dickinson Ave,3,20,New York,Usa,14
Pulaski St & Marcus Garvey Blvd,16,0,New York,Usa,14
Clarkson Ave & Utica Ave,14,1,New York,Usa,14
Adam Clayton Powell Blvd & W 126 St,20,6,New York,Usa,14
86 St & 37 Ave,5,16,New York,Usa,14
43 St & Broadway,14,9,New York,Usa,14
3 St & 7 Ave,5,19,New York,Usa,14
Carroll St & Franklin Ave,13,3,New York,Usa,14
Broadway & W 142 St,12,9,New York,Usa,14
Broadway & Furman Ave,13,15,New York,Usa,14
3 Ave & E 112 St,20,0,New York,Usa,14
River Ave & E 151 St,0,24,New York,Usa,14
72 St & Woodside Ave,7,11,New York,Usa,14
32 Ave & 75 St,18,0,New York,Usa,14
Fairview Ave & Linden St,6,11,New York,Usa,14
W 36 St & 7 Ave,14,17,New York,Usa,14
E 53 St & 3 Ave,1,38,New York,Usa,14
Austin St & 76 Ave,16,0,New York,Usa,14
Prospect Ave & Longwood Ave,28,0,New York,Usa,14
Washington Ave & E 174 St,12,7,New York,Usa,14
White St & Johnson Ave,12,8,New York,Usa,14
Vernon Blvd & 47 Rd,14,17,New York,Usa,14
Stegman St & Ocean Ave,0,16,New York,Usa,14
Washington Pl & Broadway,1,22,New York,Usa,14
Isham St & Broadway,22,3,New York,Usa,14
Amsterdam Ave & W 156 St,1,24,New York,Usa,14
12 Ave & W 40 St,22,46,New York,Usa,14
Pacific St & Thomas S. Boyland St,7,10,New York,Usa,14
W Broadway & W Houston St,37,9,New York,Usa,14
Eames Pl & Claflin Ave,3,13,New York,Usa,14
Skillman Ave & 54 St,7,8,New York,Usa,14
Brook Ave & E 157 St,7,11,New York,Usa,14
34 Ave & Vernon Blvd,29,1,New York,Usa,14
Henry Hudson Pkwy E & W 231 St,2,9,New York,Usa,14
46 St & 7 Ave,18,1,New York,Usa,14
45 Rd & 11 St,11,10,New York,Usa,14
Garfield Light Rail,12,0,New York,Usa,14
Jerome Ave & W Fordham Rd,4,16,New York,Usa,14
Rugby Rd & Beverley Rd,21,0,New York,Usa,14
Caven Point Recreation Fields,13,1,New York,Usa,14
Troy Ave & Park Pl,12,7,New York,Usa,14
Madison Ave & E 26 St,1,71,New York,Usa,14
Adam Clayton Powell Blvd & W 118 St,22,0,New York,Usa,14
University Ave & W Burnside Ave,18,4,New York,Usa,14
W 31 St & 7 Ave,4,74,New York,Usa,14
Arthur Ave & E 183 St,22,1,New York,Usa,14
W 70 St & Amsterdam Ave,1,0,New York,Usa,14
Carroll St & Bond St,18,3,New York,Usa,14
Putnam Ave & Knickerbocker Ave,8,16,New York,Usa,14
Queens Blvd S & 76 Rd,16,0,New York,Usa,14
Broadway & W 238 St,20,9,New York,Usa,14
97 St & 57 Ave,16,2,New York,Usa,14
Macon St & Howard Ave,6,11,New York,Usa,14
68 Dr & 112 St,12,0,New York,Usa,14
Parkside Ave & Parade Pl,22,0,New York,Usa,14
Cortelyou Rd & E 19 St,20,0,New York,Usa,14
Hughes Ave & Oak Tree Pl,19,1,New York,Usa,14
Motorgate,34,0,New York,Usa,14
Sedgwick Ave & Hillman Ave,8,13,New York,Usa,14
Prospect Pl & Vanderbilt Ave,0,22,New York,Usa,14
71 St & 37 Ave,20,2,New York,Usa,14
St Marks Pl & 1 Ave,50,17,New York,Usa,14
Broadway & W 220 St,17,1,New York,Usa,14
Huron St & Franklin St,34,0,New York,Usa,14
Lewis Ave & Decatur St,7,11,New York,Usa,14
E 3 St & 1 Ave,26,28,New York,Usa,14
Bedford Ave & Montgomery St,10,12,New York,Usa,14
Sutter Ave & Grafton St,8,5,New York,Usa,14
W 145 St & Amsterdam Ave,5,18,New York,Usa,14
Park Ave & E 124 St,22,13,New York,Usa,14
Winthrop St & Nostrand Ave,21,1,New York,Usa,14
E 22 St & 2 Ave,30,16,New York,Usa,14
Boerum St & Broadway,10,7,New York,Usa,14
1 Ave & E 68 St,41,20,New York,Usa,14
Grand Army Plaza & Plaza St West,10,24,New York,Usa,14
Broadway & W 192 St,11,10,New York,Usa,14
78 Ave & Queens Blvd S,26,3,New York,Usa,14
4 Ave & 72 St,3,10,New York,Usa,14
34 St & 48 Ave,11,14,New York,Usa,14
Vernon Blvd & 10 St,38,1,New York,Usa,14
E 4 St & Ave B,34,1,New York,Usa,14
E 14 St & 1 Ave,12,18,New York,Usa,14
Pacific St & Sackman St,3,14,New York,Usa,14
31 Ave & 14 St,17,1,New York,Usa,14
Monroe St & Patchen Ave,11,6,New York,Usa,14
Ditmars Blvd & 19 St,21,4,New York,Usa,14
8 Ave & W 33 St,0,92,New York,Usa,14
Edgecombe Ave & W 150 St,3,16,New York,Usa,14
Brunswick St,12,10,New York,Usa,14
Hoyt St & Warren St,23,9,New York,Usa,14
79 St & Roosevelt Ave,4,18,New York,Usa,14
Southern Blvd & Xavier Way,20,7,New York,Usa,14
31 Ave & Steinway St,6,20,New York,Usa,14
Bailey Ave & Sedgwick Ave,4,16,New York,Usa,14
Sterling St & Bedford Ave,10,8,New York,Usa,14
W 160 St & St Nicholas Ave,6,15,New York,Usa,14
Faile St & Garrison Ave,17,0,New York,Usa,14
Hanson Pl & Ashland Pl,7,27,New York,Usa,14
E 48 St & 3 Ave,0,0,New York,Usa,14
33 St & Queens Blvd,1,20,New York,Usa,14
Leonard St & Boerum St,22,0,New York,Usa,14
E 6 St & Ave B,50,1,New York,Usa,14
100 St & Lewis Ave,20,1,New York,Usa,14
48 St & 2 Ave,15,0,New York,Usa,14
W 20 St & 8 Ave,25,54,New York,Usa,14
Roebling St & N 4 St,7,15,New York,Usa,14
43 St & 23 Ave,22,1,New York,Usa,14
Emerson Pl & Myrtle Ave,43,16,New York,Usa,14
Henry St & W 9 St,16,2,New York,Usa,14
90 St & 32 Ave,7,11,New York,Usa,14
Eastern Pkwy & Schenectady Ave,20,1,New York,Usa,14
81 St & 24 Ave,11,7,New York,Usa,14
E 51 St & 2 Ave,22,35,New York,Usa,14
Ithaca St & Baxter Ave,10,13,New York,Usa,14
Central Park W & W 91 St,27,19,New York,Usa,14
Shea Rd & Boat Basin Pl,0,29,New York,Usa,14
Jersey & 6th St,13,1,New York,Usa,14
Fort Washington Ave & W 173 St,3,19,New York,Usa,14
Madison St & Clinton St,34,3,New York,Usa,14
37 Ave & 35 St,5,19,New York,Usa,14
Arion Pl & Broadway,14,2,New York,Usa,14
28 St & 36 Ave,5,21,New York,Usa,14
N 12 St & Bedford Ave,2,44,New York,Usa,14
6 Ave & 78 St,10,2,New York,Usa,14
9 Ave & W 22 St,41,36,New York,Usa,14
9 St & 44 Rd,27,6,New York,Usa,14
St Marks Ave & Thomas S. Boyland St,6,14,New York,Usa,14
Lewis Ave & Greene Ave,16,6,New York,Usa,14
West Side Ave & Stegman Pkwy,16,1,New York,Usa,14
E 178 St & Monterey Ave,7,10,New York,Usa,14
Jerome Ave & E 198 St,13,6,New York,Usa,14
Monroe St & Classon Ave,15,1,New York,Usa,14
5 Ave & E 87 St,29,5,New York,Usa,14
Macon St & Lewis Ave,16,1,New York,Usa,14
Nelson Ave & W 172 St,9,6,New York,Usa,14
Rockaway Pkwy & Church Ave,19,2,New York,Usa,14
Christopher Ave & Sutter Ave,16,0,New York,Usa,14
W 82 St & Central Park W,7,31,New York,Usa,14
3 Ave & E Tremont Ave,10,15,New York,Usa,14
E New York Ave & Troy Ave,15,3,New York,Usa,14
E 11 St & Ave B,33,30,New York,Usa,14
99 St & 38 Ave,5,21,New York,Usa,14
Steinway St & Broadway,0,30,New York,Usa,14
E 2 St & Ave A,51,12,New York,Usa,14
Myrtle Ave & Linden St,14,6,New York,Usa,14
Nostrand Ave & Rutland Rd,16,0,New York,Usa,14
Park Pl & Vanderbilt Ave,8,9,New York,Usa,14
Van Cleef St & 108 St,19,0,New York,Usa,14
W 47 St & 10 Ave,32,0,New York,Usa,14
Atlantic Ave & Furman St,38,10,New York,Usa,14
28 Ave & 35 St,17,9,New York,Usa,14
40 St & Queens Blvd,2,21,New York,Usa,14
1 Ave & E 38 St,36,1,New York,Usa,14
Prospect Pl & Howard Ave,0,17,New York,Usa,14
Johnson Ave & W 235 St,4,5,New York,Usa,14
5 St & 51 Ave,18,2,New York,Usa,14
Putnam Ave & Nostrand Ave,16,0,New York,Usa,14
Sands St Gate,14,2,New York,Usa,14
28 St & 41 Ave,0,26,New York,Usa,14
Boston Rd & Prospect Ave,2,17,New York,Usa,14
41 Ave & 67 St,13,7,New York,Usa,14
Roosevelt Ave & 104 St,0,0,New York,Usa,14
Boston Rd & E 167 St,13,7,New York,Usa,14
Kingsland Ave & Nassau Ave,17,16,New York,Usa,14
National St & 45 Ave,19,1,New York,Usa,14
Windsor Pl & 8 Ave,17,0,New York,Usa,14
South Waterfront Walkway - Sinatra Dr & 1 St,6,20,New York,Usa,14
63 St & Borden Ave,15,4,New York,Usa,14
Clark St & Henry St,0,0,New York,Usa,14
31 St & 21 Ave,27,0,New York,Usa,14
Grand Concourse & E 156 St,4,14,New York,Usa,14
W 37 St & 5 Ave,21,34,New York,Usa,14
3 Ave & E 169 St,8,7,New York,Usa,14
Old Broadway & W 133 St,9,8,New York,Usa,14
Lafayette Ave & Stuyvesant Ave,6,13,New York,Usa,14
Brooklyn Ave & Prospect Pl,23,1,New York,Usa,14
65 Pl & 53 Ave,7,11,New York,Usa,14
Ditmas Ave & McDonald Ave,19,0,New York,Usa,14
73 St & Ridge Blvd,9,5,New York,Usa,14
Kent Ave & Grand St,32,11,New York,Usa,14
Rockaway Pkwy & Winthrop St,15,1,New York,Usa,14
Clinton St & Union St,34,1,New York,Usa,14
5 Ave & W 139 St,4,16,New York,Usa,14
Lexington Ave & E 36 St,17,2,New York,Usa,14
60 St & 37 Ave,4,14,New York,Usa,14
W 231 St & Tibbett Ave,13,2,New York,Usa,14
25 Ave & 85 St,9,1,New York,Usa,14
Pleasant Ave & E 116 St,20,0,New York,Usa,14
Fort Hamilton Pkwy & 95 St,10,0,New York,Usa,14
Metropolitan Ave & Vandervoort Ave,12,7,New York,Usa,14
Concourse Village East & E 158 St,7,21,New York,Usa,14
Fort Hamilton Pkwy & 92 St,10,0,New York,Usa,14
Queens Blvd N & 71 Ave,17,10,New York,Usa,14
Palmetto St & Traffic Ave,4,15,New York,Usa,14
W 40 St & 7 Ave,1,39,New York,Usa,14
Irving Ave & Jefferson St,10,7,New York,Usa,14
36 Ave & 31 St,18,9,New York,Usa,14
W 160 St & Riverside Dr,6,17,New York,Usa,14
E 51 St & Lexington Ave,4,69,New York,Usa,14
Lafayette St & Grand St,28,47,New York,Usa,14
City Hall - Washington St & 1 St,0,8,New York,Usa,14
E 138 St & 5 Ave,8,13,New York,Usa,14
Wyckoff St & 3 Ave,11,9,New York,Usa,14
Wallabout St & Kent Ave,8,11,New York,Usa,14
Grand Concourse & E Mosholu Pkwy S,1,19,New York,Usa,14
Sterling Pl & New York Ave,22,0,New York,Usa,14
Broadway & W 168 St,1,30,New York,Usa,14
E 10 St & 2 Ave,26,12,New York,Usa,14
Linden Blvd & Church Ave,14,0,New York,Usa,14
E 12 St & 3 Ave,0,0,New York,Usa,14
Cauldwell Ave & E 158 St,3,15,New York,Usa,14
Decatur Ave & Oliver Pl,11,11,New York,Usa,14
Maiden Ln & Pearl St,26,1,New York,Usa,14
Thomas S. Boyland St & Macon St,4,15,New York,Usa,14
Leonard St & Nassau Ave,28,6,New York,Usa,14
Lenox Rd & Remsen Ave,16,0,New York,Usa,14
Plaza St East & Flatbush Ave,2,56,New York,Usa,14
W Broadway & Watts St,24,22,New York,Usa,14
W 111 St & 5 Ave,21,0,New York,Usa,14
Lexington Ave & E 111 St,24,0,New York,Usa,14
8 Ave & W 31 St,44,42,New York,Usa,14
E 141 St & Jackson Ave,13,2,New York,Usa,14
Bushwick Ave & Harman St,23,1,New York,Usa,14
21 St & 23 Ave,18,1,New York,Usa,14
49 Ave & 21 St,12,9,New York,Usa,14
Osborn St & Linden BLvd,5,6,New York,Usa,14
E 188 St & Hughes Ave,20,0,New York,Usa,14
Newton Rd & 44 St,14,3,New York,Usa,14
Melrose Ave & E 154 St,11,7,New York,Usa,14
7 Ave S & Bleecker St,28,52,New York,Usa,14
Summerfield St & Cypress Ave,11,6,New York,Usa,14
Broadway & Madison St,15,9,New York,Usa,14
E 169 St & Webster Ave,3,16,New York,Usa,14
Cypress Ave & George St,4,13,New York,Usa,14
Marion Ave & Mosholu Pkwy,15,2,New York,Usa,14
W 51 St & 6 Ave,12,61,New York,Usa,14
1 Ave & E 6 St,82,8,New York,Usa,14
11 St & 44 Rd,22,2,New York,Usa,14
104 St & Northern Blvd,5,18,New York,Usa,14
Tyler Ave & Maurice Ave,13,6,New York,Usa,14
E New York Ave & Utica Ave,20,2,New York,Usa,14
11 Ave & Prospect Ave,16,0,New York,Usa,14
Central Park W & W 97 St,16,31,New York,Usa,14
Crescent Ave & Belmont Ave,19,4,New York,Usa,14
Bronx Shore Comfort Station,21,2,New York,Usa,14
Willoughby St & Fleet St,51,1,New York,Usa,14
Nassau Ave & Newell St,39,3,New York,Usa,14
Madison Ave & E 120 St,28,0,New York,Usa,14
W 148 St & Amsterdam Ave,3,20,New York,Usa,14
43 Ave & 111 St,15,2,New York,Usa,14
DeKalb Ave & Hudson Ave,71,0,New York,Usa,14
St Johns Pl & Utica Ave,1,16,New York,Usa,14
Verona Pl & Fulton St,10,5,New York,Usa,14
Smith St & 3 St,15,9,New York,Usa,14
34 Ave & 45 St,14,5,New York,Usa,14
5 St & 6 Ave,6,17,New York,Usa,14
Goble Pl & Macombs Rd,5,12,New York,Usa,14
W 186 St & St Nicholas Ave,3,19,New York,Usa,14
Albany Ave & Carroll St,7,10,New York,Usa,14
61 St & Borden Ave,11,9,New York,Usa,14
Metropolitan Ave & 65 Ln,16,5,New York,Usa,14
Jefferson Ave & Evergreen Ave,12,4,New York,Usa,14
E 72 St & Park Ave,13,23,New York,Usa,14
University Ave & Morton Pl,8,11,New York,Usa,14
Rogers Pl & E 165 St,14,2,New York,Usa,14
Southern Blvd & E 149 St,12,12,New York,Usa,14
St Johns Pl & Washington Ave,13,14,New York,Usa,14
Berry St & N 8 St,1,25,New York,Usa,14
College Ave & E 170 St,1,22,New York,Usa,14
Steinway St & Ditmars Blvd,19,0,New York,Usa,14
Amsterdam Ave & W 73 St,0,0,New York,Usa,14
Mother Gaston Blvd & Glenmore Ave,4,10,New York,Usa,14
Garfield Pl & 8 Ave,15,8,New York,Usa,14
Richard St Light Rail,14,2,New York,Usa,14
W 133 St & 12 Ave,13,6,New York,Usa,14
E 163 St & Union Ave,7,14,New York,Usa,14
Caton Ave & Bedford Ave,18,0,New York,Usa,14
Shakespeare Ave & W 169 St,5,12,New York,Usa,14
7 Ave & Central Park South,12,58,New York,Usa,14
Carroll St & Utica Ave,12,6,New York,Usa,14
Thomas S. Boyland St & Fulton St,1,18,New York,Usa,14
Winthrop St & Albany Ave,14,4,New York,Usa,14
Laight St & Hudson St,25,56,New York,Usa,14
St James Pl & Oliver St,33,10,New York,Usa,14
50 St & Northern Blvd,15,10,New York,Usa,14
Degraw St & 3 Ave,27,4,New York,Usa,14
Ditmars Blvd & 73 St,6,12,New York,Usa,14
W 238 St & Tibbett Ave,11,9,New York,Usa,14
Ogden Ave & Merriam Ave,12,5,New York,Usa,14
23 Ave & 27 St,19,2,New York,Usa,14
Lexington Ave & E 24 St,11,67,New York,Usa,14
Withers St & Kingsland Ave,12,6,New York,Usa,14
Flatbush Ave & Fenimore St,22,1,New York,Usa,14
30 Ave & 21 St,9,6,New York,Usa,14
E 25 St & 1 Ave,11,19,New York,Usa,14
Willis Ave & E 137 St,19,3,New York,Usa,14
Green St & McGuinness Blvd,19,0,New York,Usa,14
Bedford Ave & Maple St,23,0,New York,Usa,14
Bainbridge Ave & E 198 St,1,21,New York,Usa,14
82 St & 30 Ave,7,11,New York,Usa,14
Ave A & E 14 St,12,23,New York,Usa,14
Carroll St & Rochester Ave,0,18,New York,Usa,14
Driggs Ave & N Henry St,35,21,New York,Usa,14
Washington Ave & E 163 St,15,7,New York,Usa,14
W 106 St & Central Park W,0,0,New York,Usa,14
Vernon Blvd & 31 Ave,18,1,New York,Usa,14
Adam Clayton Powell Blvd & W 130 St,18,1,New York,Usa,14
43 Ave & 47 St,16,11,New York,Usa,14
Vesey Pl & River Terrace,4,52,New York,Usa,14
Snyder Ave & Schenectady Ave,14,1,New York,Usa,14
7 Ave & 40 St,24,0,New York,Usa,14
Woodside Ave & Roosevelt Ave,11,4,New York,Usa,14
Plaza Dr & W 170 St,21,6,New York,Usa,14
S 5 Pl & S 5 St,36,4,New York,Usa,14
1 Ave & E 118 St,22,0,New York,Usa,14
24 St & 38 Ave,6,11,New York,Usa,14
Broadway & Morris St,66,2,New York,Usa,14
Aqueduct Ave & W 190 St,2,16,New York,Usa,14
Grand Ave & Bergen St,10,13,New York,Usa,14
Marin Light Rail,0,5,New York,Usa,14
Prospect Park SW & 16 St,31,0,New York,Usa,14
Grand Ave & W 181 St,9,9,New York,Usa,14
E 133 St & Cypress Pl,14,4,New York,Usa,14
W 237 St & Hudson Manor Terrace,4,5,New York,Usa,14
Louis Nine Blvd & Intervale Ave,9,6,New York,Usa,14
Stevens - River Ter & 6 St,5,12,New York,Usa,14
Fort Hamilton Pkwy & E 5 St,22,0,New York,Usa,14
Berkeley Pl & 7 Ave,15,10,New York,Usa,14
Queens Blvd & Broadway,19,1,New York,Usa,14
E 1 St & 1 Ave,0,0,New York,Usa,14
Carroll St & 6 Ave,8,13,New York,Usa,14
S 4 St & Roebling St,37,1,New York,Usa,14
West Farms Rd & Boone Ave,6,12,New York,Usa,14
Washington Ave & E 167 St,8,5,New York,Usa,14
Market St & Cherry St,36,0,New York,Usa,14
Duffield St & Willoughby St,40,2,New York,Usa,14
Franklin St & W Broadway,17,15,New York,Usa,14
W 54 St & 9 Ave,20,18,New York,Usa,14
86 St & Ridge Blvd,13,1,New York,Usa,14
Frederick Douglass Blvd & W 115 St,26,0,New York,Usa,14
Sedgwick Ave & W 231 St,16,2,New York,Usa,14
E 97 St & 3 Ave,24,4,New York,Usa,14
Gerard Ave & E 165 St,9,8,New York,Usa,14
9 Ave & W 219 St,18,0,New York,Usa,14
Cadman Plaza E & Red Cross Pl,1,36,New York,Usa,14
36 St & 3 Ave,24,3,New York,Usa,14
Wythe Ave & N 13 St,15,25,New York,Usa,14
11 St & 43 Ave,14,14,New York,Usa,14
Clinton St & Grand St,15,0,New York,Usa,14
Putnam Ave & Ralph Ave,14,1,New York,Usa,14
39 St & 47 Ave,10,2,New York,Usa,14
Grand Concourse & E 205 St,1,17,New York,Usa,14
Moffat St & Bushwick,5,11,New York,Usa,14
Schermerhorn St & Hoyt St,45,11,New York,Usa,14
Stagg St & Union Ave,28,0,New York,Usa,14
41 Ave & 80 St,10,14,New York,Usa,14
Park Ave & E 162 St,14,7,New York,Usa,14
Southern Blvd & E 142 St,20,3,New York,Usa,14
Albemarle Rd & McDonald Ave,13,5,New York,Usa,14
Walton Ave & E 151 St,8,15,New York,Usa,14
Stanton St & Chrystie St,14,28,New York,Usa,14
Pike St & E Broadway,23,8,New York,Usa,14
Exchange Pl,9,15,New York,Usa,14
E 54 St & 1 Ave,21,10,New York,Usa,14
South St & Pike St,25,7,New York,Usa,14
Riverside Dr & W 153 St,8,11,New York,Usa,14
Sterling Pl & Schenectady Ave,9,10,New York,Usa,14
Central Park W & W 68 St,23,18,New York,Usa,14
E Burnside Ave & Ryer Ave,16,2,New York,Usa,14
Waterloo Pl & Crotona Park East,6,10,New York,Usa,14
Giles Pl & Fort Independence St,4,11,New York,Usa,14
Bainbridge Ave & E 206 St,6,15,New York,Usa,14
Jefferson Ave & Patchen Ave,12,5,New York,Usa,14
Douglass St & 3 Ave,23,8,New York,Usa,14
Clinton St & Newark St,10,3,New York,Usa,14
101 St & Fort Hamilton Pkwy,11,0,New York,Usa,14
E 187 St & 3 Ave,11,3,New York,Usa,14
Hancock St & Wyckoff Ave,5,12,New York,Usa,14
Chauncey St & Howard Ave,7,11,New York,Usa,14
Shore Rd & 80 St,10,1,New York,Usa,14
W 25 St & 6 Ave,3,46,New York,Usa,14
Central Ave & Decatur St,7,15,New York,Usa,14
Bedford Ave & Lenox Rd,17,0,New York,Usa,14
Beverley Rd & E 49 St,22,0,New York,Usa,14
Seigel St & Humboldt St,38,3,New York,Usa,14
E 156 St & Courtlandt Ave,6,16,New York,Usa,14
86 St & 35 Ave,7,13,New York,Usa,14
W Tremont Ave & Grand Ave,1,18,New York,Usa,14
76 St & 45 Ave,17,0,New York,Usa,14
Crescent St & 35 Ave,15,7,New York,Usa,14
99 St & Astoria Blvd,20,3,New York,Usa,14
Van Vorst Park,19,2,New York,Usa,14
Hancock St & Bedford Ave,20,2,New York,Usa,14
W 54 St & 6 Ave,4,57,New York,Usa,14
Division Ave & Marcy Ave,6,23,New York,Usa,14
87 St & 30 Ave,11,9,New York,Usa,14
84 St & Roosevelt Ave,9,20,New York,Usa,14
6 Ave & W 33 St,37,33,New York,Usa,14
Barclay St & Church St,23,11,New York,Usa,14
55 St & 7 Ave,2,19,New York,Usa,14
Grand St & Wythe Ave,19,33,New York,Usa,14
82 St & Broadway,28,1,New York,Usa,14
Park Ave & E 179 St,23,0,New York,Usa,14
Prospect Park West & 8 St,1,21,New York,Usa,14
Lincoln Pl & Nostrand Ave,23,0,New York,Usa,14
Danforth Ave & Sullivan Dr,15,1,New York,Usa,14
New Utrecht Ave & 9 Ave,9,2,New York,Usa,14
E 144 St & Brook Ave,10,7,New York,Usa,14
Bridge St & Front St,42,1,New York,Usa,14
7 St & 5 Ave,14,6,New York,Usa,14
14 St & 5 Ave,12,5,New York,Usa,14
Eastern Pkwy & Ralph Ave,1,16,New York,Usa,14
E 44 St & Lexington Ave,2,41,New York,Usa,14
10 St & 7 Ave,0,18,New York,Usa,14
Blake Ave & Herzl St,9,4,New York,Usa,14
31 St & Hoyt Ave N,31,1,New York,Usa,14
Brook Ave & E 148 St,8,9,New York,Usa,14
W 135 St & Lenox Terrace Pl,16,13,New York,Usa,14
E 95 St & 3 Ave,28,0,New York,Usa,14
Webster Ave & Ford St,7,14,New York,Usa,14
Central Ave & Weirfield St,18,3,New York,Usa,14
E 68 St & 3 Ave,19,14,New York,Usa,14
Centre St & Worth St,102,11,New York,Usa,14
Riverside Dr & W 78 St,31,44,New York,Usa,14
12 Ave & 36 St,18,0,New York,Usa,14
Webb Ave & W 190 St,5,14,New York,Usa,14
Queens Blvd N & 63 Rd,26,4,New York,Usa,14
75 St & Northern Blvd,7,10,New York,Usa,14
27 Ave & 9 St,15,24,New York,Usa,14
Commerce St & Van Brunt St,3,14,New York,Usa,14
Adams St & 12 St,4,9,New York,Usa,14
Riverside Dr & Broadway,15,5,New York,Usa,14
Union Ave & Wallabout St,28,1,New York,Usa,14
Riverside Dr & W 104 St,39,17,New York,Usa,14
W 84 St & Broadway,4,59,New York,Usa,14
5 Ave & E 78 St,6,39,New York,Usa,14
Underhill Ave & Pacific St,7,17,New York,Usa,14
E 149 St & Jackson Ave,12,8,New York,Usa,14
3 Ave & E 100 St,25,1,New York,Usa,14
Pitt St & Stanton St,9,1,New York,Usa,14
60 Ave & Otis Ave,18,0,New York,Usa,14
47 Ave & 31 St,5,22,New York,Usa,14
Pierrepont St & Monroe Pl,19,3,New York,Usa,14
E 30 St & Park Ave S,16,46,New York,Usa,14
Amory Ct & Metropolitan Ave,15,1,New York,Usa,14
Plaza St West & Flatbush Ave,5,35,New York,Usa,14
Seaman Ave & Isham St,21,1,New York,Usa,14
Audubon Ave & Fort George Ave,4,16,New York,Usa,14
Congress St & Clinton St,33,7,New York,Usa,14
Albany Ave & Fulton St,12,13,New York,Usa,14
E 3 St & Cortelyou Rd,14,0,New York,Usa,14
E 160 St & Tinton Ave,4,18,New York,Usa,14
103 St & Martense Ave,16,1,New York,Usa,14
21 St & 43 Ave,9,16,New York,Usa,14
31 St & Thomson Ave,15,32,New York,Usa,14
31 Ave & 61 St,19,2,New York,Usa,14
Broadway & 31 St,32,2,New York,Usa,14
Hoboken Terminal - Hudson St & Hudson Pl,0,19,New York,Usa,14
Broadway & W 133 St,13,4,New York,Usa,14
Bleecker St & Crosby St,17,43,New York,Usa,14
Adam Clayton Powell Blvd & W 123 St,29,0,New York,Usa,14
Greene Ave & Throop Ave,16,1,New York,Usa,14
77 St & 31 Ave,9,11,New York,Usa,14
Macombs Pl & W 152 St,16,15,New York,Usa,14
W 120 St & Claremont Ave,4,35,New York,Usa,14
Kingston Ave & Park Pl,5,12,New York,Usa,14
Jersey & 3rd,12,1,New York,Usa,14
Frost St & Meeker Ave,20,15,New York,Usa,14
E 47 St & Park Ave,2,74,New York,Usa,14
Mott St & Prince St,10,27,New York,Usa,14
Paulus Hook,3,9,New York,Usa,14
55 Ave & Center Blvd,23,0,New York,Usa,14
Ovington Ave & 3 Ave,10,6,New York,Usa,14
Perry St & Greenwich Ave,18,28,New York,Usa,14
E 75 St & 3 Ave,32,3,New York,Usa,14
Jackson Mill Rd & 93 St,3,16,New York,Usa,14
48 St & 37 Ave,20,9,New York,Usa,14
70 St & Ridge Blvd,4,5,New York,Usa,14
88 St & Astoria Blvd,7,12,New York,Usa,14
Cleveland St & Fulton St,1,15,New York,Usa,14
W 12 St & Hudson St,23,13,New York,Usa,14
Grand St & Greene St,12,13,New York,Usa,14
Heights Elevator,3,15,New York,Usa,14
Bond St & Fulton St,37,6,New York,Usa,14
E 13 St & Ave A,46,42,New York,Usa,14
College Ave & E 169 St,4,15,New York,Usa,14
5 Ave & E 63 St,3,48,New York,Usa,14
Eastern Pkwy & Kingston Ave,25,0,New York,Usa,14
Central Park North & Adam Clayton Powell Blvd,29,0,New York,Usa,14
75 St & 35 Ave,16,8,New York,Usa,14
Amsterdam Ave & W 125 St,35,0,New York,Usa,14
Marble Hill Ave & W 227 St,13,4,New York,Usa,14
Linden St & Knickerbocker Ave,6,10,New York,Usa,14
Broadway & W 41 St,2,48,New York,Usa,14
20 Ave & Shore Blvd,18,0,New York,Usa,14
Sterling Pl & Ralph Ave,4,14,New York,Usa,14
W 116 St & Amsterdam Ave,2,39,New York,Usa,14
17 St & 5 Ave,21,1,New York,Usa,14
64 Rd & Grand Central Pkwy,6,6,New York,Usa,14
St Nicholas Ave & W 157 St,1,13,New York,Usa,14
Broadway & E 19 St,16,77,New York,Usa,14
Carteret Ave & Arlington Ave,4,10,New York,Usa,14
Aqueduct Ave & North St,5,13,New York,Usa,14
3 Ave & 17 St,14,0,New York,Usa,14
Bridge St & York St,51,1,New York,Usa,14
E 48 St & Tilden Ave,26,0,New York,Usa,14
Halsey St & Tompkins Ave,17,0,New York,Usa,14
85 St & Northern Blvd,5,17,New York,Usa,14
E 189 St & Bathgate Ave,20,0,New York,Usa,14
10 Ave & W 215 St,18,3,New York,Usa,14
Lee Ave & Taylor St,16,7,New York,Usa,14
2 Ave & E 96 St,41,0,New York,Usa,14
Columbia Heights & Cranberry St,20,12,New York,Usa,14
Bergen St & Smith St,26,15,New York,Usa,14
E 46 St & Madison Ave,3,48,New York,Usa,14
44 St & 2 Ave,17,0,New York,Usa,14
E 32 St & Park Ave,12,39,New York,Usa,14
West Drive & Prospect Park West,8,15,New York,Usa,14
W 41 St & 8 Ave,48,54,New York,Usa,14
Nagle Ave & Thayer St,14,17,New York,Usa,14
Broad St & Bridge St,30,16,New York,Usa,14
Broadway & W 261 St,8,0,New York,Usa,14
Bergen Ave,5,6,New York,Usa,14
E 182 St & Belmont Ave,19,1,New York,Usa,14
Monitor St & Meeker Ave,21,0,New York,Usa,14
25 Ave & 41 St,18,3,New York,Usa,14
Claflin Ave & Reservoir Ave,14,4,New York,Usa,14
Roosevelt Island Tramway,5,32,New York,Usa,14
McGinley Square,3,15,New York,Usa,14
4 Ave & 9 St,27,0,New York,Usa,14
Livonia Ave & Saratoga Ave,10,8,New York,Usa,14
Morris Ave & E Burnside Ave,4,15,New York,Usa,14
55 St & 5 Ave,5,21,New York,Usa,14
Liberty St & Nassau St,27,18,New York,Usa,14
30 Ave & 70 St,19,0,New York,Usa,14
Wyckoff Ave & Gates Ave,0,0,New York,Usa,14
President St & Henry St,21,0,New York,Usa,14
Division St & Bowery,66,5,New York,Usa,14
57 Ave & 98 Pl,19,4,New York,Usa,14
Bank St & Hudson St,3,22,New York,Usa,14
Clinton St & 7 St,5,12,New York,Usa,14
Corona Ave & 111 St,10,8,New York,Usa,14
Bushwick Ave & Powers St,21,9,New York,Usa,14
W 235 St & Independence Ave,12,5,New York,Usa,14
Wade St & MLK Dr,3,11,New York,Usa,14
Chauncey St & Stuyvesant Ave,5,16,New York,Usa,14
41 Ave & 77 St,13,10,New York,Usa,14
Morningside Dr & Amsterdam Ave,24,8,New York,Usa,14
Kane St & Clinton St,24,0,New York,Usa,14
84 St & 3 Ave,6,2,New York,Usa,14
Centre St & Chambers St,6,46,New York,Usa,14
Fulton Ave & St Paul's Pl,1,17,New York,Usa,14
Clermont Ave & Park Ave,18,0,New York,Usa,14
Broadway & Hancock St,22,11,New York,Usa,14
Audubon Ave & W 192 St,9,11,New York,Usa,14
Queens Blvd & Albion Ave,19,2,New York,Usa,14
34 Ave & Junction Blvd,23,0,New York,Usa,14
Lefferts Ave & Schenectady Ave,22,2,New York,Usa,14
Nassau St & Navy St,55,1,New York,Usa,14
14 St & 7 Ave,6,16,New York,Usa,14
Marcus Garvey Blvd & Macon St,13,0,New York,Usa,14
108 St & 62 Dr,14,0,New York,Usa,14
St Nicholas Ave & W 137 St,10,10,New York,Usa,14
Crotona Park East & E 173 St,11,4,New York,Usa,14
34 St & 35 Ave,20,0,New York,Usa,14
Brooklyn Ave & Snyder Ave,21,0,New York,Usa,14
E 40 St & 5 Ave,46,41,New York,Usa,14
37 Ave & 63 St,12,10,New York,Usa,14
4 St & Grand St,10,6,New York,Usa,14
Harlem River Dr & W 155 St,0,24,New York,Usa,14
W 43 St & 10 Ave,60,50,New York,Usa,14
West Side Ave Light Rail,1,20,New York,Usa,14
50 St & Barnett Ave,17,7,New York,Usa,14
4 Ave & 87 St,18,0,New York,Usa,14
W 52 St & 11 Ave,23,30,New York,Usa,14
6 St & Grand St,9,9,New York,Usa,14
4 Ave & 17 St,22,0,New York,Usa,14
Fort Hamilton Pkwy & E 2 St,16,0,New York,Usa,14
Montrose Ave & Bushwick Ave,7,32,New York,Usa,14
Montague St & Clinton St,11,34,New York,Usa,14
Willoughby Ave & Myrtle Ave,16,1,New York,Usa,14
Wadsworth Ave & W 175 St,0,21,New York,Usa,14
98 St & 25 Ave,16,3,New York,Usa,14
Grand St & 14 St,4,13,New York,Usa,14
Park Ave & E 41 St,48,60,New York,Usa,14
Jerome Ave & E 181 St,9,6,New York,Usa,14
MacDonough St & Malcolm X Blvd,6,8,New York,Usa,14
Kent Ave & Division Ave,36,0,New York,Usa,14
Bailey Ave & W 234 St,23,0,New York,Usa,14
58 St & Pier 4,7,21,New York,Usa,14
W 51 St & 7 Ave,3,72,New York,Usa,14
Rockaway Ave & Bainbridge St,4,17,New York,Usa,14
Benham St & Roosevelt Ave,1,23,New York,Usa,14
Naples Terrace & Godwin Terrace,20,3,New York,Usa,14
Cherry St,0,0,New York,Usa,14
73 St & 25 Ave,2,16,New York,Usa,14
Lexington Ave & Classon Ave,18,0,New York,Usa,14
2 Ave & E 31 St,7,72,New York,Usa,14
Riverdale Ave & W 258 St,3,11,New York,Usa,14
Broadway & W 38 St,3,61,New York,Usa,14
Bainbridge Ave & E 193 St,11,15,New York,Usa,14
Norfolk St & Broome St,20,36,New York,Usa,14
34 Ave & 21 St,20,0,New York,Usa,14
Central Park W & W 76 St,7,30,New York,Usa,14
Park Pl & Thomas S. Boyland St,8,12,New York,Usa,14
Broadway & Lakeview Pl,5,8,New York,Usa,14
Coffey St & Ferris St,7,16,New York,Usa,14
100 St & Humphreys St,12,9,New York,Usa,14
E 11 St & Broadway,40,56,New York,Usa,14
8 St & Astoria Blvd,9,8,New York,Usa,14
Jackson Mill Rd & 24 Ave,2,19,New York,Usa,14
Nostrand Ave & Myrtle Ave,13,7,New York,Usa,14
Jerome Ave & Ogden Ave,12,5,New York,Usa,14
Walton Ave & E 171 St,9,10,New York,Usa,14
Van Brunt St & Van Dyke St,1,20,New York,Usa,14
7 Ave & Park Pl,0,20,New York,Usa,14
25 Ave & 96 St,8,13,New York,Usa,14
Grand Concourse & E 161 St,0,24,New York,Usa,14
W 44 St & 9 Ave,11,16,New York,Usa,14
W 37 St & 10 Ave,33,1,New York,Usa,14
St James Ave & 51 Ave,18,0,New York,Usa,14
Lexington Ave & E 120 St,27,0,New York,Usa,14
Washington Pl & 6 Ave,0,0,New York,Usa,14
E 155 St & Courtlandt Ave,10,7,New York,Usa,14
W 238 St & Riverdale Ave,12,1,New York,Usa,14
Lenox Ave & W 130 St,23,1,New York,Usa,14
62 Ave & 102 St,13,2,New York,Usa,14
Water St & Fletcher St,53,21,New York,Usa,14
W 163 St & Riverside Dr,1,14,New York,Usa,14
Rogers Ave & Lincoln Rd,18,3,New York,Usa,14
Kingston Ave & Herkimer St,12,10,New York,Usa,14
Greenwich St & Rector St,42,12,New York,Usa,14
Broadway & W 58 St,26,44,New York,Usa,14
11 Ave & W 41 St,45,1,New York,Usa,14
35 St & 23 Ave,24,2,New York,Usa,14
Freeman St & Southern Blvd,6,14,New York,Usa,14
Underhill Ave & Lincoln Pl,19,7,New York,Usa,14
Lexington Ave & E 127 St,17,9,New York,Usa,14
S 2 St & Kent Ave,37,6,New York,Usa,14
Seaman Ave & Beak St,16,3,New York,Usa,14
E 97 St & Madison Ave,37,0,New York,Usa,14
Audubon Ave & W 179 St,1,20,New York,Usa,14
Maple St & Albany Ave,18,0,New York,Usa,14
Rugby Rd & Albemarle Rd,16,0,New York,Usa,14
Carlton Ave & Greene Ave,4,18,New York,Usa,14
Cypress Ave & St Felix Ave,10,10,New York,Usa,14
Bleecker St & Forest Ave,12,3,New York,Usa,14
Stanton St & Norfolk St,25,19,New York,Usa,14
Flushing Ave & Vanderbilt Ave,21,0,New York,Usa,14
Jackson Square,5,12,New York,Usa,14
48 Ave & 37 St,4,14,New York,Usa,14
Great Jones St,1,20,New York,Usa,14
E 47 St & 2 Ave,5,93,New York,Usa,14
Ocean Ave & Tennis Ct,22,0,New York,Usa,14
W 42 St & 8 Ave,20,17,New York,Usa,14
MLK Dr & Bayview Ave,3,12,New York,Usa,14
W 44 St & 5 Ave,4,59,New York,Usa,14
99 St & 50 Ave,19,2,New York,Usa,14
W 43 St & 6 Ave,1,56,New York,Usa,14
48 St & 50 Ave,19,0,New York,Usa,14
Eastern Pkwy & Franklin Ave (SW Corner),7,22,New York,Usa,14
39 Ave & 45 St,4,14,New York,Usa,14
34 St & 5 Ave,14,1,New York,Usa,14
E 4 St & 2 Ave,58,15,New York,Usa,14
W Tremont Ave & Montgomery Ave,2,16,New York,Usa,14
8 Ave & W 49 St,12,48,New York,Usa,14
W 63 St & Broadway,8,22,New York,Usa,14
Madison St & 1 St,10,8,New York,Usa,14
Amsterdam Ave & W 162 St,3,21,New York,Usa,14
27 St & Hunter St,11,22,New York,Usa,14
W 181 St & Riverside Dr,6,8,New York,Usa,14
Madison Ave & E 51 St,13,30,New York,Usa,14
Franklin Ave & Myrtle Ave,20,7,New York,Usa,14
Halsey St & Ralph Ave,13,2,New York,Usa,14
34 Ave & 71 St,19,3,New York,Usa,14
W 54 St & 11 Ave,28,27,New York,Usa,14
Union Ave & E 169 St,9,7,New York,Usa,14
Pacific St & Nostrand Ave,22,0,New York,Usa,14
Newport Pkwy,6,5,New York,Usa,14
Rivington St & Ridge St,48,2,New York,Usa,14
Stuyvesant Ave & Hart St,22,1,New York,Usa,14
43 St & Skillman Ave,6,12,New York,Usa,14
W 24 St & 7 Ave,8,68,New York,Usa,14
Rockaway Ave & Blake Ave,8,7,New York,Usa,14
E 132 St & Madison Ave,14,2,New York,Usa,14
44 St & Greenpoint Ave,10,17,New York,Usa,14
Queens Blvd N & 67 Rd,23,0,New York,Usa,14
31 Ave & 57 St,19,3,New York,Usa,14
E 53 St & Lexington Ave,20,37,New York,Usa,14
6 Ave & 74 St,5,6,New York,Usa,14
Duane St & Hudson St,33,8,New York,Usa,14
E Tremont Ave & E 176 St,13,1,New York,Usa,14
E 102 St & Park Ave,31,0,New York,Usa,14
69 Ave & Queens Blvd N,15,5,New York,Usa,14
Henry St & Bay St,12,2,New York,Usa,14
Crotona Ave & E 183 St,21,2,New York,Usa,14
Schenectady Ave & Pacific St,2,16,New York,Usa,14
E 56 St & Madison Ave,16,13,New York,Usa,14
W 155 St & Frederick Douglass Blvd,24,2,New York,Usa,14
Icahn Stadium Plaza,6,11,New York,Usa,14
Greenwich St & W Houston St,27,48,New York,Usa,14
Columbia St & Rivington St,35,6,New York,Usa,14
DeKalb Ave & S Portland Ave,8,10,New York,Usa,14
Catherine St & Monroe St,24,2,New York,Usa,14
Cliff St & Fulton St,63,1,New York,Usa,14
Highland Blvd & Bulwer Pl,12,4,New York,Usa,14
Fairmount Ave,0,17,New York,Usa,14
Suffolk St & Stanton St,73,3,New York,Usa,14
E Mosholu Pkwy & Van Cortlandt Ave E,15,4,New York,Usa,14
E 147 St & Bergen Ave,7,16,New York,Usa,14
E 138 St & Grand Concourse,4,13,New York,Usa,14
46 St & 6 Ave,18,0,New York,Usa,14
St Ann's Ave & E 144 St,16,6,New York,Usa,14
31 St & Northern Blvd,7,28,New York,Usa,14
Riverside Dr & W 91 St,24,28,New York,Usa,14
Christopher St & Greenwich St,0,0,New York,Usa,14
Washington Pl & Greene St,16,23,New York,Usa,14
E 170 St & Clay Ave,0,24,New York,Usa,14
Gerard Ave & E 146 St,14,5,New York,Usa,14
Dixon Mills,17,0,New York,Usa,14
5 Ave & 3 St,18,6,New York,Usa,14
Woodward Ave & Harman St,13,1,New York,Usa,14
Grove St & Fresh Pond Rd,8,9,New York,Usa,14
N 5 St & Wythe Ave,16,20,New York,Usa,14
Columbia St & W 9 St,17,1,New York,Usa,14
Columbia St & Degraw St,17,3,New York,Usa,14
Clay Ave & Claremont Pkwy,5,15,New York,Usa,14
Madison Ave & E 99 St,35,0,New York,Usa,14
Washington St & Gansevoort St,15,30,New York,Usa,14
St Marks Pl & 2 Ave,61,10,New York,Usa,14
Lincoln Pl & Classon Ave,11,12,New York,Usa,14
Keegan Rd & 2 Ave,22,6,New York,Usa,14
Lexington Ave & E 26 St,29,39,New York,Usa,14
Broadway & W 185 St,5,14,New York,Usa,14
Riverdale Ave & Osborn St,2,14,New York,Usa,14
Lenox Ave & W 133 St,18,5,New York,Usa,14
Bergen St & Troy Ave,18,1,New York,Usa,14
Atlantic Ave & Fort Greene Pl,19,32,New York,Usa,14
E 128 St & 3 Ave,18,0,New York,Usa,14
St Nicholas Ave & W 134 St,23,0,New York,Usa,14
E 106 St & Madison Ave,22,1,New York,Usa,14
Lafayette Park,3,9,New York,Usa,14
Lincoln Ave & E 134 St,16,0,New York,Usa,14
Intervale Ave & Kelly St,5,12,New York,Usa,14
3 Ave & E 71 St,38,5,New York,Usa,14
53 St & 4 Ave,12,11,New York,Usa,14
10 Ave & W 28 St,10,37,New York,Usa,14
Goulden Ave & Bedford Park Blvd,0,18,New York,Usa,14
Bushwick Ave & Dekalb Ave,15,10,New York,Usa,14
West Thames St,62,9,New York,Usa,14
Allen St & Stanton St,21,22,New York,Usa,14
W 21 St & 6 Ave,8,60,New York,Usa,14
E 63 St & 3 Ave,10,41,New York,Usa,14
Grand Concourse & E 192 St,8,11,New York,Usa,14
Skillman Ave & 43 Ave,9,9,New York,Usa,14
Ogden Ave & W 164 St,0,16,New York,Usa,14
30 Ave & 80 St,6,12,New York,Usa,14
Howard Ave & Blake Ave,5,13,New York,Usa,14
E 14 St & Ave B,31,12,New York,Usa,14
34 Ave & 31 St,17,1,New York,Usa,14
Jefferson St & Cypress Ave,14,9,New York,Usa,14
93 St & Roosevelt Ave,2,22,New York,Usa,14
E 5 St & Ave A,19,26,New York,Usa,14
111 St & 53 Ave,15,9,New York,Usa,14
Irving Ave & Halsey St,6,12,New York,Usa,14
Intervale Ave & Westchester Ave,18,7,New York,Usa,14
Gansevoort St & Hudson St,17,95,New York,Usa,14
34 Ave & 113 St,18,3,New York,Usa,14
45 Ave & 21 St,6,15,New York,Usa,14
Onderdonk Ave & Dekalb Ave,14,0,New York,Usa,14
Thomas S. Boyland St & Sutter Ave,11,5,New York,Usa,14
W 168 St & Fort Washington Ave,2,44,New York,Usa,14
Center Blvd & 51 Ave,22,0,New York,Usa,14
Myrtle Ave & Marcy Ave,4,16,New York,Usa,14
E 167 St & Clay Ave,17,11,New York,Usa,14
79 St & 37 Ave,5,14,New York,Usa,14
Reade St & Broadway,13,49,New York,Usa,14
Crotona Ave & E 179 St,9,8,New York,Usa,14
Nevins St & Schermerhorn St,15,11,New York,Usa,14
Menahan St & Seneca Ave,12,3,New York,Usa,14
Park Ave & E Tremont Ave,22,0,New York,Usa,14
67 Ave & Queens Blvd S,17,1,New York,Usa,14
60 St & 60 Rd,13,5,New York,Usa,14
Adam Clayton Powell Blvd & W 151 St,6,11,New York,Usa,14
Allen St & Hester St,88,26,New York,Usa,14
Carlton Ave & Dean St,12,11,New York,Usa,14
Lincoln Rd & Ocean Ave,10,12,New York,Usa,14
Fresh Pond Rd & Eliot Ave,11,7,New York,Usa,14
Broadway & Van Cortlandt Park S,13,22,New York,Usa,14
E 98 St & Park Ave,25,0,New York,Usa,14
Lincoln Park,13,3,New York,Usa,14
Stanhope St & Fairview Ave,7,8,New York,Usa,14
Westchester Ave & Longwood Ave,1,18,New York,Usa,14
Shepherd Ave & Fulton St,8,3,New York,Usa,14
Dean St & Hoyt St,69,3,New York,Usa,14
3 Ave & 81 St,10,6,New York,Usa,14
Pearl St & York St,53,0,New York,Usa,14
W 34 St & Hudson Blvd E,0,55,New York,Usa,14
W 48 St & Rockefeller Plaza,2,55,New York,Usa,14
E 3 St & Church Ave,20,0,New York,Usa,14
72 St & 41 Ave,9,14,New York,Usa,14
Willoughby St & Ashland Pl,26,1,New York,Usa,14
4 St & River St,9,3,New York,Usa,14
Goulden Ave & W 197 St,0,18,New York,Usa,14
34 Ave & 89 St,10,13,New York,Usa,14
56 St & Arnold Ave,20,0,New York,Usa,14
55 Ave & 97 Pl,13,5,New York,Usa,14
43 St & 37 Ave,9,11,New York,Usa,14
New Jersey Ave & Jamaica Ave,8,3,New York,Usa,14
34 Ave & 38 St,8,24,New York,Usa,14
Greene St & Prince St,24,18,New York,Usa,14
Grand Concourse & E 184 St,3,14,New York,Usa,14
29 St & 5 Ave,18,0,New York,Usa,14
12 Ave & W 125 St,27,8,New York,Usa,14
E 85 St & 3 Ave,30,2,New York,Usa,14
St Nicholas Ave & W 126 St,29,17,New York,Usa,14
Sedgwick Ave & Giles Pl,1,17,New York,Usa,14
9 St HBLR - Jackson St & 8 St,12,3,New York,Usa,14
St Marks Pl & 4 Ave,8,15,New York,Usa,14
Fulton St & Waverly Ave,17,11,New York,Usa,14
24 St & 41 Ave,4,14,New York,Usa,14
Jerome Ave & E 164 St,0,14,New York,Usa,14
Bayard St & Baxter St,36,3,New York,Usa,14
7 Ave & 41 St,22,0,New York,Usa,14
Broadway & W 122 St,11,16,New York,Usa,14
Cambridge Pl & Gates Ave,15,1,New York,Usa,14
Adam Clayton Powell Blvd & W 138 St,20,2,New York,Usa,14
99 St & 32 Ave,4,16,New York,Usa,14
Decatur St & Saratoga Ave,11,8,New York,Usa,14
96 St & Marine Ave,13,0,New York,Usa,14
Lefferts Ave & Albany Ave,20,3,New York,Usa,14
4 Ave & 3 St,33,1,New York,Usa,14
Hull Ave & E 209 St,7,1,New York,Usa,14
W 84 St & Amsterdam Ave,6,25,New York,Usa,14
University Ave & W 168 St,8,5,New York,Usa,14
Beck St & Leggett Ave,11,4,New York,Usa,14
31 Pl & Hunters Point Ave,10,8,New York,Usa,14
3 Ave & Franklin Ave,8,8,New York,Usa,14
E Tremont Ave & Jerome Ave,11,5,New York,Usa,14
Cabrini Blvd & W 177 St,5,14,New York,Usa,14
Flatbush Ave & Eastern Pkwy,3,25,New York,Usa,14
E 11 St & 1 Ave,58,2,New York,Usa,14
Hope St & Union Ave,20,0,New York,Usa,14
Lawrence St & Willoughby St,12,19,New York,Usa,14
Ave C & McDonald Ave,16,0,New York,Usa,14
Bergen Ave & Stegman St,7,12,New York,Usa,14
W 35 St & 8 Ave,13,28,New York,Usa,14
Colonial Rd & Wakeman Pl,14,0,New York,Usa,14
Prospect Ave & Greenwood Ave,19,0,New York,Usa,14
Morris Ave & E 153 St,7,8,New York,Usa,14
Review Ave & Greenpoint Ave,5,12,New York,Usa,14
India St Pier,50,0,New York,Usa,14
Adam Clayton Powell Blvd & W 141 St,12,10,New York,Usa,14
Dock St & Front St,11,6,New York,Usa,14
E 20 St & Park Ave,6,35,New York,Usa,14
Pearl St & Whitehall St,39,3,New York,Usa,14
E 118 St & 3 Ave,27,0,New York,Usa,14
Winthrop St & Rogers Ave,19,0,New York,Usa,14
34 Ave & 13 St,17,2,New York,Usa,14
Central Park S & 6 Ave,41,27,New York,Usa,14
W 16 St & The High Line,9,42,New York,Usa,14
Fulton St & Clermont Ave,40,35,New York,Usa,14
E 27 St & 1 Ave,30,55,New York,Usa,14
46 Rd & 11 St,5,16,New York,Usa,14
Van Dam St & Meeker Ave,1,26,New York,Usa,14
Irving Ave & Harman St,20,0,New York,Usa,14
St Ann's Ave & Westchester Ave,13,5,New York,Usa,14
Cooper Square & Astor Pl,35,45,New York,Usa,14
Astoria Park S & Shore Blvd,18,12,New York,Usa,14
Myrtle Ave & 65 St,7,9,New York,Usa,14
S 4 St & Wythe Ave,30,3,New York,Usa,14
St Nicholas Ave & W 150 St,2,21,New York,Usa,14
35 Ave & 10 St,26,0,New York,Usa,14
Amsterdam Ave & W 79 St,33,11,New York,Usa,14
New York Ave & Lenox Rd,22,0,New York,Usa,14
Washington St & Laight St,42,19,New York,Usa,14
Essex Light Rail,11,9,New York,Usa,14
Hull Ave & E Mosholu Pkwy N,13,0,New York,Usa,14
E 19 St & Beverley Rd,16,0,New York,Usa,14
Ditmars Blvd & 102 St,19,5,New York,Usa,14
111 St & Roosevelt Ave,11,10,New York,Usa,14
Washington St & Morgan St,16,13,New York,Usa,14
W 33 St & 10 Ave,0,56,New York,Usa,14
Riverside Dr & W 145 St,7,23,New York,Usa,14
Bedford Park Blvd & Paul Ave,2,20,New York,Usa,14
Bushwick Ave & Forrest St,13,3,New York,Usa,14
Prospect Ave & E 167 St,1,15,New York,Usa,14
Morgan Ave & Lombardy St,5,22,New York,Usa,14
N 15 St & Wythe Ave,43,10,New York,Usa,14
41 St & 4 Ave,19,1,New York,Usa,14
N 5 St & Northside Piers,0,22,New York,Usa,14
94 St & 57 Ave,25,0,New York,Usa,14
Ridge Blvd & 82 St,7,4,New York,Usa,14
Empire Blvd & New York Ave,13,10,New York,Usa,14
Broadway & W 242 St,12,10,New York,Usa,14
34 Ave & 108 St,16,5,New York,Usa,14
Madison St & Forest Ave,20,4,New York,Usa,14
Rutland Rd & E 45 St,21,1,New York,Usa,14
42 Ave & 108 St,14,4,New York,Usa,14
E 95 St & Rutland Rd,4,12,New York,Usa,14
Bergen Ave & E 152 St,11,8,New York,Usa,14
57 Rd & 59 St,11,7,New York,Usa,14
Van Brunt St & Wolcott St,4,29,New York,Usa,14
Prospect Park SW & Greenwood Ave,28,0,New York,Usa,14
W Broadway & Spring St,66,28,New York,Usa,14
Amsterdam Ave & W 152 St,13,6,New York,Usa,14
5 Ave & 41 St,30,0,New York,Usa,14
E 6 St & Ave D,35,7,New York,Usa,14
LaGuardia Pl & W 3 St,15,33,New York,Usa,14
Mercer St & Bleecker St,27,37,New York,Usa,14
E 165 St & Clay Ave,15,0,New York,Usa,14
Walker St & Baxter St,32,11,New York,Usa,14
W 17 St & 7 Ave,10,34,New York,Usa,14
W 204 St & Nagle Ave,16,2,New York,Usa,14
Harrison St & Hudson St,4,34,New York,Usa,14
Stanton St & Mangin St,13,0,New York,Usa,14
104 St & 38 Ave,16,4,New York,Usa,14
Pacific St & Nevins St,11,2,New York,Usa,14
Grand Concourse & E Mount Eden Ave,6,11,New York,Usa,14
48 St & Barnett Ave,8,6,New York,Usa,14
Kingsbridge Terrace & W 230 St,13,3,New York,Usa,14
E 34 St & Church Ave,23,0,New York,Usa,14
Dr. Lena Edwards Park,5,5,New York,Usa,14
90 St & 51 Ave,19,0,New York,Usa,14
Front St & Pine St,50,1,New York,Usa,14
Clinton St & Bay St,24,0,New York,Usa,14
Washington Park,17,7,New York,Usa,14
Madison St & Evergreen Ave,10,6,New York,Usa,14
Jerome Ave & Bedford Park Blvd E,15,6,New York,Usa,14
Greenwich Ave & Charles St,37,15,New York,Usa,14
E 67 St & Park Ave,6,38,New York,Usa,14
Prospect Park SW & Vanderbilt St,32,0,New York,Usa,14
N Henry St & Norman Ave,4,23,New York,Usa,14
Willoughby Ave & Walworth St,16,1,New York,Usa,14
MacDougal St & Prince St,45,9,New York,Usa,14
Broadway & Kent Ave,35,0,New York,Usa,14
Warren St & Court St,23,2,New York,Usa,14
Carlton Ave & Flushing Ave,39,2,New York,Usa,14
Driggs Ave & N 12 St,2,33,New York,Usa,14
Caton Ave & Argyle Rd,17,1,New York,Usa,14
Prospect Ave & Vanderbilt St,18,0,New York,Usa,14
107 St & 32 Ave,13,6,New York,Usa,14
Willoughby Ave & Onderdonk Ave,25,1,New York,Usa,14
New York Ave & Montgomery St,3,14,New York,Usa,14
MacDougal St & Washington Sq,2,27,New York,Usa,14
Greenwich Ave & 8 Ave,5,66,New York,Usa,14
E 52 St & Winthrop St,6,3,New York,Usa,14
E 118 St & Park Ave,25,1,New York,Usa,14
Courtlandt Ave & E 149 St,2,19,New York,Usa,14
Madison St & Seneca Ave,3,16,New York,Usa,14
St James Pl & Pearl St,17,4,New York,Usa,14
56 Ave & 92 St,17,5,New York,Usa,14
30 St & 48 Ave,18,11,New York,Usa,14
Sigourney St & Columbia St,13,6,New York,Usa,14
Parkside Ave & Flatbush Ave,23,0,New York,Usa,14
Kingston Ave & Montgomery St,6,10,New York,Usa,14
Clinton Ave & Myrtle Ave,16,12,New York,Usa,14
E 39 St & Lexington Ave,24,37,New York,Usa,14
Andrew Ave N & Hall of Fame Tce,0,15,New York,Usa,14
W 64 St & Thelonious Monk Circle,27,15,New York,Usa,14
Warren St,11,9,New York,Usa,14
Bergen St & Mother Gaston Blvd,3,18,New York,Usa,14
Franklin Ave & E 169 St,15,2,New York,Usa,14
E 161 St & Park Ave,14,4,New York,Usa,14
Shore Rd & Oliver St,11,0,New York,Usa,14
Steinway St & 23 Ave,16,3,New York,Usa,14
99 St & 3 Ave,9,0,New York,Usa,14
Evergreen Ave & Noll St,22,0,New York,Usa,14
1 Ave & E 110 St,25,0,New York,Usa,14
3 Ave & E 170 St,1,18,New York,Usa,14
W 176 St & Montgomery Ave,3,13,New York,Usa,14
Madison St & 10 St,2,13,New York,Usa,14
W 51 St & Rockefeller Plaza,4,44,New York,Usa,14
Booth St & 68 Dr,15,0,New York,Usa,14
Verveelen Pl & Broadway,12,9,New York,Usa,14
Calyer St & West St,14,18,New York,Usa,14
Monroe St & Bedford Ave,17,2,New York,Usa,14
Jackson St & Leonard St,17,3,New York,Usa,14
15 Ave & 37 St,12,0,New York,Usa,14
Bailey Ave & W 238 St,13,5,New York,Usa,14
Jerome Ave & E Mosholu Pkwy N,4,14,New York,Usa,14
Cortelyou Rd & Albany Ave,14,2,New York,Usa,14
E 5 St & Ave C,40,14,New York,Usa,14
Lafayette St & Astor Pl,46,54,New York,Usa,14
E 72 St & York Ave,24,10,New York,Usa,14
Independence Ave & W 240 St,5,7,New York,Usa,14
Fulton St & Williams Ave,15,3,New York,Usa,14
Queens Blvd N & 72 Rd,15,0,New York,Usa,14
W 159 St & Edgecombe Ave,4,15,New York,Usa,14
Edgecombe Ave & W 145 St,5,24,New York,Usa,14
65 St & 35 Ave,20,5,New York,Usa,14
Hudson St & W 13 St,15,22,New York,Usa,14
Greenpoint Ave & Manhattan Ave,26,0,New York,Usa,14
61 St & Queens Blvd,18,5,New York,Usa,14
Driggs Ave & Lorimer St,14,10,New York,Usa,14
MLK Dr & Bramhall Ave,1,11,New York,Usa,14
10 St & 2 Ave,10,5,New York,Usa,14
Hudson St & N Moore St,48,16,New York,Usa,14
N 7 St & Driggs Ave,5,41,New York,Usa,14
57 St & 43 Ave,5,12,New York,Usa,14
1 Ave & E 44 St,20,63,New York,Usa,14
Amsterdam Ave & W 186 St,0,20,New York,Usa,14
Manila & 1st,11,6,New York,Usa,14
W 233 St & Albany Crescent,17,1,New York,Usa,14
Nassau St & Duffield St,51,0,New York,Usa,14
Anthony Ave & E Tremont Ave,14,4,New York,Usa,14
E 196 St & Valentine Ave,6,18,New York,Usa,14
72 St & Broadway,6,12,New York,Usa,14
53 St & 2 Ave,26,1,New York,Usa,14
W 129 St & Convent Ave,24,5,New York,Usa,14
Washington St & Barrow St,36,12,New York,Usa,14
Fulton St & Van Siclen Ave,3,13,New York,Usa,14
St Johns Pl & Kingston Ave,6,11,New York,Usa,14
W 49 St & 8 Ave,16,46,New York,Usa,14
Crotona Pkwy & Bronx Park S,17,6,New York,Usa,14
Throop Ave & Myrtle Ave,16,2,New York,Usa,14
Liberty Light Rail,18,1,New York,Usa,14
Broadway & Whipple St,24,2,New York,Usa,14
1 Ave & E 30 St,18,20,New York,Usa,14
Delancey St & Eldridge St,15,14,New York,Usa,14
Devoe St & Morgan Ave,9,10,New York,Usa,14
Broadway & W 37 St,3,50,New York,Usa,14
46 St & 28 Ave,12,5,New York,Usa,14
Monroe St & Marcus Garvey Blvd,18,0,New York,Usa,14
Forsyth St & Broome St,58,3,New York,Usa,14
51 St & Hobart St,12,11,New York,Usa,14
Montgomery St & Franklin Ave,8,6,New York,Usa,14
Eastern Pkwy & Rochester Ave,7,16,New York,Usa,14
Van Sinderen Ave & Truxton St,5,17,New York,Usa,14
W 42 St & Dyer Ave,21,9,New York,Usa,14
Knickerbocker Ave & George St,19,0,New York,Usa,14
39 St & 50 Ave,8,10,New York,Usa,14
S 3 St & Bedford Ave,18,2,New York,Usa,14
75 St & Roosevelt Ave,0,28,New York,Usa,14
Van Buren St & Broadway,2,22,New York,Usa,14
47 Ave & 109 St,22,3,New York,Usa,14
Perry Ave & E 204 St,7,14,New York,Usa,14
46 St & 25 Ave,11,12,New York,Usa,14
Albany St & Greenwich St,37,3,New York,Usa,14
St Marks Ave & Rochester Ave,5,14,New York,Usa,14
Lenox Ave & W 111 St,33,2,New York,Usa,14
Skillman Ave & Honeywell St,6,12,New York,Usa,14
60 Pl & Flushing Ave,11,6,New York,Usa,14
Garrison Ave & Manida St,27,0,New York,Usa,14
31 St & Ditmars Blvd,21,1,New York,Usa,14
Knickerbocker Ave & Moffat St,11,9,New York,Usa,14
Grant Ave & MLK Dr,2,16,New York,Usa,14
2 Ave & 32 St,22,0,New York,Usa,14
74 St & 37 Ave,5,22,New York,Usa,14
McKibbin St & Bogart St,16,11,New York,Usa,14
Inwood Ave & W 170 St,19,2,New York,Usa,14
Kings Hwy & E 98 St,6,9,New York,Usa,14
Jay St & Tech Pl,44,1,New York,Usa,14
Stephen St & Seneca Ave,9,4,New York,Usa,14
E 103 St & Lexington Ave,30,0,New York,Usa,14
113 St & Jewel Ave,12,0,New York,Usa,14
5 Ave & 37 St,27,0,New York,Usa,14
Central Park W & W 103 St,24,12,New York,Usa,14
Grand Concourse & E 144 St,14,6,New York,Usa,14
Park Ave & E 40 St,5,64,New York,Usa,14
Broadway & W 234 St,25,2,New York,Usa,14
E 165 St & Fox St,0,23,New York,Usa,14
Lenox Ave & W 144 St,16,5,New York,Usa,14
Manhattan Ave & Commercial St,30,1,New York,Usa,14
Lenox Ave & W 115 St,25,1,New York,Usa,14
20 Ave & 21 St,17,0,New York,Usa,14
E 174 St & Walton Ave,13,12,New York,Usa,14
98 St & 41 Ave,9,11,New York,Usa,14
Tiebout Ave & E 184 St,9,8,New York,Usa,14
MacDonough St & Marcy Ave,13,7,New York,Usa,14
Barry St & Tiffany St,12,7,New York,Usa,14
Parkside Ave & Ocean Ave,28,0,New York,Usa,14
56 Ave & Junction Blvd,19,2,New York,Usa,14
Jerome Ave & W 195 St,0,0,New York,Usa,14
Cauldwell Ave & E 161 St,5,11,New York,Usa,14
Caton Ave & St. Pauls Pl,18,0,New York,Usa,14
Kenmare St & Elizabeth St,17,33,New York,Usa,14
Ditmars Blvd & 48 St,18,1,New York,Usa,14
Union St & Bedford Ave,4,12,New York,Usa,14
Jamaica Ave & Elton St,5,12,New York,Usa,14
Hazen St & 20 Ave,17,5,New York,Usa,14
Congress St & Hicks St,32,0,New York,Usa,14
103 St & 41 Ave,20,1,New York,Usa,14
62 Dr & 97 St,21,2,New York,Usa,14
Eastern Pkwy & Nostrand Ave,13,5,New York,Usa,14
Soissons Landing,26,0,New York,Usa,14
Hancock St & Stuyvesant Ave,12,4,New York,Usa,14
40 St & 3 Ave,9,20,New York,Usa,14
72 St & Northern Blvd,11,6,New York,Usa,14
57 St & 37 Ave,20,1,New York,Usa,14
Main St & Plymouth St,23,22,New York,Usa,14
East End Ave & E 86 St,27,0,New York,Usa,14
Elmhurst Ave & Roosevelt Ave,4,15,New York,Usa,14
W 67 St & Broadway,6,20,New York,Usa,14
E 182 St & Park Ave,5,15,New York,Usa,14
Sedgwick Ave & W 195 St,4,14,New York,Usa,14
Willoughby Ave & Wyckoff Ave,9,12,New York,Usa,14
Broadway & W 138 St,9,10,New York,Usa,14
Mercer St & Spring St,49,12,New York,Usa,14
31 Ave & 86 St,4,11,New York,Usa,14
32 Ave & 77 St,5,16,New York,Usa,14
Eastern Pkwy & Franklin Ave (NE Corner),7,31,New York,Usa,14
W 113 St & Broadway,21,16,New York,Usa,14
W 47 St & 9 Ave,38,10,New York,Usa,14
1 Ave & E 78 St,52,0,New York,Usa,14
Van Cortlandt Park S & Gouverneur Ave,7,17,New York,Usa,14
E 106 St & Lexington Ave,25,0,New York,Usa,14
E 167 St & Bryant Ave,9,10,New York,Usa,14
Communipaw & Berry Lane,8,4,New York,Usa,14
E 170 St & Webster Ave,7,10,New York,Usa,14
Queens Blvd & 56 Ave,32,5,New York,Usa,14
Central Ave & Woodbine St,14,1,New York,Usa,14
Ditmars Blvd & 43 St,22,2,New York,Usa,14
64 St & Woodbine St,9,10,New York,Usa,14
Clinton St & Joralemon St,13,33,New York,Usa,14
Adelphi St & Myrtle Ave,19,3,New York,Usa,14
Utica Ave & E New York Ave,12,2,New York,Usa,14
Rutgers St & Henry St,37,0,New York,Usa,14
E 115 St & Madison Ave,30,0,New York,Usa,14
E 201 St & Briggs Ave,1,14,New York,Usa,14
Barrow St & Hudson St,26,16,New York,Usa,14
Prospect Park W & 20 St,19,0,New York,Usa,14
43 Ave & 42 St,15,8,New York,Usa,14
Metropolitan Ave & Stewart Ave,10,11,New York,Usa,14
Knickerbocker Ave & Thames St,10,9,New York,Usa,14
10 Ave & W 204 St,17,0,New York,Usa,14
Cathedral Pkwy & Broadway,21,0,New York,Usa,14
Myrtle Ave & Grove St,12,7,New York,Usa,14
Dyckman St & Staff St,12,4,New York,Usa,14
5 Ave & E 72 St,3,20,New York,Usa,14
Van Nostrand Ave & Ocean Ave,14,0,New York,Usa,14
5 Ave & 44 St,21,1,New York,Usa,14
South Railroad Ave & Broadway,17,7,New York,Usa,14
63 Ave & 99 St,17,1,New York,Usa,14
S 4 St & Rodney St,16,1,New York,Usa,14
34 Ave & 83 St,11,7,New York,Usa,14
W 190 St & Broadway,8,10,New York,Usa,14
Adam Clayton Powell Blvd & W 132 St,15,7,New York,Usa,14
76 St & 21 Ave,14,6,New York,Usa,14
Allen St & Rivington St,6,31,New York,Usa,14
Boston Rd & E 178 St,21,0,New York,Usa,14
W 30 St & 8 Ave,50,15,New York,Usa,14
Grove St PATH,18,18,New York,Usa,14
Brevoort Pl & Bedford Ave,18,0,New York,Usa,14
Union St & 4 Ave,20,3,New York,Usa,14
Netherland Ave & W 232 St,5,6,New York,Usa,14
W 26 St & 8 Ave,30,29,New York,Usa,14
E 51 St & 1 Ave,34,0,New York,Usa,14
Danforth Light Rail,17,1,New York,Usa,14
McKeever Pl & Sullivan Pl,17,1,New York,Usa,14
E 8 St & Caton Ave,26,2,New York,Usa,14
Dean St & Rockaway Ave,4,16,New York,Usa,14
Hegeman Ave & Amboy St,18,5,New York,Usa,14
Suydam St & St Nicholas Ave,10,6,New York,Usa,14
Borden Ave & 25 St,22,5,New York,Usa,14
Grove St & Broadway,8,19,New York,Usa,14
Greenwich St & Perry St,37,7,New York,Usa,14
72 Rd & 113 St,7,0,New York,Usa,14
Bushwick Ave & Furman Ave,17,10,New York,Usa,14
53 Ave & 62 St,18,0,New York,Usa,14
54 St & 37 Ave,12,12,New York,Usa,14
Schenectady Ave & President St,21,1,New York,Usa,14
77 St & 24 Ave,11,8,New York,Usa,14
Fieldston Rd & Mosholu Ave,0,12,New York,Usa,14
Columbus Ave & W 59 St,27,9,New York,Usa,14
Maple St & New York Ave,20,1,New York,Usa,14
Suydam St & Knickerbocker Ave,23,4,New York,Usa,14
Brooklyn Ave & Tilden Ave,24,0,New York,Usa,14
Lafayette Ave & Ft Greene Pl,2,33,New York,Usa,14
Shore Rd & 74 St,10,1,New York,Usa,14
Central Ave & Covert St,20,6,New York,Usa,14
Steinway St & 21 Ave,13,1,New York,Usa,14
Bushwick Ave & Linden St,12,13,New York,Usa,14
64 St & 51 Ave,6,11,New York,Usa,14
E 102 St & 1 Ave,21,0,New York,Usa,14
Walnut Ave & E 136 St,6,10,New York,Usa,14
5 Ave & W 131 St,17,0,New York,Usa,14
State St & Smith St,54,5,New York,Usa,14
Albany Ave & Park Pl,6,14,New York,Usa,14
River Ave & E 153 St,10,15,New York,Usa,14
Clinton St & 4 Place,20,0,New York,Usa,14
7 St & 3 Ave,19,2,New York,Usa,14
W Fordham Rd & Loring Pl N,14,11,New York,Usa,14
W 27 St & 6 Ave,29,32,New York,Usa,14
E 12 St & Ave C,20,18,New York,Usa,14
Amsterdam Ave & W 175 St,3,20,New York,Usa,14
6 Ave & 9 St,1,25,New York,Usa,14
Clarkson Ave & E 37 St,16,6,New York,Usa,14
Corona Ave & 92 St,11,10,New York,Usa,14
3 Ave & E 82 St,39,0,New York,Usa,14
83 St & Narrows Ave,10,1,New York,Usa,14
Lorimer St & Broadway,20,6,New York,Usa,14
6 St & 7 Ave,1,15,New York,Usa,14
Tilden Ave & Lott St,13,0,New York,Usa,14
31 St & Astoria Blvd,24,7,New York,Usa,14
Danforth Ave & JFK Blvd,16,0,New York,Usa,14
89 St & 3 Ave,17,0,New York,Usa,14
Frederick Douglass Blvd & W 139 St,17,2,New York,Usa,14
E 27 St & Park Ave S,4,63,New York,Usa,14
E 17 St & Beverley Rd,17,0,New York,Usa,14
Fulton St & Broadway,12,34,New York,Usa,14
3 St & Prospect Park West,2,27,New York,Usa,14
Carmine St & 6 Ave,25,32,New York,Usa,14
Jerome Ave & Bainbridge Ave,4,9,New York,Usa,14
Metropolitan Ave & Bedford Ave,14,37,New York,Usa,14
Harman St & Seneca Ave,11,7,New York,Usa,14
Page Pl & Grand Ave,11,9,New York,Usa,14
Cadman Plaza E & Tillary St,19,30,New York,Usa,14
Madison St & Woodward Ave,9,8,New York,Usa,14
Frederick Douglass Blvd & Harlem River Dr,15,4,New York,Usa,14
Pacific St & Ralph Ave,5,11,New York,Usa,14
6 Ave & W 34 St,28,35,New York,Usa,14
Milton St & Franklin St,31,0,New York,Usa,14
Ave A & E 11 St,26,37,New York,Usa,14
W 90 St & Amsterdam Ave,11,18,New York,Usa,14
7 Ave & 20 St,15,0,New York,Usa,14
E 103 St & 2 Ave,31,0,New York,Usa,14
30 Ave & 12 St,28,2,New York,Usa,14
Catalpa Ave & Woodward Ave,7,11,New York,Usa,14
E 31 St & 3 Ave,44,17,New York,Usa,14
Broadway & Berry St,14,17,New York,Usa,14
Pearl St & Hanover Square,58,8,New York,Usa,14
2 Ave & E 99 St,26,0,New York,Usa,14
20 Ave & 48 St,22,0,New York,Usa,14
Bond St & Bergen St,20,1,New York,Usa,14
Stockholm St & Wilson Ave,19,1,New York,Usa,14
67 St & Erik Pl,7,12,New York,Usa,14
57 Rd & 58 St,7,13,New York,Usa,14
Graham Ave & Withers St,13,2,New York,Usa,14
Jerome Ave & E Mosholu Pkwy S,1,19,New York,Usa,14
44 St & 48 Ave,8,12,New York,Usa,14
Bay Ridge Pkwy & 5 Ave,8,3,New York,Usa,14
79 St & 5 Ave,9,1,New York,Usa,14
Highland Blvd & Vermont Pl,21,3,New York,Usa,14
E 181 St & Bathgate Ave,7,12,New York,Usa,14
Martense Ave & 108 St,18,1,New York,Usa,14
Journal Square,0,17,New York,Usa,14
Fort Hamilton Pkwy & 85 St,7,0,New York,Usa,14
Adams St & Prospect St,44,10,New York,Usa,14
Eliot Ave & 60 Ln,21,1,New York,Usa,14
Tinton Ave & E 165 St,10,4,New York,Usa,14
24 Ave & 26 St,19,0,New York,Usa,14
Troy Ave & Linden Blvd,16,3,New York,Usa,14
W 171 St & St Nicholas Ave,0,30,New York,Usa,14
36 St & 47 Ave,0,19,New York,Usa,14
Pacific St & Troy Ave,13,3,New York,Usa,14
E 153 St & E 157 St,3,13,New York,Usa,14
W 87 St & Amsterdam Ave,12,27,New York,Usa,14
31 St & Newtown Ave,27,7,New York,Usa,14
Engert Ave & McGuinness Blvd,16,2,New York,Usa,14
Driggs Ave & N 9 St,11,38,New York,Usa,14
48 St & Broadway,0,26,New York,Usa,14
W 10 St & Washington St,56,3,New York,Usa,14
57 St & 7 Ave,13,7,New York,Usa,14
8 Ave & W 24 St,2,37,New York,Usa,14
Monroe St & Tompkins Ave,10,1,New York,Usa,14
E 204 St & Webster Ave,19,0,New York,Usa,14
Union Ave & Jackson St,0,17,New York,Usa,14
10 Ave & W 34 St,3,27,New York,Usa,14
Front St & Gold St,33,0,New York,Usa,14
Crescent St & 30 Ave,22,0,New York,Usa,14
19 St & 8 Ave,0,0,New York,Usa,14
102 St & 34 Ave,10,9,New York,Usa,14
W 180 St & Fort Washington Ave,0,23,New York,Usa,14
Columbia St & Lorraine St,32,3,New York,Usa,14
Brook Ave & E 141 St,17,1,New York,Usa,14
Grand Concourse & E 176 St,5,13,New York,Usa,14
Brooklyn Bridge Park - Pier 2,20,4,New York,Usa,14
West End Ave & W 94 St,21,6,New York,Usa,14
E 19 St & 3 Ave,4,29,New York,Usa,14
39 St & 2 Ave,29,2,New York,Usa,14
94 St & Northern Blvd,13,9,New York,Usa,14
Ditmars Blvd & 31 Dr,16,10,New York,Usa,14
Park Pl & Franklin Ave,11,1,New York,Usa,14
Leonard St & Maujer St,21,1,New York,Usa,14
Fort Washington Ave & W 190 St,1,16,New York,Usa,14
E 163 St & Tiffany St,7,12,New York,Usa,14
Oakland Ave,21,3,New York,Usa,14
W 26 St & 10 Ave,3,47,New York,Usa,14
E 58 St & 1 Ave (NW Corner),18,30,New York,Usa,14
5 Ave & E 30 St,26,26,New York,Usa,14
Scholes St & Lorimer St,25,0,New York,Usa,14
100 St & Northern Blvd,7,13,New York,Usa,14
Amsterdam Ave & W 172 St,2,17,New York,Usa,14
Linden Blvd & E 91 St,9,0,New York,Usa,14
Southern Blvd & Tiffany St,16,3,New York,Usa,14
47 Ave & 104 St,18,1,New York,Usa,14
Carroll St & Smith St,16,21,New York,Usa,14
E 10 St & Ave A,85,20,New York,Usa,14
South End Ave & Albany St,39,0,New York,Usa,14
Dwight St & Dikeman St,4,13,New York,Usa,14
Montgomery St,14,0,New York,Usa,14
Douglass St & 4 Ave,41,6,New York,Usa,14
President St & Nostrand Ave,6,21,New York,Usa,14
FDR Drive & E 35 St,13,104,New York,Usa,14
Hamilton Pl & W 140 St,14,6,New York,Usa,14
7 Ave & 22 St,23,0,New York,Usa,14
Sedgwick Ave & W Tremont Ave,10,4,New York,Usa,14
Convent Ave & W 151 St,4,17,New York,Usa,14
Grand Ave & 58 Ave,15,5,New York,Usa,14
E 158 St & Melrose Ave,13,7,New York,Usa,14
Jerome Ave & W 184 St,3,14,New York,Usa,14
39 Ave & 99 St,6,13,New York,Usa,14
Willis Ave & Bruckner Blvd,18,0,New York,Usa,14
Convent Ave & W 135 St,20,8,New York,Usa,14
Brooklyn Ave & Dean St,15,2,New York,Usa,14
30 Ave & 47 St,13,8,New York,Usa,14
Southern Blvd & E 187 St,9,4,New York,Usa,14
Kappock St & Independence Ave,2,13,New York,Usa,14
E 93 St & 2 Ave,70,0,New York,Usa,14
Monmouth & 6th,8,6,New York,Usa,14
Church Sq Park - 5 St & Park Ave,1,20,New York,Usa,14
Adams St & 2 St,5,10,New York,Usa,14
Dumont Ave & Thomas S. Boyland St,5,9,New York,Usa,14
Sterling Pl & Bedford Ave,0,0,New York,Usa,14
3 Ave & 14 St,24,0,New York,Usa,14
Broadway & 12 St,19,9,New York,Usa,14
9 Ave & W 204 St,14,9,New York,Usa,14
Elmhurst Ave & Forley St,7,12,New York,Usa,14
Corona Ave & 90 St,16,3,New York,Usa,14
99 St & 58 Ave,25,0,New York,Usa,14
9 Ave & W 18 St,26,51,New York,Usa,14
Pacific St & Rochester Ave,3,13,New York,Usa,14
23 Rd & 31 St,19,0,New York,Usa,14
Queens Blvd N & 75 Ave,22,1,New York,Usa,14
Kosciuszko St & Nostrand Ave,13,8,New York,Usa,14
North Moore St & Greenwich St,12,17,New York,Usa,14
N 11 St & Kent Ave,12,15,New York,Usa,14
Townsend Ave & E 175 St,3,11,New York,Usa,14
Lorimer St & Harrison Ave,11,3,New York,Usa,14
W 44 St & 11 Ave,74,0,New York,Usa,14
Nelson Ave & 167 St,5,12,New York,Usa,14
W 190 St & St Nicholas Ave,7,14,New York,Usa,14
Railroad Ave & Kay Ave,13,13,New York,Usa,14
N Portland Ave & Flushing Ave,30,0,New York,Usa,14
47 St & 3 Ave,21,1,New York,Usa,14
Austin St & 63 Dr,15,1,New York,Usa,14
E 13 St & 2 Ave,41,10,New York,Usa,14
91 St & 31 Ave,7,14,New York,Usa,14
Cypress Ave & Palmetto St,5,18,New York,Usa,14
E 167 St & Franklin Ave,4,12,New York,Usa,14
Lafayette Ave & Franklin Ave,16,8,New York,Usa,14
Tibbett Ave & W 234 St,17,0,New York,Usa,14
31 Ave & 103 St,10,9,New York,Usa,14
61 St & Woodside Ave,10,7,New York,Usa,14
E 58 St & 3 Ave,6,40,New York,Usa,14
6 Ave & 12 St,21,4,New York,Usa,14
Eldert St & Bushwick Ave,3,15,New York,Usa,14
Valentine Ave & E 198 St,15,4,New York,Usa,14
W 95 St & Broadway,6,20,New York,Usa,14
W 37 St & Broadway,9,75,New York,Usa,14
12 St & 4 Ave,19,2,New York,Usa,14
Central Park S & Grand Army Plaza,12,67,New York,Usa,14
63 Dr & Booth St,20,0,New York,Usa,14
Lewis Ave & Kosciuszko St,17,0,New York,Usa,14
Morris Canal,3,10,New York,Usa,14
51 St & Queens Blvd,3,17,New York,Usa,14
E 91 St & 2 Ave,51,18,New York,Usa,14
51 Ave & 61 St,5,14,New York,Usa,14
Wilkins Ave & Crotona Park E,11,5,New York,Usa,14
Bristol St & Pitkin Ave,10,1,New York,Usa,14
65 St & Roosevelt Ave,28,0,New York,Usa,14
Riverside Dr E & W 155 St,9,12,New York,Usa,14
Henry St & Middagh St,7,23,New York,Usa,14
E 50 St & Park Ave,7,29,New York,Usa,14
Crescent St & Ditmars Blvd,9,7,New York,Usa,14
Thompson St & Bleecker St,21,38,New York,Usa,14
Banker St & Meserole Ave,28,1,New York,Usa,14
51 St & 43 Ave,26,1,New York,Usa,14
Sterling Pl & 5 Ave,21,3,New York,Usa,14
Pioneer St & Richards St,15,6,New York,Usa,14
Turner Pl & Coney Island Ave,17,0,New York,Usa,14
Arlington Ave & Wilkinson Ave,2,12,New York,Usa,14
Concord St & Bridge St,18,0,New York,Usa,14
Greenwood Ave & E 4 St,20,0,New York,Usa,14
Greenwich St & Hubert St,0,30,New York,Usa,14
Shore Rd & Narrows Ave,10,0,New York,Usa,14
34 Ave & 48 St,15,9,New York,Usa,14
108 St & Jewel Ave,14,4,New York,Usa,14
N 6 St & Bedford Ave,0,28,New York,Usa,14
Stewart Ave & Johnson Ave,8,10,New York,Usa,14
Crown St & Troy Ave,8,10,New York,Usa,14
Bushwick Ave & McKibbin St,12,7,New York,Usa,14
8 Ave & W 55 St,15,49,New York,Usa,14
Ditmars Blvd & 76 St,7,11,New York,Usa,14
Pitkin Ave & Grafton St,7,8,New York,Usa,14
56 Dr & 59 St,6,12,New York,Usa,14
Narrows Ave & MacKay Pl,8,3,New York,Usa,14
46 Ave & 5 St,13,27,New York,Usa,14
70 Rd & 112 St,19,0,New York,Usa,14
30 Ave & 96 St,10,11,New York,Usa,14
5 Ave & 67 St,7,9,New York,Usa,14
Stagg St & Morgan Ave,0,18,New York,Usa,14
60 Ave & Fresh Pond Rd,4,13,New York,Usa,14
Greene Ave & Nostrand Ave,12,8,New York,Usa,14
58 St & 56 Dr,11,7,New York,Usa,14
Woodside Ave & 69 St,5,10,New York,Usa,14
Southpoint Park,8,28,New York,Usa,14
49 Ave & 108 St,22,0,New York,Usa,14
W 29 St & 9 Ave,14,22,New York,Usa,14
W 52 St & 6 Ave,7,48,New York,Usa,14
37 St & 13 Ave,12,0,New York,Usa,14
Lewis Ave & Madison St,19,1,New York,Usa,14
Hoboken Ave at Monmouth St,26,5,New York,Usa,14
Taylor St & Bedford Ave,12,9,New York,Usa,14
Hamilton Park,19,7,New York,Usa,14
Willis Ave & E 141 St,11,8,New York,Usa,14
Whitney Ave & Ketcham Pl,20,5,New York,Usa,14
10 Ave & W 14 St,38,41,New York,Usa,14
W 144 St & Adam Clayton Powell Blvd,24,0,New York,Usa,14
E 191 St & Bathgate Ave,23,2,New York,Usa,14
Amsterdam Ave & W 82 St,5,32,New York,Usa,14
Vyse Ave & Boston Rd,12,3,New York,Usa,14
Lenox Ave & W 117 St,40,1,New York,Usa,14
Ashland Pl & Dekalb Ave,46,0,New York,Usa,14
10 Ave & W 207 St,27,6,New York,Usa,14
Willoughby Ave & Tompkins Ave,15,1,New York,Usa,14
Sterling Pl & Rochester Ave,5,14,New York,Usa,14
Davis St & Jackson Ave,14,20,New York,Usa,14
Old Slip & South St,74,10,New York,Usa,14
Beverley Rd & Nostrand Ave,24,0,New York,Usa,14
4 Ave & 99 St,16,0,New York,Usa,14
E 84 St & 1 Ave,25,2,New York,Usa,14
Bedford Ave & Albemarle Rd,17,1,New York,Usa,14
W 165 St & Fort Washington Ave,2,22,New York,Usa,14
11 Ave & W 59 St,28,0,New York,Usa,14
Broadway & W 25 St,1,105,New York,Usa,14
Hilltop,3,20,New York,Usa,14
E 115 St & Lexington Ave,24,0,New York,Usa,14
E 88 St & 1 Ave,38,1,New York,Usa,14
55 St & Northern Blvd,11,7,New York,Usa,14
Riverdale Ave & W 263 St,4,9,New York,Usa,14
Sunken Meadow Comfort Station,5,15,New York,Usa,14
29 St & Skillman Ave,5,20,New York,Usa,14
Metropolitan Ave & Meeker Ave,10,15,New York,Usa,14
Manhattan Ave & Leonard St,13,4,New York,Usa,14
6 Ave & 60 St,4,16,New York,Usa,14
Crotona Park North & Prospect Ave,16,3,New York,Usa,14
11 Ave & W 27 St,12,29,New York,Usa,14
South St & Broad St,23,7,New York,Usa,14
Ridge Blvd & 89 St,7,0,New York,Usa,14
W 192 St & University Ave,5,14,New York,Usa,14
114 St & 39 Ave,18,10,New York,Usa,14
Buffalo Ave & St John's Pl,4,15,New York,Usa,14
Carroll St & Columbia St,26,8,New York,Usa,14
Pacific Ave & Communipaw Ave,4,12,New York,Usa,14
W 11 St & 6 Ave,4,73,New York,Usa,14
Mother Gaston Blvd & Lott Ave,3,9,New York,Usa,14
Dyckman St & 10 Ave,6,10,New York,Usa,14
Lexington Ave & E 128 St,23,0,New York,Usa,14
Maurice Ave & 53 Dr,11,3,New York,Usa,14
Steinway St & 19 Ave,14,7,New York,Usa,14
DeKalb Ave & Vanderbilt Ave,0,17,New York,Usa,14
16 St & 4 Ave,28,0,New York,Usa,14
Division Ave & Hooper St,43,15,New York,Usa,14
N 10 St & Berry St,0,46,New York,Usa,14
McDonald Ave & Vanderbilt St,21,0,New York,Usa,14
E 180 St & Prospect Ave,3,14,New York,Usa,14
Van Siclen Ave & Arlington Ave,1,13,New York,Usa,14
Frederick Douglass Blvd & W 112 St,36,0,New York,Usa,14
21 Ave & Crescent St,14,10,New York,Usa,14
110 St & 66 Rd,11,4,New York,Usa,14
Canal St & Rutgers St,38,5,New York,Usa,14
Shore Pkwy Greenway & Bay Ridge Ave,13,7,New York,Usa,14
University Pl & E 8 St,0,0,New York,Usa,14
Bainbridge Ave & E 196 St,1,15,New York,Usa,14
Cooper Ave & 65 Pl,7,11,New York,Usa,14
Wadsworth Ave & W 179 St,5,29,New York,Usa,14
Glenwood Ave,0,18,New York,Usa,14
50 St & 30 Ave,16,5,New York,Usa,14
34 St & 4 Ave,23,0,New York,Usa,14
74 St & Woodside Ave,8,8,New York,Usa,14
St Felix Ave & 61 St,4,12,New York,Usa,14
2 Ave & E 125 St,21,2,New York,Usa,14
Pier 40 - Hudson River Park,3,11,New York,Usa,14
60 Pl & Bleecker St,11,8,New York,Usa,14
47 Ave & Skillman Ave,5,12,New York,Usa,14
Columbus Ave & W 72 St,48,17,New York,Usa,14
E 138 St & Willow Ave,5,11,New York,Usa,14
Dean St & Franklin Ave,20,0,New York,Usa,14
E 149 St & Morris Ave,15,16,New York,Usa,14
58 St & 32 Ave,11,7,New York,Usa,14
