name,free_bikes,empty_slots,city,country,position
Chester Ave & 12 Ave,10,11,New York,Usa,11
W 56 St & 8 Ave,5,44,New York,Usa,11
S Portland Ave & Hanson Pl,20,4,New York,Usa,11
E 78 St & 2 Ave,6,19,New York,Usa,11
87 St & Roosevelt Ave,5,17,New York,Usa,11
E 157 St & River Ave,9,7,New York,Usa,11
E 17 St & Broadway,39,36,New York,Usa,11
Central Ave & Flushing Ave,18,2,New York,Usa,11
Colonial Rd & 71 St,14,0,New York,Usa,11
E 149 St & Eagle Ave,11,6,New York,Usa,11
E 165 St & Jerome Ave,13,7,New York,Usa,11
72 St & 31 Ave,7,14,New York,Usa,11
Amity St & Court St,14,18,New York,Usa,11
Irwin Ave & W 232 St,17,1,New York,Usa,11
Nassau Ave & Russell St,48,3,New York,Usa,11
1 St & 6 Ave,13,22,New York,Usa,11
Bulova Ave & Brooklyn Queens Expressway W,17,2,New York,Usa,11
45 St & 4 Ave,16,8,New York,Usa,11
Watts St & Greenwich St,14,39,New York,Usa,11
Broadway & E 14 St,24,85,New York,Usa,11
Harrison Pl & Porter Ave,20,0,New York,Usa,11
W 87 St & West End Ave,20,27,New York,Usa,11
108 St & 66 Rd,10,10,New York,Usa,11
3 Ave & E 109 St,24,0,New York,Usa,11
3 Ave & 92 St,14,1,New York,Usa,11
Myrtle Ave & St Edwards St,33,19,New York,Usa,11
E 9 St & Ave C,16,32,New York,Usa,11
Marcy Ave & Gates Ave,2,18,New York,Usa,11
Beverley Rd & Flatbush Ave,19,10,New York,Usa,11
E 149 St & Park Ave,22,2,New York,Usa,11
Sheridan Ave & E 168 St,7,15,New York,Usa,11
Dyckman St & Henshaw St,4,13,New York,Usa,11
Hudson St & Reade St,8,47,New York,Usa,11
E 106 St & 1 Ave,19,7,New York,Usa,11
E 1 St & Bowery,42,0,New York,Usa,11
Melrose Ave & E 150 St,24,6,New York,Usa,11
Botanical Sq & Webster Ave,19,12,New York,Usa,11
E 23 St & 1 Ave,12,13,New York,Usa,11
Buchanan Pl & Grand Ave,7,12,New York,Usa,11
Flatbush Ave & Ocean Ave,30,9,New York,Usa,11
Halsey St & Evergreen Ave,5,17,New York,Usa,11
Southern Blvd & E 174 St,15,10,New York,Usa,11
Park Pl & Church St,13,41,New York,Usa,11
Kent Ave & N 7 St,77,1,New York,Usa,11
E 188 St & Creston Ave,19,13,New York,Usa,11
37 St & Fort Hamilton Pkwy,3,9,New York,Usa,11
63 St & 59 Dr,14,9,New York,Usa,11
Decatur Ave & E 197 St,14,4,New York,Usa,11
E 94 St & Madison Ave,35,6,New York,Usa,11
55 Ave & 90 St,15,5,New York,Usa,11
Vernon Blvd & 41 Rd,15,10,New York,Usa,11
South St & Whitehall St,1,51,New York,Usa,11
21 St & Queens Plaza North,0,23,New York,Usa,11
Bronx Park S & Bryant Ave,13,4,New York,Usa,11
W 47 St & 6 Ave,62,2,New York,Usa,11
E 34 St & Linden Blvd,23,0,New York,Usa,11
Liberty St & Broadway,58,10,New York,Usa,11
Frost St & Debevoise Ave,22,0,New York,Usa,11
3 Ave & Schermerhorn St,23,9,New York,Usa,11
Franklin Ave & St Marks Ave,16,12,New York,Usa,11
W 170 St & University Ave,5,15,New York,Usa,11
Steuben Ave & E 210 St,4,14,New York,Usa,11
Menahan St & Wyckoff Ave,16,4,New York,Usa,11
E 114 St & 1 Ave,21,5,New York,Usa,11
Bergen St & 4 Ave,19,14,New York,Usa,11
Ave D & E 3 St,25,28,New York,Usa,11
Edgecombe Ave & W 167 St,3,18,New York,Usa,11
W 100 St & Broadway,26,9,New York,Usa,11
Caton Ave & E 10 St,26,3,New York,Usa,11
Morningside Ave & W 123 St,33,0,New York,Usa,11
65 Pl & Central Ave,19,1,New York,Usa,11
Gerard Ave & E 164 St,6,12,New York,Usa,11
Eastern Pkwy & Brooklyn Ave,7,12,New York,Usa,11
Riverview Park,4,13,New York,Usa,11
Harrison St & 4 St,12,10,New York,Usa,11
Jerome Ave & E Gun Hill Rd,6,12,New York,Usa,11
W 42 St & 6 Ave,39,14,New York,Usa,11
Riverside Dr & W 138 St,12,18,New York,Usa,11
39 St & Queens Blvd,14,7,New York,Usa,11
95 St & 35 Ave,9,13,New York,Usa,11
W 78 St & Broadway,7,30,New York,Usa,11
Coffey St & Conover St,14,18,New York,Usa,11
Warren St & Smith St,9,23,New York,Usa,11
E 91 St & Park Ave,31,3,New York,Usa,11
59 St & 4 Ave,23,10,New York,Usa,11
5 Ave & W 126 St,17,8,New York,Usa,11
W 15 St & 6 Ave,12,50,New York,Usa,11
Crotona Pkwy & Elsmere Pl,6,18,New York,Usa,11
Powers St & Olive St,12,6,New York,Usa,11
E 55 St & 2 Ave,5,23,New York,Usa,11
Morris Ave & E 142 St,2,19,New York,Usa,11
Case St & 94 St,6,14,New York,Usa,11
E 2 St & Ave B,45,36,New York,Usa,11
Fulton Ave & E 168 St,10,10,New York,Usa,11
W 92 St & Broadway,6,15,New York,Usa,11
36 St & 4 Ave,29,1,New York,Usa,11
Bloomfield St & 15 St,10,2,New York,Usa,11
Broadway & W 153 St,0,19,New York,Usa,11
Queens Blvd N & 78 Ave,9,14,New York,Usa,11
Washington Ave & Greene Ave,10,8,New York,Usa,11
E 17 St & 2 Ave,20,25,New York,Usa,11
Forley St & Lamont Ave,12,6,New York,Usa,11
Market St & Henry St,40,1,New York,Usa,11
Pacific St & Smith St,40,7,New York,Usa,11
Pacific St & Classon Ave,4,16,New York,Usa,11
Montague St & Hicks St,10,24,New York,Usa,11
Union St & Bergen Ave,0,12,New York,Usa,11
W 56 St & 10 Ave,20,20,New York,Usa,11
Grand Concourse & E 199 St,4,16,New York,Usa,11
Knickerbocker Ave & Halsey St,3,16,New York,Usa,11
New York Ave & Snyder Ave,20,1,New York,Usa,11
111 St & 49 Ave,26,4,New York,Usa,11
Home St & Westchester Ave,19,1,New York,Usa,11
Andrews Ave S & W 179 St,9,9,New York,Usa,11
Morton St & Greenwich St,39,14,New York,Usa,11
Lott St & Erasmus St,17,1,New York,Usa,11
Putnam Ave & Throop Ave,8,10,New York,Usa,11
5 Ave & 88 St,15,0,New York,Usa,11
21 St & Hoyt Ave S,24,9,New York,Usa,11
E 176 St & Clinton Ave,13,5,New York,Usa,11
39 Dr & 52 St,1,18,New York,Usa,11
Jay St & York St,20,16,New York,Usa,11
Greenpoint Ave & 47 St,12,13,New York,Usa,11
Clinton St & Centre St,19,2,New York,Usa,11
Bedford Ave & Fenimore St,14,5,New York,Usa,11
E 179 St & Southern Blvd,7,17,New York,Usa,11
E 134 St & Walnut Ave,2,14,New York,Usa,11
Freeman St & Reverend James A Polite Ave,0,19,New York,Usa,11
Carroll St & Washington Ave,12,9,New York,Usa,11
W 45 St & 8 Ave,31,33,New York,Usa,11
Bergen St & Saratoga Ave,3,15,New York,Usa,11
Cleveland Pl & Spring St,27,3,New York,Usa,11
E 180 St & Monterey Ave,3,15,New York,Usa,11
Sumpter St & Fulton St,10,8,New York,Usa,11
79 St & Woodside Ave,0,17,New York,Usa,11
E 15 St & 3 Ave,30,46,New York,Usa,11
Woodside Ave & 55 St,4,15,New York,Usa,11
Nostrand Ave & Flushing Ave,9,15,New York,Usa,11
Yellowstone Blvd & 65 Ave,11,2,New York,Usa,11
20 Ave & 31 St,8,13,New York,Usa,11
Franklin St & Dupont St,17,7,New York,Usa,11
Myrtle Ave & Lewis Ave,15,2,New York,Usa,11
1 Ave & E 94 St,35,2,New York,Usa,11
Queens Blvd S & 71 Ave,21,4,New York,Usa,11
E 135 St & St Ann's Ave,14,8,New York,Usa,11
E 35 St & Madison Ave,30,16,New York,Usa,11
49 St & 25 Ave,25,0,New York,Usa,11
Strong St & University Ave,0,19,New York,Usa,11
Carlton Ave & Park Ave,17,5,New York,Usa,11
110 St & 68 Ave,4,8,New York,Usa,11
Clinton St & Tillary St,21,10,New York,Usa,11
Sheridan Ave & E 172 St,1,21,New York,Usa,11
19 St & 24 Ave,17,4,New York,Usa,11
Winthrop St & Schenectady Ave,19,2,New York,Usa,11
Forsyth St & Canal St,20,6,New York,Usa,11
6 Ave & 21 St,14,12,New York,Usa,11
100 St & 37 Ave,3,16,New York,Usa,11
Beaver St & Fayette St,29,1,New York,Usa,11
Malcolm X Blvd & DeKalb Ave,7,13,New York,Usa,11
Walton Ave & E 183 St,1,28,New York,Usa,11
Somers St & Rockaway Ave,0,20,New York,Usa,11
Carroll St & 5 Ave,17,6,New York,Usa,11
Astor Place,1,10,New York,Usa,11
12 St & Sinatra Dr N,12,14,New York,Usa,11
Cedar St & Myrtle Ave,27,0,New York,Usa,11
E 45 St & 3 Ave,5,26,New York,Usa,11
Morris Ave & McClellan St,7,14,New York,Usa,11
E 161 St & River Ave,7,27,New York,Usa,11
Park Ave & Marcy Ave,18,3,New York,Usa,11
81 St & 35 Ave,2,23,New York,Usa,11
3 Ave & E 189 St,18,10,New York,Usa,11
27 Ave & 3 St,14,3,New York,Usa,11
Decatur Ave & Bedford Park Blvd,17,3,New York,Usa,11
Riverside Dr & W 82 St,61,6,New York,Usa,11
Fulton St & Adams St,31,13,New York,Usa,11
32 Ave & 81 St,3,15,New York,Usa,11
Driggs Ave & S 2 St,25,3,New York,Usa,11
Jerome Ave & W 193 St,16,2,New York,Usa,11
W 74 St & Columbus Ave,9,18,New York,Usa,11
Central Ave & Himrod St,11,14,New York,Usa,11
W 17 St & 8 Ave,7,50,New York,Usa,11
Paul Ave & W 205 St,16,2,New York,Usa,11
Ditmars Blvd & 79 St,18,6,New York,Usa,11
3 Ave & E 174 St,24,9,New York,Usa,11
Broadway & 49 St,24,1,New York,Usa,11
Calyer St & Jewel St,34,3,New York,Usa,11
Cypress Hills St & Otto Rd,14,4,New York,Usa,11
61 St & 39 Ave,11,19,New York,Usa,11
E 179 St & Daly Ave,10,8,New York,Usa,11
Concourse Village West & E 156 St,7,14,New York,Usa,11
Grand St,7,9,New York,Usa,11
Perry St & Bleecker St,18,17,New York,Usa,11
Broadway & Battery Pl,22,29,New York,Usa,11
Waldron St & 108 St,15,4,New York,Usa,11
Prospect Pl & Underhill Ave,14,8,New York,Usa,11
Broadway & Moylan Pl,38,4,New York,Usa,11
Queens Blvd & 56 St,4,15,New York,Usa,11
Newark St & Washington St,21,0,New York,Usa,11
1 Ave & E 42 St,49,12,New York,Usa,11
Buffalo Ave & E New York Ave,18,3,New York,Usa,11
E 182 St & Grand Concourse,8,17,New York,Usa,11
Prospect Ave & E 151 St,19,2,New York,Usa,11
34 Ave & 74 St,14,10,New York,Usa,11
E 2 St & Ave C,61,19,New York,Usa,11
66 Rd & 102 St,5,13,New York,Usa,11
Sands St & Jay St,23,23,New York,Usa,11
Fulton Ave & E 172 St,12,7,New York,Usa,11
Shore Rd & 86 St,12,0,New York,Usa,11
Christ Hospital,12,9,New York,Usa,11
112 St & Northern Blvd,9,3,New York,Usa,11
59 St & 5 Ave,12,16,New York,Usa,11
University Ave & Macombs Rd,5,18,New York,Usa,11
W 76 St & Columbus Ave,10,40,New York,Usa,11
Devoe St & Lorimer St,16,4,New York,Usa,11
Lewis Ave & Fulton St,8,5,New York,Usa,11
E 43 St & 2 Ave,0,45,New York,Usa,11
Cortelyou Rd & E 34 St,19,0,New York,Usa,11
46 St & Queens Blvd,23,9,New York,Usa,11
Picnic Point,26,18,New York,Usa,11
26 Ave & 2 St,19,3,New York,Usa,11
Goulden Ave & W 205 St,13,3,New York,Usa,11
53 Ave & 94 St,16,4,New York,Usa,11
Tilden Ave & Nostrand Ave,9,0,New York,Usa,11
62 St & 43 Ave,4,16,New York,Usa,11
E 7 St & Ave B,31,35,New York,Usa,11
Yellowstone Blvd & 68 Ave,6,10,New York,Usa,11
99 St & 35 Ave,1,19,New York,Usa,11
2 Ave & E 29 St,32,18,New York,Usa,11
E 6 St & 2 Ave,41,28,New York,Usa,11
21 St & 21 Ave,16,5,New York,Usa,11
Schermerhorn St & Court St,25,30,New York,Usa,11
Austin St & 66 Ave,4,8,New York,Usa,11
W 89 St & Columbus Ave,17,24,New York,Usa,11
44 Dr & 21 St,36,2,New York,Usa,11
Little West St & 1 Pl,25,7,New York,Usa,11
E 66 St & Madison Ave,8,25,New York,Usa,11
108 St & 39 Ave,15,5,New York,Usa,11
35 St & Broadway,11,7,New York,Usa,11
44 Dr & Jackson Ave,27,1,New York,Usa,11
Front St & Jay St,14,7,New York,Usa,11
E 10 St & 5 Ave,25,18,New York,Usa,11
51 Ave & Junction Blvd,13,5,New York,Usa,11
Halsey St & Broadway,4,15,New York,Usa,11
Berkeley Pl & 6 Ave,39,2,New York,Usa,11
Linden Blvd & Nostrand Ave,21,1,New York,Usa,11
Broadway & Roebling St,27,0,New York,Usa,11
92 St & Astoria Blvd,10,7,New York,Usa,11
Charlotte St & Boston Rd,13,5,New York,Usa,11
W 18 St & 9 Ave,7,31,New York,Usa,11
Brook Ave & E 138 St,22,1,New York,Usa,11
Grand Concourse & E 171 St,21,3,New York,Usa,11
Ralph Ave & Fulton St,17,8,New York,Usa,11
Broadway & W 157 St,9,19,New York,Usa,11
Leonard St & Church St,38,8,New York,Usa,11
56 St & 2 Ave,17,16,New York,Usa,11
Bedford Ave & Bergen St,0,23,New York,Usa,11
Bus Slip & State St,24,43,New York,Usa,11
Greene Ave & Grandview Ave,3,14,New York,Usa,11
Park Pl & Carlton Ave,9,16,New York,Usa,11
JC Medical Center,4,14,New York,Usa,11
Austin St & 70 Rd,18,5,New York,Usa,11
Church Ave & E 45 St,24,0,New York,Usa,11
Fulton St & William St,24,18,New York,Usa,11
E 81 St & York Ave,17,30,New York,Usa,11
69 St & 43 Ave,4,15,New York,Usa,11
W 25 St & 8 Ave,6,23,New York,Usa,11
Park Circle & East Dr,27,2,New York,Usa,11
50 St & 7 Ave,13,7,New York,Usa,11
Degraw St & Hoyt St,17,8,New York,Usa,11
E Fordham Rd & Webster Ave,12,21,New York,Usa,11
Ave D & E 10 St,10,19,New York,Usa,11
36 St & Queens Blvd,3,21,New York,Usa,11
Flatbush Ave & Lincoln Rd,15,6,New York,Usa,11
E 174 St & Longfellow Ave,15,4,New York,Usa,11
Wilson Ave & Moffat St,27,3,New York,Usa,11
Jackson Ave & 50 Ave,29,3,New York,Usa,11
E 156 St & Brook Ave,8,8,New York,Usa,11
Bruckner Blvd & Faile St,16,7,New York,Usa,11
Pleasant Ave & E 120 St,15,4,New York,Usa,11
Onderdonk Ave & Gates Ave,2,17,New York,Usa,11
Prospect Pl & 6 Ave,16,9,New York,Usa,11
University Ave & Brandt Pl,8,13,New York,Usa,11
Lincoln Ave & E 138 St,8,18,New York,Usa,11
Edgecombe Ave & W 141 St,13,8,New York,Usa,11
8 Ave & W 27 St,3,28,New York,Usa,11
W 20 St & 5 Ave,44,13,New York,Usa,11
Lenox Ave & W 146 St,13,8,New York,Usa,11
Prospect Park SW & 10 Ave,3,27,New York,Usa,11
Boone Ave & E 172 St,11,8,New York,Usa,11
Ave D & E 12 St,13,26,New York,Usa,11
81 St & 34 Ave,15,8,New York,Usa,11
Marshall St & 2 St,7,11,New York,Usa,11
West End Ave & W 60 St,9,29,New York,Usa,11
46 St & 30 Rd,19,2,New York,Usa,11
Bayard St & Leonard St,33,8,New York,Usa,11
31 Ave & 30 St,5,15,New York,Usa,11
49 Ave & 27 St,7,16,New York,Usa,11
14 St Ferry - 14 St & Shipyard Ln,14,17,New York,Usa,11
43 St & 35 Ave,18,6,New York,Usa,11
Richards St & Delavan St,16,3,New York,Usa,11
Park Pl & Buffalo Ave,6,12,New York,Usa,11
E 61 St & Madison Ave,22,15,New York,Usa,11
E 89 St & 3 Ave,30,6,New York,Usa,11
Grand Concourse & E 181 St,8,11,New York,Usa,11
56 Dr & 61 St,8,10,New York,Usa,11
Lexington Ave & E 29 St,17,30,New York,Usa,11
Ogden Ave & W 165 St,7,11,New York,Usa,11
Willoughby Ave & Hall St,10,37,New York,Usa,11
Yankee Ferry Terminal,8,22,New York,Usa,11
Sedgwick Ave & W Burnside Ave,1,16,New York,Usa,11
Maple St & Flatbush Ave,17,4,New York,Usa,11
5 St & Market St,32,5,New York,Usa,11
Southern Blvd & E 180 St,4,15,New York,Usa,11
65 Ln & Metropolitan Ave,20,3,New York,Usa,11
Van Sinderen Ave & Atlantic Ave,6,13,New York,Usa,11
Broadway & W 160 St,7,14,New York,Usa,11
W 55 St & 6 Ave,9,30,New York,Usa,11
Popham Ave & W 174 St,3,15,New York,Usa,11
Church Ave & Nostrand Ave,26,1,New York,Usa,11
Broadway & W 61 St,28,19,New York,Usa,11
Henry St & Atlantic Ave,18,5,New York,Usa,11
Grand Central Pkwy & 62 Dr,7,7,New York,Usa,11
38 St & Northern Blvd,10,13,New York,Usa,11
21 St & 31 Dr,15,6,New York,Usa,11
Washington St,6,9,New York,Usa,11
57 St & 1 Ave,15,11,New York,Usa,11
Amsterdam Ave & W 136 St,3,18,New York,Usa,11
Columbia St & Kane St,16,3,New York,Usa,11
Clay Ave & E 173 St,15,1,New York,Usa,11
Scholes St & Manhattan Ave,33,2,New York,Usa,11
Alexander Ave & E 134 St,4,11,New York,Usa,11
E 58 St & 1 Ave (NE Corner),8,14,New York,Usa,11
55 Dr & Maurice Ave,7,11,New York,Usa,11
6 Ave & Walker St,26,12,New York,Usa,11
Flushing Ave & Clermont Ave,19,4,New York,Usa,11
Bushwick Ave & Stagg St,13,6,New York,Usa,11
Longwood Ave & Southern Blvd,2,20,New York,Usa,11
Brunswick & 6th,11,3,New York,Usa,11
E 138 St & Cypress Ave,6,17,New York,Usa,11
36 St & Hunters Point Ave,15,6,New York,Usa,11
E 142 St & 3 Ave,4,15,New York,Usa,11
E 20 St & 2 Ave,29,46,New York,Usa,11
Waldo Ave & Manhattan College Pkwy,18,2,New York,Usa,11
Grand St & Samuel Dickstein Plaza,8,72,New York,Usa,11
43 Ave & 40 St,12,9,New York,Usa,11
1 Ave & E 18 St,13,39,New York,Usa,11
Smith St & 9 St,2,19,New York,Usa,11
Frederick Douglass Blvd & W 117 St,32,4,New York,Usa,11
18 St & 27 Ave,12,10,New York,Usa,11
Amsterdam Ave & W 183 St,0,19,New York,Usa,11
St Marks Ave & Ralph Ave,9,9,New York,Usa,11
St Nicholas Ave & W 155 St,1,22,New York,Usa,11
97 St & 23 Ave,0,17,New York,Usa,11
77 St & Colonial Rd,10,2,New York,Usa,11
St Mary's St & Jackson Ave,7,8,New York,Usa,11
Wards Meadow Comfort Station,2,15,New York,Usa,11
Eastern Pkwy & St Marks Ave,21,1,New York,Usa,11
Amsterdam Ave & W 180 St,15,8,New York,Usa,11
Shore Rd & 4 Ave,7,4,New York,Usa,11
Old Fulton St,15,23,New York,Usa,11
111 St & 37 Ave,20,2,New York,Usa,11
Flushing Ave & Woodward Ave,21,0,New York,Usa,11
E 56 St & 3 Ave,16,61,New York,Usa,11
Central Ave & Starr St,17,5,New York,Usa,11
Columbus Park - Clinton St & 9 St,19,4,New York,Usa,11
24 Ave & 87 St,0,0,New York,Usa,11
Seneca Ave & Decatur St,8,12,New York,Usa,11
Eastern Pkwy & Washington Ave,25,4,New York,Usa,11
Pulaski St & Throop Ave,7,10,New York,Usa,11
McGuinness Blvd & Eagle St,28,13,New York,Usa,11
Walton Ave & E 176 St,2,19,New York,Usa,11
Walton Ave & E 153 St,18,1,New York,Usa,11
37 Ave & 106 St,9,8,New York,Usa,11
59 St & 59 Rd,2,18,New York,Usa,11
24 Ave & 92 St,17,3,New York,Usa,11
E 15 St & 5 Ave,16,54,New York,Usa,11
3 Ave & E 72 St,30,3,New York,Usa,11
E 23 St & FDR Dr,23,20,New York,Usa,11
Norman St & Wyckoff Ave,9,6,New York,Usa,11
Schenectady Ave & Prospect Pl,9,10,New York,Usa,11
Colonial Rd & 68 St,16,3,New York,Usa,11
Pacific St & Utica Ave,4,16,New York,Usa,11
7 Ave & 62 St,22,7,New York,Usa,11
Washington Ave & Park Ave,52,2,New York,Usa,11
Grand Concourse & E 175 St,16,7,New York,Usa,11
Bailey Ave & W 229 St,12,8,New York,Usa,11
Dwight St & Van Dyke St,12,11,New York,Usa,11
University Pl & E 14 St,53,3,New York,Usa,11
Post Rd & W 251 St,2,8,New York,Usa,11
Rogers Ave & Snyder Ave,22,0,New York,Usa,11
78 St & Ridge Blvd,9,1,New York,Usa,11
Sherman Ave & E 166 St,0,18,New York,Usa,11
Park Ave & St Edwards St,49,1,New York,Usa,11
Wakeman Pl & Ridge Blvd,12,4,New York,Usa,11
St Ann's Ave & Bruckner Blvd,13,2,New York,Usa,11
Herkimer St & New York Ave,4,21,New York,Usa,11
46 Ave & Junction Blvd,8,9,New York,Usa,11
Riverside Blvd & W 67 St,11,65,New York,Usa,11
Broadway & W 53 St,14,67,New York,Usa,11
Gleane St & Britton Ave,0,19,New York,Usa,11
Dock 72 Way & Market St,14,0,New York,Usa,11
West St & Liberty St,38,7,New York,Usa,11
E 85 St & York Ave,14,29,New York,Usa,11
Riverdale Ave & W 261 St,2,10,New York,Usa,11
Varick St & Watts St,32,17,New York,Usa,11
38 Ave & 29 St,8,10,New York,Usa,11
Queens Blvd S & 65 Rd,13,5,New York,Usa,11
Morris Ave & E 163 St,4,15,New York,Usa,11
Featherbed Ln & Jerome Ave,0,5,New York,Usa,11
Howard St & Lafayette St,25,11,New York,Usa,11
Mets Plaza at Citi Field,30,3,New York,Usa,11
36 St & Ditmars Blvd,24,0,New York,Usa,11
Jerome Ave & Anderson Ave,4,15,New York,Usa,11
W 53 St & 10 Ave,17,10,New York,Usa,11
E 182 St & Morris Ave,5,13,New York,Usa,11
65 Pl & Woodside Ave,4,15,New York,Usa,11
Crescent St & 34 Ave,7,15,New York,Usa,11
E Gun Hill Rd & Tryon Ave,18,1,New York,Usa,11
E 74 St & 1 Ave,45,32,New York,Usa,11
Centre St & Seneca Ave,17,6,New York,Usa,11
Somers St & Broadway,28,0,New York,Usa,11
Central Park W & W 85 St,13,18,New York,Usa,11
Central Ave & Melrose St,10,7,New York,Usa,11
E 77 St & 3 Ave,13,30,New York,Usa,11
Stuyvesant Ave & Gates Ave,1,19,New York,Usa,11
Steinway St & 28 Ave,19,5,New York,Usa,11
Cortelyou Rd & E 8 St,14,1,New York,Usa,11
South St & Gouverneur Ln,5,36,New York,Usa,11
Rogers Ave & Sterling St,7,10,New York,Usa,11
E 118 St & Madison Ave,24,5,New York,Usa,11
E 88 St & Park Ave,36,0,New York,Usa,11
Eagle St & Manhattan Ave,13,19,New York,Usa,11
E 38 St & Church Ave,22,1,New York,Usa,11
31 Ave & 84 St,10,10,New York,Usa,11
Pinehurst Ave & W 187 St,15,4,New York,Usa,11
King St & Varick St,34,0,New York,Usa,11
W 13 St & 7 Ave,4,39,New York,Usa,11
Bergen St & Kingston Ave,7,14,New York,Usa,11
Gillmore St & 27 Ave,15,1,New York,Usa,11
40 Ave & Crescent St,5,14,New York,Usa,11
Wilson Ave & Troutman St,19,5,New York,Usa,11
Wyckoff Ave & Jefferson St,26,1,New York,Usa,11
8 Ave & W 52 St,0,31,New York,Usa,11
W 18 St & 6 Ave,46,20,New York,Usa,11
35 St & 34 Ave,13,11,New York,Usa,11
Rivington St & Chrystie St,61,2,New York,Usa,11
Southern Blvd & Ave St John,13,5,New York,Usa,11
Woodside Ave & 60 St,6,14,New York,Usa,11
50 Ave & 65 St,18,0,New York,Usa,11
E 40 St & Park Ave,16,102,New York,Usa,11
Grand Ave & W Fordham Rd,9,11,New York,Usa,11
Broadway & Ellwood St,13,4,New York,Usa,11
Clifton Pl & Bedford Ave,19,3,New York,Usa,11
64 St & 3 Ave,8,27,New York,Usa,11
Adam Clayton Powell Blvd & W 115 St,16,5,New York,Usa,11
Hoe Ave & Jennings St,0,19,New York,Usa,11
61 St & 60 Ln,10,7,New York,Usa,11
Clinton St & Grand St,33,17,New York,Usa,11
Brooklyn Ave & Beverley Rd,20,1,New York,Usa,11
4 Ave & Shore Road Dr,5,15,New York,Usa,11
Forest Ave & Summerfield St,4,18,New York,Usa,11
Windsor Pl & Howard Pl,3,19,New York,Usa,11
92 St & 37 Ave,3,15,New York,Usa,11
98 St & 64 Rd,9,9,New York,Usa,11
Jackson Ave & 46 Rd,22,1,New York,Usa,11
Hancock St & Malcolm X Blvd,15,2,New York,Usa,11
York St & Marin Blvd,7,8,New York,Usa,11
Marcy Ave & Lynch St,18,4,New York,Usa,11
Margaret Corbin Plz & Ft Washington Ave,10,14,New York,Usa,11
City Hall,2,3,New York,Usa,11
Clarkson Ave & Troy Ave,16,5,New York,Usa,11
Hart St & Wyckoff Ave,24,0,New York,Usa,11
Franklin Ave & Quincy St,8,15,New York,Usa,11
99 St & 65 Rd,10,4,New York,Usa,11
Wales Ave & E 147 St,3,13,New York,Usa,11
Lefferts Pl & Franklin Ave,9,16,New York,Usa,11
Southern Blvd & E 172 St,6,13,New York,Usa,11
Kingston Ave & E New York Ave,15,5,New York,Usa,11
E 24 St & Park Ave S,47,27,New York,Usa,11
Gold St & Frankfort St,12,26,New York,Usa,11
Orchard St & Grand St,32,7,New York,Usa,11
Butler St & Court St,20,15,New York,Usa,11
Newtown Ave & 23 St,9,6,New York,Usa,11
Park Ave & Marcus Garvey Blvd,8,15,New York,Usa,11
23 Ave & 83 St,6,10,New York,Usa,11
W 22 St & 10 Ave,7,68,New York,Usa,11
E 184 St & 3 Ave,12,7,New York,Usa,11
Warren St & W Broadway,40,29,New York,Usa,11
Central Park W & W 72 St,36,10,New York,Usa,11
Grand Concourse & E 203 St,1,15,New York,Usa,11
49 St & 31 Ave,10,9,New York,Usa,11
N 9 St & Wythe Ave,38,8,New York,Usa,11
Church St & Worth St,37,5,New York,Usa,11
Columbus Ave & W 95 St,16,21,New York,Usa,11
Lexington Ave & Stuyvesant Ave,3,17,New York,Usa,11
E 16 St & 5 Ave,61,3,New York,Usa,11
Mallory Ave & Roosevelt Ave,7,7,New York,Usa,11
Hull Ave & E Gun Hill Rd,13,3,New York,Usa,11
Colonial Rd & 83 St,13,3,New York,Usa,11
Baldwin at Montgomery,6,6,New York,Usa,11
35 Ave & 37 St,19,11,New York,Usa,11
E 20 St & FDR Dr,14,61,New York,Usa,11
Loring Pl North & W 183 St,1,19,New York,Usa,11
8 Ave & W 38 St,12,49,New York,Usa,11
Dawson St & Intervale Ave,14,5,New York,Usa,11
Queens Blvd S & Yellowstone Blvd,24,0,New York,Usa,11
President St & 4 Ave,27,2,New York,Usa,11
Ave C & E 16 St,2,44,New York,Usa,11
Thomas S. Boyland St & Marion St,15,4,New York,Usa,11
10 St & 5 Ave,9,15,New York,Usa,11
Kent St & McGuinness Blvd,15,4,New York,Usa,11
St Johns Pl & Howard Ave,9,11,New York,Usa,11
Mount Eden Pkwy & Eastburn Ave,3,15,New York,Usa,11
Ocean Ave & New St,10,1,New York,Usa,11
31 Ave & Crescent St,6,13,New York,Usa,11
W 20 St & 10 Ave,11,34,New York,Usa,11
E 11 St & 3 Ave,48,30,New York,Usa,11
Ave D & E 8 St,15,13,New York,Usa,11
Frederick Douglass Blvd & W 129 St,25,0,New York,Usa,11
Brooklyn Ave & Lefferts Ave,16,4,New York,Usa,11
Clarkson Ave & Nostrand Ave,22,1,New York,Usa,11
Academy St & Nagle Ave,16,2,New York,Usa,11
Henry St & Degraw St,6,17,New York,Usa,11
Schenectady Ave & Cortelyou Rd,21,1,New York,Usa,11
6 Ave & W 45 St,62,0,New York,Usa,11
112 St & 67 Rd,11,7,New York,Usa,11
20 Ave & 38 St,28,0,New York,Usa,11
W 204 St & Vermilyea Ave,17,0,New York,Usa,11
Marcy Ave & Rutledge St,15,4,New York,Usa,11
Stratford Rd & Beverley Rd,19,0,New York,Usa,11
Broadway & Kosciuszko St,16,13,New York,Usa,11
Arlington Ave & Bramhall Ave,16,0,New York,Usa,11
62 Dr & 97 Pl,18,0,New York,Usa,11
W 34 St & 11 Ave,50,28,New York,Usa,11
57 St & Grand Ave,10,9,New York,Usa,11
Grand Concourse & E 167 St,5,23,New York,Usa,11
E 16 St & Irving Pl,36,42,New York,Usa,11
Marcy Ave & Hart St,14,6,New York,Usa,11
McKibbin St & Manhattan Ave,8,10,New York,Usa,11
George St & Wilson Ave,15,2,New York,Usa,11
W 107 St & Columbus Ave,17,4,New York,Usa,11
W 52 St & 5 Ave,36,19,New York,Usa,11
Madison Ave & E 82 St,18,13,New York,Usa,11
Seneca Ave & Irvine St,13,3,New York,Usa,11
W 230 St & Marble Hill Ave,20,0,New York,Usa,11
Peck Slip & South St,28,15,New York,Usa,11
Pier 61 at Chelsea Piers,24,15,New York,Usa,11
River Ave & McClellan St,12,6,New York,Usa,11
Woodlawn Ave & Sterling Ave,8,7,New York,Usa,11
William St & Pine St,12,44,New York,Usa,11
3 Ave & Wakeman Pl,19,6,New York,Usa,11
Manhattan Ave & Devoe St,23,1,New York,Usa,11
Grand Concourse & E 166 St,1,22,New York,Usa,11
48 Ave & 5 St,70,8,New York,Usa,11
Webster Ave & E 166 St,12,6,New York,Usa,11
96 St & Northern Blvd,8,11,New York,Usa,11
W 106 St & Amsterdam Ave,22,11,New York,Usa,11
Newport PATH,7,10,New York,Usa,11
E Mosholu Pkwy & E 204 St,2,16,New York,Usa,11
E 16 St & Cortelyou Rd,24,1,New York,Usa,11
39 Ave & 56 St,3,15,New York,Usa,11
37 St & 24 Ave,13,5,New York,Usa,11
E 47 St & 1 Ave,12,56,New York,Usa,11
Sullivan St & Washington Sq,47,7,New York,Usa,11
57 St & 4 Ave,17,4,New York,Usa,11
Bialystoker Pl & Delancey St,9,24,New York,Usa,11
Henry St & Grand St,12,21,New York,Usa,11
Pioneer St & Van Brunt St,19,19,New York,Usa,11
Murray St & Greenwich St,34,14,New York,Usa,11
E 60 St & York Ave,31,2,New York,Usa,11
Dahill Rd & 12 Ave,19,1,New York,Usa,11
Waterbury St & Stagg St,20,2,New York,Usa,11
62 Ave & Queens Blvd,18,1,New York,Usa,11
E 58 St & Madison Ave,48,17,New York,Usa,11
24 St & 5 Ave,7,10,New York,Usa,11
Broadway & W 29 St,23,75,New York,Usa,11
E 171 St & Webster Ave,12,7,New York,Usa,11
E 48 St & 5 Ave,21,37,New York,Usa,11
Fulton St & Irving Pl,5,26,New York,Usa,11
W 163 St & Edgecombe Ave,5,13,New York,Usa,11
3 St & Hoyt St,44,9,New York,Usa,11
39 Ave & 54 St,8,11,New York,Usa,11
Kosciuszko St & Tompkins Ave,16,1,New York,Usa,11
60 Pl & Linden St,2,17,New York,Usa,11
Grand Ave & 55 St,10,9,New York,Usa,11
E 7 St & Ave C,5,31,New York,Usa,11
Fort Washington Ave & W 183 St,20,10,New York,Usa,11
Wyckoff Ave & Stanhope St,19,1,New York,Usa,11
E 89 St & York Ave,27,4,New York,Usa,11
Clinton St & Cherry St,21,24,New York,Usa,11
E 53 St & Madison Ave,32,19,New York,Usa,11
48 Ave & 41 St,7,14,New York,Usa,11
Spring St & Hudson St,31,31,New York,Usa,11
3 Ave & Carroll St,18,6,New York,Usa,11
David Sheridan Plaza & Broadway,2,12,New York,Usa,11
Broadway & E 21 St,46,1,New York,Usa,11
W 56 St & 6 Ave,44,9,New York,Usa,11
Crotona Ave & Crotona Park N,3,16,New York,Usa,11
Broadway & W 251 St,11,4,New York,Usa,11
6 Ave & 55 St,9,9,New York,Usa,11
4 Ave & 81 St,13,4,New York,Usa,11
River Ter & Warren St,7,59,New York,Usa,11
Forsyth St & Grand St,49,13,New York,Usa,11
W 218 St & Indian Rd,13,6,New York,Usa,11
Bedford Ave & S 9 St,18,5,New York,Usa,11
78 St & Northern Blvd,27,13,New York,Usa,11
Prospect Pl & Nostrand Ave,1,20,New York,Usa,11
51 Ave & Van Loon St,17,4,New York,Usa,11
Westchester Ave & Jackson Ave,9,16,New York,Usa,11
4 Ave & 76 St,11,10,New York,Usa,11
E 82 St & East End Ave,13,13,New York,Usa,11
E 141 St & St Ann's Ave,9,10,New York,Usa,11
Broadway & 51 St,19,8,New York,Usa,11
Chauncey St & Malcolm X Blvd,13,9,New York,Usa,11
68 St & 4 Ave,9,7,New York,Usa,11
E 169 St & Fox St,3,15,New York,Usa,11
Knickerbocker Ave & Hancock St,3,19,New York,Usa,11
Rogers Ave & Lenox Rd,18,2,New York,Usa,11
W 35 St & 9 Ave,11,19,New York,Usa,11
Davidson Ave & W Burnside Ave,19,11,New York,Usa,11
Marcy Ave & Lafayette Ave,8,14,New York,Usa,11
Wyckoff Ave & Cooper Ave,3,16,New York,Usa,11
Woodhaven Blvd & Hoffman Dr,27,2,New York,Usa,11
11 St & Washington St,16,4,New York,Usa,11
W 13 St & 5 Ave,16,27,New York,Usa,11
E 21 St & Church Ave,19,3,New York,Usa,11
Columbus Pl & Atlantic Ave,0,19,New York,Usa,11
Warren St & Roosevelt Ave,8,14,New York,Usa,11
Madison St & Malcolm X Blvd,14,11,New York,Usa,11
W 100 St & Manhattan Ave,25,14,New York,Usa,11
W 46 St & 11 Ave,14,10,New York,Usa,11
Fairmount Pl & Prospect Ave,9,8,New York,Usa,11
E 205 St & Webster Ave,11,3,New York,Usa,11
20 Ave & 42 St,20,0,New York,Usa,11
Schenectady Ave & Maple St,16,1,New York,Usa,11
Fresh Pond Rd & Flushing Ave,15,4,New York,Usa,11
32 Ave & 84 St,2,17,New York,Usa,11
60 Ave & Junction Blvd,20,4,New York,Usa,11
7 St & Monroe St,10,12,New York,Usa,11
Lenox Ave & W 126 St,48,3,New York,Usa,11
Macombs Rd & W 175 St,10,8,New York,Usa,11
Bergen St & Buffalo Ave,12,9,New York,Usa,11
Ocean Pkwy & Ave C,14,1,New York,Usa,11
3 Ave & E 172 St,5,13,New York,Usa,11
Greene Ave & Myrtle Ave,28,2,New York,Usa,11
64 St & 53 Dr,19,0,New York,Usa,11
Sharon St & Olive St,5,17,New York,Usa,11
Cedar St & Evergreen Ave,9,16,New York,Usa,11
Bainbridge Ave & Bedford Park Blvd,6,12,New York,Usa,11
Kent Ave & N 3 St,40,11,New York,Usa,11
33 St & 47 Ave,9,14,New York,Usa,11
Southwest Park - Jackson St & Observer Hwy,6,12,New York,Usa,11
Henry St & Remsen St,8,14,New York,Usa,11
Bedford Ave & Beverley Rd,24,0,New York,Usa,11
E 170 St & Sheridan Ave,4,26,New York,Usa,11
Degraw St & Smith St,19,7,New York,Usa,11
Front St & Washington St,21,35,New York,Usa,11
37 Ave & 113 St,28,1,New York,Usa,11
Ocean Ave & Crooke Ave,25,0,New York,Usa,11
Court St & Huntington St,15,16,New York,Usa,11
W 116 St & Broadway,35,2,New York,Usa,11
W Tremont Ave & Matthewson Rd,12,7,New York,Usa,11
E 128 St & Madison Ave,19,2,New York,Usa,11
Valentine Ave & E 181 St,16,4,New York,Usa,11
Macon St & Nostrand Ave,8,14,New York,Usa,11
5 Ave & E 135 St,17,1,New York,Usa,11
4 Ave & 94 St,18,2,New York,Usa,11
Butler St & 27 Ave,12,3,New York,Usa,11
Macombs Rd & Featherbed Ln,4,12,New York,Usa,11
30 Ave & 41 St,15,7,New York,Usa,11
Tompkins Ave & Hopkins St,16,3,New York,Usa,11
Menahan St & Onderdonk Ave,5,14,New York,Usa,11
Sterling St & Nostrand Ave,15,8,New York,Usa,11
7 Ave & 17 St,21,0,New York,Usa,11
W 50 St & 9 Ave,9,18,New York,Usa,11
E Houston St & Columbia St,42,9,New York,Usa,11
Fulton St & Utica Ave,18,1,New York,Usa,11
Grand St & Elizabeth St,17,26,New York,Usa,11
New York Ave & St Marks Ave,3,20,New York,Usa,11
Vernon Blvd & 50 Ave,39,4,New York,Usa,11
Bradley Ave & Greenpoint Ave,20,1,New York,Usa,11
E 25 St & 2 Ave,32,44,New York,Usa,11
W 36 St & 9 Ave,7,34,New York,Usa,11
36 Ave & 10 St,5,12,New York,Usa,11
Knolls Crescent & Kappock St,9,5,New York,Usa,11
E 49 St & Church Ave,23,0,New York,Usa,11
Graham Ave & Conselyea St,26,1,New York,Usa,11
Lispenard St & Broadway,44,32,New York,Usa,11
Paul Ave & Mosholu Pkwy,5,12,New York,Usa,11
Center Blvd & 48 Ave,26,0,New York,Usa,11
Gerard Ave & McClellan St,4,25,New York,Usa,11
Metropolitan Ave & Flushing Ave,3,14,New York,Usa,11
Lenox Ave & W 140 St,11,10,New York,Usa,11
W 147 St & Adam Clayton Powell Blvd,8,15,New York,Usa,11
E 33 St & 1 Ave,46,34,New York,Usa,11
Marble Hill Ave & W 225 St,19,0,New York,Usa,11
Madison St & Cypress Ave,7,9,New York,Usa,11
Church Ave & McDonald Ave,25,2,New York,Usa,11
23 St & 3 Ave,15,8,New York,Usa,11
E 33 St & Park Ave,2,67,New York,Usa,11
St Nicholas Terrace & Convent Ave,4,20,New York,Usa,11
Eastern Pkwy & Troy Ave,6,16,New York,Usa,11
Queens Plaza North & Crescent St,20,22,New York,Usa,11
Lenox Rd & E 43 St,18,3,New York,Usa,11
Riverdale Ave & W 254 St,4,6,New York,Usa,11
108 St & 52 Ave,27,4,New York,Usa,11
Menahan St & Central Ave,7,15,New York,Usa,11
63 Dr & 102 St,14,0,New York,Usa,11
Columbus Drive,6,6,New York,Usa,11
Church Ave & E 42 St,22,1,New York,Usa,11
8 St & Washington St,12,8,New York,Usa,11
Broadway & W 131 St,14,7,New York,Usa,11
Yellowstone Blvd & 67 Rd,9,6,New York,Usa,11
62 St & 4 Ave,5,12,New York,Usa,11
Cumberland St & Lafayette Ave,25,3,New York,Usa,11
Ditmars Blvd & 94 St,9,10,New York,Usa,11
1 Ave & E 16 St,22,31,New York,Usa,11
Lexington Ave & Patchen Ave,1,16,New York,Usa,11
61 St & Laurel Hill Blvd,13,6,New York,Usa,11
4 Ave & 26 St,6,18,New York,Usa,11
W 39 St & 9 Ave,10,33,New York,Usa,11
Willow Ave & E 133 St,4,17,New York,Usa,11
Classon Ave & St Marks Ave,6,19,New York,Usa,11
Bradhurst Ave & W 148 St,10,9,New York,Usa,11
Broadway & W 48 St,50,49,New York,Usa,11
9 Ave & W 33 St,7,22,New York,Usa,11
Cortelyou Rd & Stratford Rd,18,1,New York,Usa,11
3 Ave & E 163 St,5,21,New York,Usa,11
Pike St & Monroe St,15,9,New York,Usa,11
40 Ave & 9 St,10,9,New York,Usa,11
44 St & 3 Ave,21,1,New York,Usa,11
53 St & 5 Ave,10,20,New York,Usa,11
Parade Pl & Crooke Ave,24,3,New York,Usa,11
Shore Blvd & Astoria Park,20,13,New York,Usa,11
52 St & 6 Ave,6,12,New York,Usa,11
Church Ave & Story St,20,2,New York,Usa,11
71 Ave & 110 St,6,12,New York,Usa,11
Westchester Ave & E 156 St,15,7,New York,Usa,11
34 St & 38 Ave,13,12,New York,Usa,11
65 St & 2 Ave,5,15,New York,Usa,11
Crown St & Rogers Ave,4,13,New York,Usa,11
Westchester Ave & Southern Blvd,12,9,New York,Usa,11
Dey St,0,17,New York,Usa,11
W 4 St & 7 Ave S,16,43,New York,Usa,11
35 St & 21 Ave,23,0,New York,Usa,11
63 St & 5 Ave,6,18,New York,Usa,11
42 Pl & Northern Blvd,0,24,New York,Usa,11
E 7 St & Ave A,17,29,New York,Usa,11
1 Pl & Clinton St,5,25,New York,Usa,11
W 30 St & 10 Ave,51,0,New York,Usa,11
W 22 St & 8 Ave,30,33,New York,Usa,11
Grand St & Havemeyer St,20,9,New York,Usa,11
Pershing Field,4,13,New York,Usa,11
Grand Concourse & E 164 St,5,17,New York,Usa,11
Fresh Pond Rd & 69 Ave,3,25,New York,Usa,11
Putnam Ave & Wyckoff Ave,7,17,New York,Usa,11
Frederick Douglass Blvd & W 145 St,21,4,New York,Usa,11
Bergen Ave & Sip Ave,9,21,New York,Usa,11
Washington Ave & Empire Blvd,19,5,New York,Usa,11
Bainbridge Ave & E 211 St,3,17,New York,Usa,11
3 St & 3 Ave,55,21,New York,Usa,11
Vyse Ave & E 181 St,11,8,New York,Usa,11
W 59 St & 10 Ave,11,100,New York,Usa,11
Broadway & W 165 St,2,18,New York,Usa,11
Park Ave & E 42 St,13,68,New York,Usa,11
Cortelyou Rd & Argyle Rd,21,3,New York,Usa,11
5 Corners Library,2,14,New York,Usa,11
60 Pl & 67 Ave,6,7,New York,Usa,11
21 Ave & Shore Blvd,13,6,New York,Usa,11
Nagle Ave & Ellwood St,8,11,New York,Usa,11
Washington Ave & Park Pl,15,14,New York,Usa,11
Ocean Pkwy & Church Ave,19,2,New York,Usa,11
John St & William St,49,13,New York,Usa,11
St Nicholas Ave & Manhattan Ave,26,3,New York,Usa,11
Newark Ave,20,0,New York,Usa,11
Corona Ave & 102 St,19,1,New York,Usa,11
38 St & 30 Ave,22,3,New York,Usa,11
MacDougal St & Rockaway Ave,7,13,New York,Usa,11
64 Ave & 108 St,10,7,New York,Usa,11
35 St & 30 Ave,16,12,New York,Usa,11
Herkimer St & Eastern Pkwy,14,6,New York,Usa,11
68 St & 5 Ave,8,4,New York,Usa,11
Macon St & Patchen Ave,5,14,New York,Usa,11
W 25 St & 9 Ave,16,39,New York,Usa,11
Riverside Dr & W 148 St,1,20,New York,Usa,11
21 St & 36 Ave,5,14,New York,Usa,11
Tiebout Ave & E Fordham Rd,9,21,New York,Usa,11
E 8 St & Beverley Rd,9,1,New York,Usa,11
65 St & Broadway,2,15,New York,Usa,11
W 225 St & Exterior St,19,0,New York,Usa,11
W 211 St & 10 Ave,18,0,New York,Usa,11
Willow Ave & 12 St,6,8,New York,Usa,11
48 St & 5 Ave,5,22,New York,Usa,11
3 Ave & E 62 St,25,23,New York,Usa,11
Sherman Ave & Thayer St,13,8,New York,Usa,11
Suydam St & Broadway,17,15,New York,Usa,11
Spruce St & Nassau St,7,26,New York,Usa,11
47 Ave & 48 St,9,10,New York,Usa,11
52 St & 1 Ave,16,5,New York,Usa,11
Fulton St & Saratoga Ave,1,17,New York,Usa,11
Lorimer St & Calyer St,18,2,New York,Usa,11
62 St & Northern Blvd,12,10,New York,Usa,11
Graham Ave & Grand St,20,7,New York,Usa,11
21 St & 38 Ave,6,12,New York,Usa,11
48 St & Skillman Ave,8,12,New York,Usa,11
69 St & 38 Ave,19,4,New York,Usa,11
Shore Rd & 97 St,11,0,New York,Usa,11
Grand Ave & Remsen Pl,20,1,New York,Usa,11
Amsterdam Ave & W 131 St,10,8,New York,Usa,11
Amsterdam Ave & W 119 St,23,3,New York,Usa,11
India St & Manhattan Ave,45,5,New York,Usa,11
E 76 St & Park Ave,18,8,New York,Usa,11
2 Ave & E 122 St,1,0,New York,Usa,11
Columbus Ave & W 103 St,16,19,New York,Usa,11
Judge St & Britton Ave,9,14,New York,Usa,11
Richardson St & N Henry St,23,0,New York,Usa,11
E 44 St & 2 Ave,1,34,New York,Usa,11
Walton Ave & E 168 St,12,5,New York,Usa,11
31 Ave & 34 St,16,6,New York,Usa,11
Irving Ave & DeKalb Ave,26,1,New York,Usa,11
E 65 St & 2 Ave,5,41,New York,Usa,11
23 Ave & 31 St,26,1,New York,Usa,11
28 Ave & 44 St,10,8,New York,Usa,11
1 Ave & E 62 St,37,6,New York,Usa,11
42 St & 1 Ave,15,3,New York,Usa,11
3 Ave & 77 St,8,7,New York,Usa,11
Boston Rd & West Farms Rd,22,1,New York,Usa,11
Leonard Gordon Park,7,7,New York,Usa,11
5 Ave & E 103 St,30,5,New York,Usa,11
White St & Moore St,18,1,New York,Usa,11
21 Ave & 80 St,15,4,New York,Usa,11
Johnson St & Gold St,21,17,New York,Usa,11
24 Ave & 29 St,41,2,New York,Usa,11
Myrtle Ave & Fleet Pl,31,14,New York,Usa,11
Amsterdam Ave & W 167 St,10,12,New York,Usa,11
Morgan Ave & Maspeth Ave,21,3,New York,Usa,11
Kingston Ave & Carroll St,3,13,New York,Usa,11
W 110 St & Amsterdam Ave,43,0,New York,Usa,11
Morris Ave & E 171 St,11,8,New York,Usa,11
Reservoir Oval E & Bainbridge Ave,9,5,New York,Usa,11
71 St & 32 Ave,16,3,New York,Usa,11
41 St & 3 Ave,16,2,New York,Usa,11
W 146 St & Broadway,1,26,New York,Usa,11
Culver Ave & JFK Blvd,6,9,New York,Usa,11
West End Ave & W 107 St,25,5,New York,Usa,11
7 Ave & W 55 St,6,59,New York,Usa,11
Borden Ave & Review Ave,9,9,New York,Usa,11
W 20 St & 7 Ave,12,30,New York,Usa,11
E 171 St & 3 Ave,7,15,New York,Usa,11
E 51 St & Linden Blvd,18,0,New York,Usa,11
Graham Ave & Herbert St,22,3,New York,Usa,11
New York Ave & Hawthorne St,19,0,New York,Usa,11
65 St & Otto Rd,13,7,New York,Usa,11
Union St,12,4,New York,Usa,11
Colonial Rd & 89 St,6,5,New York,Usa,11
21 St & 4 Ave,7,12,New York,Usa,11
W 140 St & Riverside Dr,1,19,New York,Usa,11
Greenpoint Ave & Monitor St,17,2,New York,Usa,11
Prospect Ave & Jennings St,2,16,New York,Usa,11
8 Ave & W 16 St,12,23,New York,Usa,11
Mt Morris Park W & W 120 St,23,3,New York,Usa,11
Jerome Ave & W 177 St,23,6,New York,Usa,11
River St & 1 St,13,1,New York,Usa,11
W 104 St & Amsterdam Ave,37,9,New York,Usa,11
Longfellow Ave & E 165 St,19,0,New York,Usa,11
Hudson Blvd W & W 36 St,0,47,New York,Usa,11
Corona Ave & 98 St,9,9,New York,Usa,11
Clarkson Ave & E 40 St,15,15,New York,Usa,11
Broadway & W 36 St,15,40,New York,Usa,11
Clermont Ave & Lafayette Ave,41,6,New York,Usa,11
W Mosholu Pkwy S & Sedgwick Ave,4,33,New York,Usa,11
W 218 St & Broadway,14,12,New York,Usa,11
Amsterdam Ave & W 66 St,11,16,New York,Usa,11
E 2 St & 2 Ave,81,1,New York,Usa,11
Gramercy Park N & Gramercy Park E,29,17,New York,Usa,11
Bergen St & Flatbush Ave,19,12,New York,Usa,11
Albemarle Rd & E 21 St,17,1,New York,Usa,11
Water St & Gouverneur Ln,16,19,New York,Usa,11
Ferris Triangle Park,10,1,New York,Usa,11
Park Pl & Utica Ave,19,1,New York,Usa,11
E 70 St & Madison Ave,1,42,New York,Usa,11
Willis Ave & E 143 St,9,14,New York,Usa,11
W 50 St & 10 Ave,17,37,New York,Usa,11
Meserole Ave & Manhattan Ave,24,1,New York,Usa,11
2 St & Park Ave,6,5,New York,Usa,11
Featherbed Ln & Nelson Ave,2,19,New York,Usa,11
E 5 St & Cooper Sq,25,24,New York,Usa,11
E 84 St & Park Ave,0,0,New York,Usa,11
67 Ave & Fresh Pond Rd,24,6,New York,Usa,11
Valentine Ave & E 183 St,11,10,New York,Usa,11
E 123 St & Lexington Ave,18,7,New York,Usa,11
71 Ave & Myrtle Ave,17,9,New York,Usa,11
Crescent St & Broadway,7,11,New York,Usa,11
Anthony Ave & E 175 St,9,7,New York,Usa,11
53 St & Flushing Ave,0,19,New York,Usa,11
Bedford Ave & Nassau Ave,46,0,New York,Usa,11
E 33 St & 5 Ave,30,26,New York,Usa,11
62 St & 34 Ave,8,14,New York,Usa,11
Riverside Dr & W 72 St,9,29,New York,Usa,11
E 43 St & Madison Ave,10,45,New York,Usa,11
Hunts Point Ave & Bryant Ave,18,2,New York,Usa,11
Bank St & Washington St,14,15,New York,Usa,11
104 St & 32 Ave,7,14,New York,Usa,11
Sterling Pl & Classon Ave,19,9,New York,Usa,11
Norman Ave & Leonard St,5,3,New York,Usa,11
Madison St & Montgomery St,6,14,New York,Usa,11
43 St & 50 Ave,7,12,New York,Usa,11
62 Dr & 110 St,7,4,New York,Usa,11
E 138 St & Park Ave,12,7,New York,Usa,11
Lafayette Ave & St James Pl,18,19,New York,Usa,11
Crotona Ave & E Fordham Rd,11,14,New York,Usa,11
Arthur Ave & E Tremont Ave,17,2,New York,Usa,11
Van Cortlandt Park S & Dickinson Ave,2,21,New York,Usa,11
Pulaski St & Marcus Garvey Blvd,13,5,New York,Usa,11
Clarkson Ave & Utica Ave,18,1,New York,Usa,11
Adam Clayton Powell Blvd & W 126 St,27,4,New York,Usa,11
86 St & 37 Ave,2,20,New York,Usa,11
43 St & Broadway,11,12,New York,Usa,11
3 St & 7 Ave,11,16,New York,Usa,11
Carroll St & Franklin Ave,8,11,New York,Usa,11
Broadway & W 142 St,5,17,New York,Usa,11
Broadway & Furman Ave,20,8,New York,Usa,11
3 Ave & E 112 St,21,1,New York,Usa,11
River Ave & E 151 St,15,10,New York,Usa,11
72 St & Woodside Ave,1,18,New York,Usa,11
32 Ave & 75 St,12,7,New York,Usa,11
Fairview Ave & Linden St,3,16,New York,Usa,11
W 36 St & 7 Ave,9,27,New York,Usa,11
E 53 St & 3 Ave,26,15,New York,Usa,11
Austin St & 76 Ave,2,14,New York,Usa,11
Prospect Ave & Longwood Ave,25,2,New York,Usa,11
Washington Ave & E 174 St,11,7,New York,Usa,11
White St & Johnson Ave,20,1,New York,Usa,11
Vernon Blvd & 47 Rd,22,7,New York,Usa,11
Washington Pl & Broadway,25,1,New York,Usa,11
Isham St & Broadway,20,6,New York,Usa,11
Amsterdam Ave & W 156 St,19,6,New York,Usa,11
12 Ave & W 40 St,22,48,New York,Usa,11
Pacific St & Thomas S. Boyland St,1,16,New York,Usa,11
W Broadway & W Houston St,42,6,New York,Usa,11
Eames Pl & Claflin Ave,3,15,New York,Usa,11
Skillman Ave & 54 St,4,15,New York,Usa,11
Brook Ave & E 157 St,6,14,New York,Usa,11
34 Ave & Vernon Blvd,28,2,New York,Usa,11
Henry Hudson Pkwy E & W 231 St,4,8,New York,Usa,11
46 St & 7 Ave,6,13,New York,Usa,11
45 Rd & 11 St,19,4,New York,Usa,11
Garfield Light Rail,7,7,New York,Usa,11
Jerome Ave & W Fordham Rd,12,9,New York,Usa,11
Rugby Rd & Beverley Rd,19,3,New York,Usa,11
E 116 St & 1 Ave,28,2,New York,Usa,11
Caven Point Recreation Fields,11,3,New York,Usa,11
Troy Ave & Park Pl,13,6,New York,Usa,11
Madison Ave & E 26 St,37,34,New York,Usa,11
Adam Clayton Powell Blvd & W 118 St,11,16,New York,Usa,11
University Ave & W Burnside Ave,14,10,New York,Usa,11
W 31 St & 7 Ave,29,51,New York,Usa,11
Arthur Ave & E 183 St,9,16,New York,Usa,11
W 70 St & Amsterdam Ave,36,5,New York,Usa,11
Putnam Ave & Knickerbocker Ave,6,23,New York,Usa,11
Queens Blvd S & 76 Rd,3,15,New York,Usa,11
Broadway & W 238 St,26,1,New York,Usa,11
97 St & 57 Ave,15,4,New York,Usa,11
Macon St & Howard Ave,5,13,New York,Usa,11
68 Dr & 112 St,5,7,New York,Usa,11
Parkside Ave & Parade Pl,21,1,New York,Usa,11
Cortelyou Rd & E 19 St,20,1,New York,Usa,11
Hughes Ave & Oak Tree Pl,12,8,New York,Usa,11
Motorgate,22,14,New York,Usa,11
93 St & Northern Blvd,11,11,New York,Usa,11
Sedgwick Ave & Hillman Ave,14,8,New York,Usa,11
Prospect Pl & Vanderbilt Ave,22,0,New York,Usa,11
71 St & 37 Ave,7,15,New York,Usa,11
St Marks Pl & 1 Ave,34,33,New York,Usa,11
Broadway & W 220 St,19,0,New York,Usa,11
Lewis Ave & Decatur St,7,13,New York,Usa,11
E 3 St & 1 Ave,43,12,New York,Usa,11
Bedford Ave & Montgomery St,7,19,New York,Usa,11
W 145 St & Amsterdam Ave,1,21,New York,Usa,11
Park Ave & E 124 St,21,12,New York,Usa,11
Winthrop St & Nostrand Ave,21,0,New York,Usa,11
E 22 St & 2 Ave,22,24,New York,Usa,11
Boerum St & Broadway,13,5,New York,Usa,11
1 Ave & E 68 St,51,0,New York,Usa,11
Grand Army Plaza & Plaza St West,0,39,New York,Usa,11
Broadway & W 192 St,20,2,New York,Usa,11
78 Ave & Queens Blvd S,27,1,New York,Usa,11
4 Ave & 72 St,7,5,New York,Usa,11
34 St & 48 Ave,13,12,New York,Usa,11
Vernon Blvd & 10 St,35,3,New York,Usa,11
E 4 St & Ave B,26,11,New York,Usa,11
E 14 St & 1 Ave,32,2,New York,Usa,11
Pacific St & Sackman St,13,5,New York,Usa,11
31 Ave & 14 St,16,2,New York,Usa,11
Monroe St & Patchen Ave,8,12,New York,Usa,11
Ditmars Blvd & 19 St,19,8,New York,Usa,11
8 Ave & W 33 St,5,87,New York,Usa,11
Edgecombe Ave & W 150 St,4,15,New York,Usa,11
Brunswick St,11,8,New York,Usa,11
Hoyt St & Warren St,30,3,New York,Usa,11
79 St & Roosevelt Ave,11,11,New York,Usa,11
Southern Blvd & Xavier Way,2,28,New York,Usa,11
Matthews Ct & Coney Island Ave,20,0,New York,Usa,11
31 Ave & Steinway St,8,19,New York,Usa,11
Bailey Ave & Sedgwick Ave,13,7,New York,Usa,11
Sterling St & Bedford Ave,6,12,New York,Usa,11
W 160 St & St Nicholas Ave,20,5,New York,Usa,11
Faile St & Garrison Ave,17,0,New York,Usa,11
Hanson Pl & Ashland Pl,16,19,New York,Usa,11
E 48 St & 3 Ave,50,24,New York,Usa,11
33 St & Queens Blvd,7,12,New York,Usa,11
Leonard St & Boerum St,18,6,New York,Usa,11
E 6 St & Ave B,65,26,New York,Usa,11
100 St & Lewis Ave,14,7,New York,Usa,11
48 St & 2 Ave,16,1,New York,Usa,11
W 20 St & 8 Ave,19,64,New York,Usa,11
Roebling St & N 4 St,23,0,New York,Usa,11
43 St & 23 Ave,16,7,New York,Usa,11
Emerson Pl & Myrtle Ave,53,10,New York,Usa,11
Henry St & W 9 St,12,5,New York,Usa,11
90 St & 32 Ave,2,17,New York,Usa,11
Eastern Pkwy & Schenectady Ave,12,10,New York,Usa,11
81 St & 24 Ave,17,1,New York,Usa,11
E 51 St & 2 Ave,20,40,New York,Usa,11
Ithaca St & Baxter Ave,2,21,New York,Usa,11
Shea Rd & Boat Basin Pl,27,2,New York,Usa,11
Jersey & 6th St,2,12,New York,Usa,11
Fort Washington Ave & W 173 St,4,17,New York,Usa,11
Madison St & Clinton St,12,27,New York,Usa,11
37 Ave & 35 St,11,13,New York,Usa,11
Arion Pl & Broadway,9,9,New York,Usa,11
28 St & 36 Ave,16,11,New York,Usa,11
N 12 St & Bedford Ave,41,4,New York,Usa,11
6 Ave & 78 St,3,8,New York,Usa,11
9 Ave & W 22 St,39,43,New York,Usa,11
9 St & 44 Rd,32,0,New York,Usa,11
St Marks Ave & Thomas S. Boyland St,18,3,New York,Usa,11
Lewis Ave & Greene Ave,4,19,New York,Usa,11
West Side Ave & Stegman Pkwy,18,0,New York,Usa,11
E 178 St & Monterey Ave,6,15,New York,Usa,11
Jerome Ave & E 198 St,7,9,New York,Usa,11
Monroe St & Classon Ave,7,11,New York,Usa,11
5 Ave & E 87 St,38,0,New York,Usa,11
4 Ave & 85 St,20,2,New York,Usa,11
Macon St & Lewis Ave,6,14,New York,Usa,11
Nelson Ave & W 172 St,3,14,New York,Usa,11
W 82 St & Central Park W,26,16,New York,Usa,11
3 Ave & E Tremont Ave,1,26,New York,Usa,11
E New York Ave & Troy Ave,18,1,New York,Usa,11
E 11 St & Ave B,21,43,New York,Usa,11
99 St & 38 Ave,2,25,New York,Usa,11
Steinway St & Broadway,27,5,New York,Usa,11
E 2 St & Ave A,49,18,New York,Usa,11
Myrtle Ave & Linden St,23,1,New York,Usa,11
Nostrand Ave & Rutland Rd,19,1,New York,Usa,11
Park Pl & Vanderbilt Ave,12,9,New York,Usa,11
Van Cleef St & 108 St,20,0,New York,Usa,11
W 47 St & 10 Ave,9,27,New York,Usa,11
Atlantic Ave & Furman St,14,41,New York,Usa,11
28 Ave & 35 St,9,17,New York,Usa,11
40 St & Queens Blvd,20,0,New York,Usa,11
1 Ave & E 38 St,19,16,New York,Usa,11
Prospect Pl & Howard Ave,2,17,New York,Usa,11
Johnson Ave & W 235 St,8,8,New York,Usa,11
5 St & 51 Ave,20,0,New York,Usa,11
Putnam Ave & Nostrand Ave,0,17,New York,Usa,11
Sands St Gate,12,4,New York,Usa,11
28 St & 41 Ave,13,14,New York,Usa,11
Boston Rd & Prospect Ave,1,16,New York,Usa,11
41 Ave & 67 St,1,19,New York,Usa,11
Roosevelt Ave & 104 St,23,1,New York,Usa,11
Boston Rd & E 167 St,2,18,New York,Usa,11
National St & 45 Ave,8,13,New York,Usa,11
Windsor Pl & 8 Ave,8,12,New York,Usa,11
South Waterfront Walkway - Sinatra Dr & 1 St,23,6,New York,Usa,11
63 St & Borden Ave,19,2,New York,Usa,11
Clark St & Henry St,16,22,New York,Usa,11
31 St & 21 Ave,27,0,New York,Usa,11
Grand Concourse & E 156 St,8,12,New York,Usa,11
W 37 St & 5 Ave,34,23,New York,Usa,11
3 Ave & E 169 St,4,17,New York,Usa,11
Old Broadway & W 133 St,6,13,New York,Usa,11
Lafayette Ave & Stuyvesant Ave,15,9,New York,Usa,11
Brooklyn Ave & Prospect Pl,18,5,New York,Usa,11
65 Pl & 53 Ave,19,0,New York,Usa,11
Ditmas Ave & McDonald Ave,23,0,New York,Usa,11
73 St & Ridge Blvd,4,11,New York,Usa,11
Kent Ave & Grand St,36,6,New York,Usa,11
Clinton St & Union St,13,24,New York,Usa,11
5 Ave & W 139 St,9,9,New York,Usa,11
Lexington Ave & E 36 St,1,22,New York,Usa,11
60 St & 37 Ave,6,10,New York,Usa,11
W 231 St & Tibbett Ave,14,0,New York,Usa,11
25 Ave & 85 St,16,2,New York,Usa,11
Pleasant Ave & E 116 St,6,16,New York,Usa,11
Fort Hamilton Pkwy & 95 St,15,0,New York,Usa,11
Metropolitan Ave & Vandervoort Ave,23,1,New York,Usa,11
Concourse Village East & E 158 St,11,15,New York,Usa,11
Fort Hamilton Pkwy & 92 St,14,1,New York,Usa,11
Queens Blvd N & 71 Ave,20,8,New York,Usa,11
Palmetto St & Traffic Ave,12,9,New York,Usa,11
W 40 St & 7 Ave,1,43,New York,Usa,11
Irving Ave & Jefferson St,12,7,New York,Usa,11
36 Ave & 31 St,14,11,New York,Usa,11
W 160 St & Riverside Dr,14,11,New York,Usa,11
E 51 St & Lexington Ave,11,64,New York,Usa,11
Lafayette St & Grand St,35,41,New York,Usa,11
City Hall - Washington St & 1 St,1,4,New York,Usa,11
E 138 St & 5 Ave,9,13,New York,Usa,11
Wyckoff St & 3 Ave,15,7,New York,Usa,11
Wallabout St & Kent Ave,14,9,New York,Usa,11
Caton Ave & E 7 St,14,4,New York,Usa,11
Grand Concourse & E Mosholu Pkwy S,20,0,New York,Usa,11
Sterling Pl & New York Ave,7,14,New York,Usa,11
Broadway & W 168 St,10,17,New York,Usa,11
E 10 St & 2 Ave,19,20,New York,Usa,11
E 12 St & 3 Ave,42,22,New York,Usa,11
Cauldwell Ave & E 158 St,5,13,New York,Usa,11
Decatur Ave & Oliver Pl,9,14,New York,Usa,11
Maiden Ln & Pearl St,21,8,New York,Usa,11
Thomas S. Boyland St & Macon St,5,15,New York,Usa,11
Leonard St & Nassau Ave,15,17,New York,Usa,11
Plaza St East & Flatbush Ave,50,11,New York,Usa,11
W Broadway & Watts St,44,5,New York,Usa,11
W 111 St & 5 Ave,19,4,New York,Usa,11
Lexington Ave & E 111 St,18,9,New York,Usa,11
8 Ave & W 31 St,5,86,New York,Usa,11
E 141 St & Jackson Ave,18,1,New York,Usa,11
Bushwick Ave & Harman St,8,17,New York,Usa,11
21 St & 23 Ave,17,2,New York,Usa,11
49 Ave & 21 St,13,8,New York,Usa,11
E 188 St & Hughes Ave,15,6,New York,Usa,11
Newton Rd & 44 St,11,8,New York,Usa,11
Melrose Ave & E 154 St,14,4,New York,Usa,11
7 Ave S & Bleecker St,57,29,New York,Usa,11
Summerfield St & Cypress Ave,5,13,New York,Usa,11
Broadway & Madison St,2,22,New York,Usa,11
E 169 St & Webster Ave,7,12,New York,Usa,11
Cypress Ave & George St,5,14,New York,Usa,11
Marion Ave & Mosholu Pkwy,4,15,New York,Usa,11
W 51 St & 6 Ave,48,31,New York,Usa,11
Patchen Ave & Bainbridge St,9,10,New York,Usa,11
92 St & 35 Ave,1,25,New York,Usa,11
1 Ave & E 6 St,72,17,New York,Usa,11
11 St & 44 Rd,27,0,New York,Usa,11
104 St & Northern Blvd,11,12,New York,Usa,11
Tyler Ave & Maurice Ave,17,1,New York,Usa,11
E New York Ave & Utica Ave,11,9,New York,Usa,11
11 Ave & Prospect Ave,8,10,New York,Usa,11
Central Park W & W 97 St,44,6,New York,Usa,11
Crescent Ave & Belmont Ave,18,6,New York,Usa,11
Bronx Shore Comfort Station,7,17,New York,Usa,11
Willoughby St & Fleet St,45,12,New York,Usa,11
Nassau Ave & Newell St,44,5,New York,Usa,11
Madison Ave & E 120 St,27,3,New York,Usa,11
W 148 St & Amsterdam Ave,0,21,New York,Usa,11
43 Ave & 111 St,17,2,New York,Usa,11
DeKalb Ave & Hudson Ave,65,8,New York,Usa,11
St Johns Pl & Utica Ave,2,19,New York,Usa,11
Verona Pl & Fulton St,6,11,New York,Usa,11
Smith St & 3 St,13,12,New York,Usa,11
34 Ave & 45 St,11,11,New York,Usa,11
5 St & 6 Ave,14,9,New York,Usa,11
Goble Pl & Macombs Rd,16,1,New York,Usa,11
W 186 St & St Nicholas Ave,18,5,New York,Usa,11
Albany Ave & Carroll St,3,15,New York,Usa,11
61 St & Borden Ave,14,7,New York,Usa,11
Metropolitan Ave & 65 Ln,21,4,New York,Usa,11
Jefferson Ave & Evergreen Ave,4,13,New York,Usa,11
E 72 St & Park Ave,13,28,New York,Usa,11
University Ave & Morton Pl,9,11,New York,Usa,11
Rogers Pl & E 165 St,7,11,New York,Usa,11
Southern Blvd & E 149 St,12,14,New York,Usa,11
St Johns Pl & Washington Ave,16,14,New York,Usa,11
Berry St & N 8 St,25,0,New York,Usa,11
College Ave & E 170 St,3,20,New York,Usa,11
Steinway St & Ditmars Blvd,16,4,New York,Usa,11
Amsterdam Ave & W 73 St,33,21,New York,Usa,11
Garfield Pl & 8 Ave,3,18,New York,Usa,11
Richard St Light Rail,7,9,New York,Usa,11
W 133 St & 12 Ave,13,4,New York,Usa,11
E 163 St & Union Ave,6,18,New York,Usa,11
Caton Ave & Bedford Ave,18,3,New York,Usa,11
Shakespeare Ave & W 169 St,12,6,New York,Usa,11
7 Ave & Central Park South,25,53,New York,Usa,11
Carroll St & Utica Ave,13,4,New York,Usa,11
Thomas S. Boyland St & Fulton St,14,6,New York,Usa,11
Winthrop St & Albany Ave,10,9,New York,Usa,11
Laight St & Hudson St,25,61,New York,Usa,11
St James Pl & Oliver St,43,5,New York,Usa,11
50 St & Northern Blvd,24,3,New York,Usa,11
Degraw St & 3 Ave,35,0,New York,Usa,11
Ditmars Blvd & 73 St,18,0,New York,Usa,11
W 238 St & Tibbett Ave,20,0,New York,Usa,11
Ogden Ave & Merriam Ave,3,14,New York,Usa,11
23 Ave & 27 St,13,6,New York,Usa,11
Lexington Ave & E 24 St,31,46,New York,Usa,11
Withers St & Kingsland Ave,15,0,New York,Usa,11
Flatbush Ave & Fenimore St,22,2,New York,Usa,11
30 Ave & 21 St,8,6,New York,Usa,11
E 25 St & 1 Ave,8,24,New York,Usa,11
Willis Ave & E 137 St,4,16,New York,Usa,11
Green St & McGuinness Blvd,17,1,New York,Usa,11
Bedford Ave & Maple St,16,7,New York,Usa,11
Bainbridge Ave & E 198 St,7,16,New York,Usa,11
82 St & 30 Ave,15,4,New York,Usa,11
Ave A & E 14 St,14,25,New York,Usa,11
Carroll St & Rochester Ave,20,1,New York,Usa,11
Driggs Ave & N Henry St,22,33,New York,Usa,11
Washington Ave & E 163 St,10,12,New York,Usa,11
W 106 St & Central Park W,34,18,New York,Usa,11
Vernon Blvd & 31 Ave,0,8,New York,Usa,11
Adam Clayton Powell Blvd & W 130 St,16,4,New York,Usa,11
43 Ave & 47 St,19,12,New York,Usa,11
Vesey Pl & River Terrace,18,37,New York,Usa,11
Snyder Ave & Schenectady Ave,16,1,New York,Usa,11
7 Ave & 40 St,1,20,New York,Usa,11
Woodside Ave & Roosevelt Ave,18,1,New York,Usa,11
Plaza Dr & W 170 St,21,1,New York,Usa,11
S 5 Pl & S 5 St,35,5,New York,Usa,11
1 Ave & E 118 St,13,10,New York,Usa,11
24 St & 38 Ave,10,9,New York,Usa,11
Broadway & Morris St,61,6,New York,Usa,11
Aqueduct Ave & W 190 St,9,11,New York,Usa,11
Grand Ave & Bergen St,6,16,New York,Usa,11
Marin Light Rail,8,16,New York,Usa,11
Prospect Park SW & 16 St,24,9,New York,Usa,11
Grand Ave & W 181 St,10,9,New York,Usa,11
E 133 St & Cypress Pl,7,11,New York,Usa,11
W 237 St & Hudson Manor Terrace,8,3,New York,Usa,11
Louis Nine Blvd & Intervale Ave,0,19,New York,Usa,11
Stevens - River Ter & 6 St,7,9,New York,Usa,11
Fort Hamilton Pkwy & E 5 St,12,10,New York,Usa,11
Berkeley Pl & 7 Ave,17,12,New York,Usa,11
Queens Blvd & Broadway,18,5,New York,Usa,11
E 1 St & 1 Ave,62,11,New York,Usa,11
Carroll St & 6 Ave,4,16,New York,Usa,11
S 4 St & Roebling St,36,1,New York,Usa,11
West Farms Rd & Boone Ave,8,8,New York,Usa,11
Washington Ave & E 167 St,1,17,New York,Usa,11
Market St & Cherry St,24,19,New York,Usa,11
Duffield St & Willoughby St,35,13,New York,Usa,11
Franklin St & W Broadway,26,7,New York,Usa,11
W 54 St & 9 Ave,25,19,New York,Usa,11
86 St & Ridge Blvd,8,7,New York,Usa,11
Frederick Douglass Blvd & W 115 St,30,2,New York,Usa,11
Sedgwick Ave & W 231 St,7,12,New York,Usa,11
E 97 St & 3 Ave,24,7,New York,Usa,11
Gerard Ave & E 165 St,7,14,New York,Usa,11
9 Ave & W 219 St,18,0,New York,Usa,11
Cadman Plaza E & Red Cross Pl,7,31,New York,Usa,11
36 St & 3 Ave,25,4,New York,Usa,11
Wythe Ave & N 13 St,39,2,New York,Usa,11
11 St & 43 Ave,23,3,New York,Usa,11
Clinton St & Grand St,12,2,New York,Usa,11
Putnam Ave & Ralph Ave,8,10,New York,Usa,11
39 St & 47 Ave,10,8,New York,Usa,11
Grand Concourse & E 205 St,2,16,New York,Usa,11
Moffat St & Bushwick,13,5,New York,Usa,11
Schermerhorn St & Hoyt St,35,22,New York,Usa,11
Stagg St & Union Ave,22,10,New York,Usa,11
41 Ave & 80 St,4,19,New York,Usa,11
Park Ave & E 162 St,7,14,New York,Usa,11
Southern Blvd & E 142 St,8,12,New York,Usa,11
Albemarle Rd & McDonald Ave,16,4,New York,Usa,11
Walton Ave & E 151 St,25,3,New York,Usa,11
Stanton St & Chrystie St,43,2,New York,Usa,11
Pike St & E Broadway,33,0,New York,Usa,11
Exchange Pl,11,18,New York,Usa,11
E 54 St & 1 Ave,9,30,New York,Usa,11
South St & Pike St,13,19,New York,Usa,11
Riverside Dr & W 153 St,13,7,New York,Usa,11
Sterling Pl & Schenectady Ave,7,13,New York,Usa,11
Central Park W & W 68 St,18,25,New York,Usa,11
E Burnside Ave & Ryer Ave,9,11,New York,Usa,11
Waterloo Pl & Crotona Park East,9,8,New York,Usa,11
Giles Pl & Fort Independence St,4,13,New York,Usa,11
Bainbridge Ave & E 206 St,9,12,New York,Usa,11
Jefferson Ave & Patchen Ave,1,18,New York,Usa,11
Douglass St & 3 Ave,34,0,New York,Usa,11
Clinton St & Newark St,5,8,New York,Usa,11
101 St & Fort Hamilton Pkwy,11,1,New York,Usa,11
E 187 St & 3 Ave,4,14,New York,Usa,11
Hancock St & Wyckoff Ave,0,19,New York,Usa,11
Chauncey St & Howard Ave,3,18,New York,Usa,11
Shore Rd & 80 St,12,0,New York,Usa,11
W 25 St & 6 Ave,33,14,New York,Usa,11
Central Ave & Decatur St,10,14,New York,Usa,11
Beverley Rd & E 49 St,21,0,New York,Usa,11
Seigel St & Humboldt St,30,8,New York,Usa,11
Murray St & West St,43,15,New York,Usa,11
E 156 St & Courtlandt Ave,10,12,New York,Usa,11
86 St & 35 Ave,6,15,New York,Usa,11
W Tremont Ave & Grand Ave,6,13,New York,Usa,11
76 St & 45 Ave,13,5,New York,Usa,11
Crescent St & 35 Ave,11,13,New York,Usa,11
99 St & Astoria Blvd,19,3,New York,Usa,11
Van Vorst Park,7,15,New York,Usa,11
Hancock St & Bedford Ave,20,6,New York,Usa,11
W 54 St & 6 Ave,18,44,New York,Usa,11
Division Ave & Marcy Ave,32,0,New York,Usa,11
87 St & 30 Ave,15,6,New York,Usa,11
84 St & Roosevelt Ave,21,9,New York,Usa,11
6 Ave & W 33 St,16,59,New York,Usa,11
Barclay St & Church St,13,23,New York,Usa,11
55 St & 7 Ave,16,8,New York,Usa,11
Grand St & Wythe Ave,54,1,New York,Usa,11
82 St & Broadway,14,16,New York,Usa,11
Park Ave & E 179 St,5,19,New York,Usa,11
Prospect Park West & 8 St,5,19,New York,Usa,11
Lincoln Pl & Nostrand Ave,3,21,New York,Usa,11
Danforth Ave & Sullivan Dr,12,2,New York,Usa,11
New Utrecht Ave & 9 Ave,1,17,New York,Usa,11
E 144 St & Brook Ave,3,13,New York,Usa,11
Bridge St & Front St,16,30,New York,Usa,11
7 St & 5 Ave,16,10,New York,Usa,11
14 St & 5 Ave,12,8,New York,Usa,11
Eastern Pkwy & Ralph Ave,19,1,New York,Usa,11
E 44 St & Lexington Ave,18,30,New York,Usa,11
31 St & Hoyt Ave N,29,6,New York,Usa,11
Brook Ave & E 148 St,16,2,New York,Usa,11
W 135 St & Lenox Terrace Pl,27,1,New York,Usa,11
E 95 St & 3 Ave,25,5,New York,Usa,11
Webster Ave & Ford St,15,4,New York,Usa,11
Central Ave & Weirfield St,3,16,New York,Usa,11
E 68 St & 3 Ave,5,31,New York,Usa,11
Centre St & Worth St,56,62,New York,Usa,11
Riverside Dr & W 78 St,20,57,New York,Usa,11
12 Ave & 36 St,14,6,New York,Usa,11
Webb Ave & W 190 St,3,18,New York,Usa,11
Queens Blvd N & 63 Rd,28,0,New York,Usa,11
75 St & Northern Blvd,11,3,New York,Usa,11
27 Ave & 9 St,13,14,New York,Usa,11
Commerce St & Van Brunt St,10,9,New York,Usa,11
Adams St & 12 St,7,8,New York,Usa,11
2 Ave & E 72 St,3,51,New York,Usa,11
Riverside Dr & Broadway,20,3,New York,Usa,11
Union Ave & Wallabout St,25,6,New York,Usa,11
Riverside Dr & W 104 St,42,10,New York,Usa,11
5 Ave & E 78 St,13,35,New York,Usa,11
Underhill Ave & Pacific St,17,8,New York,Usa,11
E 149 St & Jackson Ave,13,7,New York,Usa,11
3 Ave & E 100 St,20,5,New York,Usa,11
Pitt St & Stanton St,11,2,New York,Usa,11
60 Ave & Otis Ave,20,0,New York,Usa,11
47 Ave & 31 St,11,16,New York,Usa,11
Pierrepont St & Monroe Pl,12,11,New York,Usa,11
E 30 St & Park Ave S,44,12,New York,Usa,11
Amory Ct & Metropolitan Ave,8,13,New York,Usa,11
Plaza St West & Flatbush Ave,9,35,New York,Usa,11
Seaman Ave & Isham St,20,1,New York,Usa,11
Audubon Ave & Fort George Ave,2,20,New York,Usa,11
Congress St & Clinton St,24,19,New York,Usa,11
Albany Ave & Fulton St,19,7,New York,Usa,11
E 3 St & Cortelyou Rd,12,0,New York,Usa,11
E 160 St & Tinton Ave,11,11,New York,Usa,11
103 St & Martense Ave,19,0,New York,Usa,11
21 St & 43 Ave,22,5,New York,Usa,11
31 St & Thomson Ave,31,15,New York,Usa,11
31 Ave & 61 St,10,10,New York,Usa,11
Broadway & 31 St,32,0,New York,Usa,11
Hoboken Terminal - Hudson St & Hudson Pl,16,8,New York,Usa,11
Broadway & W 133 St,6,15,New York,Usa,11
Bleecker St & Crosby St,56,6,New York,Usa,11
Adam Clayton Powell Blvd & W 123 St,28,3,New York,Usa,11
Greene Ave & Throop Ave,8,10,New York,Usa,11
77 St & 31 Ave,14,6,New York,Usa,11
Macombs Pl & W 152 St,13,19,New York,Usa,11
W 120 St & Claremont Ave,34,3,New York,Usa,11
Kingston Ave & Park Pl,2,19,New York,Usa,11
Jersey & 3rd,6,7,New York,Usa,11
Frost St & Meeker Ave,35,1,New York,Usa,11
E 47 St & Park Ave,39,0,New York,Usa,11
Mott St & Prince St,25,10,New York,Usa,11
Paulus Hook,7,5,New York,Usa,11
55 Ave & Center Blvd,12,13,New York,Usa,11
Ovington Ave & 3 Ave,5,7,New York,Usa,11
Perry St & Greenwich Ave,36,15,New York,Usa,11
E 75 St & 3 Ave,7,33,New York,Usa,11
Jackson Mill Rd & 93 St,2,19,New York,Usa,11
48 St & 37 Ave,18,11,New York,Usa,11
10 Ave & W 202 St,18,3,New York,Usa,11
70 St & Ridge Blvd,9,3,New York,Usa,11
88 St & Astoria Blvd,12,8,New York,Usa,11
W 12 St & Hudson St,13,32,New York,Usa,11
Grand St & Greene St,15,27,New York,Usa,11
Heights Elevator,1,15,New York,Usa,11
Bond St & Fulton St,37,6,New York,Usa,11
E 13 St & Ave A,57,33,New York,Usa,11
College Ave & E 169 St,3,14,New York,Usa,11
5 Ave & E 63 St,4,43,New York,Usa,11
Eastern Pkwy & Kingston Ave,14,12,New York,Usa,11
Central Park North & Adam Clayton Powell Blvd,25,6,New York,Usa,11
75 St & 35 Ave,13,10,New York,Usa,11
Amsterdam Ave & W 125 St,28,8,New York,Usa,11
Marble Hill Ave & W 227 St,18,0,New York,Usa,11
Linden St & Knickerbocker Ave,8,10,New York,Usa,11
Broadway & W 41 St,16,37,New York,Usa,11
20 Ave & Shore Blvd,16,2,New York,Usa,11
Sterling Pl & Ralph Ave,3,15,New York,Usa,11
W 116 St & Amsterdam Ave,36,2,New York,Usa,11
17 St & 5 Ave,6,17,New York,Usa,11
Vesey St & West St,57,12,New York,Usa,11
64 Rd & Grand Central Pkwy,5,6,New York,Usa,11
St Nicholas Ave & W 157 St,0,20,New York,Usa,11
Broadway & E 19 St,81,16,New York,Usa,11
Carteret Ave & Arlington Ave,2,12,New York,Usa,11
Aqueduct Ave & North St,13,3,New York,Usa,11
3 Ave & 17 St,19,0,New York,Usa,11
Bridge St & York St,42,10,New York,Usa,11
E 48 St & Tilden Ave,23,1,New York,Usa,11
Halsey St & Tompkins Ave,8,12,New York,Usa,11
85 St & Northern Blvd,13,6,New York,Usa,11
E 189 St & Bathgate Ave,12,8,New York,Usa,11
10 Ave & W 215 St,16,2,New York,Usa,11
Lee Ave & Taylor St,19,4,New York,Usa,11
2 Ave & E 96 St,38,2,New York,Usa,11
Columbia Heights & Cranberry St,0,34,New York,Usa,11
Bergen St & Smith St,38,8,New York,Usa,11
E 46 St & Madison Ave,25,25,New York,Usa,11
44 St & 2 Ave,18,1,New York,Usa,11
E 32 St & Park Ave,24,27,New York,Usa,11
West Drive & Prospect Park West,2,22,New York,Usa,11
W 41 St & 8 Ave,39,57,New York,Usa,11
Nagle Ave & Thayer St,15,18,New York,Usa,11
Broad St & Bridge St,34,15,New York,Usa,11
Broadway & W 261 St,4,7,New York,Usa,11
Bergen Ave,4,8,New York,Usa,11
E 182 St & Belmont Ave,4,17,New York,Usa,11
Monitor St & Meeker Ave,21,0,New York,Usa,11
25 Ave & 41 St,21,1,New York,Usa,11
Claflin Ave & Reservoir Ave,1,18,New York,Usa,11
Roosevelt Island Tramway,36,2,New York,Usa,11
McGinley Square,15,3,New York,Usa,11
4 Ave & 9 St,16,13,New York,Usa,11
Morris Ave & E Burnside Ave,17,0,New York,Usa,11
55 St & 5 Ave,12,16,New York,Usa,11
Liberty St & Nassau St,17,26,New York,Usa,11
30 Ave & 70 St,10,9,New York,Usa,11
Wyckoff Ave & Gates Ave,29,7,New York,Usa,11
President St & Henry St,3,20,New York,Usa,11
Division St & Bowery,69,5,New York,Usa,11
57 Ave & 98 Pl,24,1,New York,Usa,11
Bank St & Hudson St,11,15,New York,Usa,11
Clinton St & 7 St,6,12,New York,Usa,11
Corona Ave & 111 St,16,5,New York,Usa,11
Bushwick Ave & Powers St,19,10,New York,Usa,11
W 235 St & Independence Ave,14,3,New York,Usa,11
Wade St & MLK Dr,9,7,New York,Usa,11
Chauncey St & Stuyvesant Ave,22,2,New York,Usa,11
41 Ave & 77 St,7,17,New York,Usa,11
Morningside Dr & Amsterdam Ave,17,16,New York,Usa,11
Kane St & Clinton St,0,0,New York,Usa,11
84 St & 3 Ave,6,3,New York,Usa,11
Centre St & Chambers St,12,38,New York,Usa,11
Fulton Ave & St Paul's Pl,5,14,New York,Usa,11
Clermont Ave & Park Ave,14,3,New York,Usa,11
Broadway & Hancock St,20,15,New York,Usa,11
91 St & 23 Ave,16,6,New York,Usa,11
Audubon Ave & W 192 St,3,17,New York,Usa,11
Queens Blvd & Albion Ave,19,1,New York,Usa,11
34 Ave & Junction Blvd,4,19,New York,Usa,11
Lefferts Ave & Schenectady Ave,20,5,New York,Usa,11
Nassau St & Navy St,33,21,New York,Usa,11
14 St & 7 Ave,18,6,New York,Usa,11
Marcus Garvey Blvd & Macon St,9,8,New York,Usa,11
108 St & 62 Dr,6,10,New York,Usa,11
St Nicholas Ave & W 137 St,8,10,New York,Usa,11
Crotona Park East & E 173 St,6,11,New York,Usa,11
34 St & 35 Ave,19,2,New York,Usa,11
Brooklyn Ave & Snyder Ave,21,0,New York,Usa,11
E 40 St & 5 Ave,24,66,New York,Usa,11
37 Ave & 63 St,4,18,New York,Usa,11
4 St & Grand St,1,16,New York,Usa,11
Harlem River Dr & W 155 St,19,5,New York,Usa,11
W 43 St & 10 Ave,42,69,New York,Usa,11
West Side Ave Light Rail,18,1,New York,Usa,11
50 St & Barnett Ave,9,16,New York,Usa,11
4 Ave & 87 St,18,1,New York,Usa,11
W 52 St & 11 Ave,14,37,New York,Usa,11
6 St & Grand St,7,11,New York,Usa,11
4 Ave & 17 St,7,13,New York,Usa,11
Fort Hamilton Pkwy & E 2 St,16,3,New York,Usa,11
Montrose Ave & Bushwick Ave,39,3,New York,Usa,11
Montague St & Clinton St,33,13,New York,Usa,11
Willoughby Ave & Myrtle Ave,12,5,New York,Usa,11
Wadsworth Ave & W 175 St,22,2,New York,Usa,11
Sedgwick Ave & Hall of Fame Terrace,9,9,New York,Usa,11
98 St & 25 Ave,17,1,New York,Usa,11
Park Ave & E 41 St,4,101,New York,Usa,11
Jerome Ave & E 181 St,9,10,New York,Usa,11
MacDonough St & Malcolm X Blvd,14,5,New York,Usa,11
Kent Ave & Division Ave,42,0,New York,Usa,11
Bailey Ave & W 234 St,10,13,New York,Usa,11
58 St & Pier 4,6,24,New York,Usa,11
W 51 St & 7 Ave,33,42,New York,Usa,11
Rockaway Ave & Bainbridge St,10,12,New York,Usa,11
Benham St & Roosevelt Ave,0,23,New York,Usa,11
Naples Terrace & Godwin Terrace,25,0,New York,Usa,11
Cherry St,12,23,New York,Usa,11
73 St & 25 Ave,8,9,New York,Usa,11
Lexington Ave & Classon Ave,11,6,New York,Usa,11
2 Ave & E 31 St,47,30,New York,Usa,11
Riverdale Ave & W 258 St,3,14,New York,Usa,11
Broadway & W 38 St,39,27,New York,Usa,11
Bainbridge Ave & E 193 St,9,16,New York,Usa,11
Norfolk St & Broome St,33,23,New York,Usa,11
34 Ave & 21 St,11,12,New York,Usa,11
Central Park W & W 76 St,19,19,New York,Usa,11
Park Pl & Thomas S. Boyland St,16,7,New York,Usa,11
Broadway & Lakeview Pl,5,10,New York,Usa,11
Coffey St & Ferris St,13,11,New York,Usa,11
100 St & Humphreys St,10,13,New York,Usa,11
E 11 St & Broadway,23,74,New York,Usa,11
8 St & Astoria Blvd,13,6,New York,Usa,11
Jackson Mill Rd & 24 Ave,7,16,New York,Usa,11
Nostrand Ave & Myrtle Ave,21,1,New York,Usa,11
Jerome Ave & Ogden Ave,8,11,New York,Usa,11
Walton Ave & E 171 St,13,5,New York,Usa,11
Van Brunt St & Van Dyke St,10,11,New York,Usa,11
7 Ave & Park Pl,12,13,New York,Usa,11
25 Ave & 96 St,10,11,New York,Usa,11
Grand Concourse & E 161 St,6,19,New York,Usa,11
W 44 St & 9 Ave,15,15,New York,Usa,11
W 37 St & 10 Ave,1,36,New York,Usa,11
St James Ave & 51 Ave,20,1,New York,Usa,11
Lexington Ave & E 120 St,28,1,New York,Usa,11
Washington Pl & 6 Ave,31,44,New York,Usa,11
E 155 St & Courtlandt Ave,13,6,New York,Usa,11
W 238 St & Riverdale Ave,6,9,New York,Usa,11
Lenox Ave & W 130 St,20,4,New York,Usa,11
62 Ave & 102 St,16,0,New York,Usa,11
Water St & Fletcher St,58,20,New York,Usa,11
W 163 St & Riverside Dr,5,14,New York,Usa,11
Rogers Ave & Lincoln Rd,13,9,New York,Usa,11
Kingston Ave & Herkimer St,2,22,New York,Usa,11
Greenwich St & Rector St,16,42,New York,Usa,11
Broadway & W 58 St,14,61,New York,Usa,11
11 Ave & W 41 St,21,29,New York,Usa,11
35 St & 23 Ave,22,3,New York,Usa,11
Freeman St & Southern Blvd,4,17,New York,Usa,11
Underhill Ave & Lincoln Pl,6,20,New York,Usa,11
Lexington Ave & E 127 St,31,2,New York,Usa,11
S 2 St & Kent Ave,33,13,New York,Usa,11
Seaman Ave & Beak St,17,3,New York,Usa,11
E 97 St & Madison Ave,41,0,New York,Usa,11
W 94 St & Central Park W,33,12,New York,Usa,11
Audubon Ave & W 179 St,8,13,New York,Usa,11
Maple St & Albany Ave,15,3,New York,Usa,11
Rugby Rd & Albemarle Rd,13,4,New York,Usa,11
Carlton Ave & Greene Ave,25,0,New York,Usa,11
Cypress Ave & St Felix Ave,8,12,New York,Usa,11
Bleecker St & Forest Ave,4,15,New York,Usa,11
Stanton St & Norfolk St,45,4,New York,Usa,11
Flushing Ave & Vanderbilt Ave,24,0,New York,Usa,11
Jackson Square,6,10,New York,Usa,11
48 Ave & 37 St,6,13,New York,Usa,11
Great Jones St,20,1,New York,Usa,11
E 47 St & 2 Ave,12,88,New York,Usa,11
Ocean Ave & Tennis Ct,18,3,New York,Usa,11
W 42 St & 8 Ave,21,19,New York,Usa,11
MLK Dr & Bayview Ave,15,0,New York,Usa,11
2 Ave & 36 St,42,0,New York,Usa,11
W 44 St & 5 Ave,36,30,New York,Usa,11
99 St & 50 Ave,20,1,New York,Usa,11
W 43 St & 6 Ave,42,20,New York,Usa,11
48 St & 50 Ave,4,15,New York,Usa,11
Eastern Pkwy & Franklin Ave (SW Corner),11,19,New York,Usa,11
39 Ave & 45 St,4,14,New York,Usa,11
34 St & 5 Ave,13,1,New York,Usa,11
E 4 St & 2 Ave,46,29,New York,Usa,11
W Tremont Ave & Montgomery Ave,8,12,New York,Usa,11
8 Ave & W 49 St,17,47,New York,Usa,11
W 63 St & Broadway,19,11,New York,Usa,11
Madison St & 1 St,6,12,New York,Usa,11
Amsterdam Ave & W 162 St,10,13,New York,Usa,11
27 St & Hunter St,28,5,New York,Usa,11
W 181 St & Riverside Dr,12,5,New York,Usa,11
Madison Ave & E 51 St,13,30,New York,Usa,11
Franklin Ave & Myrtle Ave,14,13,New York,Usa,11
Halsey St & Ralph Ave,5,14,New York,Usa,11
34 Ave & 71 St,19,2,New York,Usa,11
W 54 St & 11 Ave,27,28,New York,Usa,11
Union Ave & E 169 St,9,8,New York,Usa,11
Pacific St & Nostrand Ave,1,21,New York,Usa,11
Newport Pkwy,13,1,New York,Usa,11
Rivington St & Ridge St,36,23,New York,Usa,11
Stuyvesant Ave & Hart St,5,22,New York,Usa,11
43 St & Skillman Ave,10,9,New York,Usa,11
W 24 St & 7 Ave,37,41,New York,Usa,11
E 132 St & Madison Ave,12,5,New York,Usa,11
44 St & Greenpoint Ave,19,6,New York,Usa,11
Queens Blvd N & 67 Rd,15,7,New York,Usa,11
31 Ave & 57 St,14,9,New York,Usa,11
E 53 St & Lexington Ave,3,54,New York,Usa,11
6 Ave & 74 St,8,4,New York,Usa,11
Duane St & Hudson St,18,24,New York,Usa,11
E Tremont Ave & E 176 St,1,16,New York,Usa,11
E 102 St & Park Ave,27,4,New York,Usa,11
69 Ave & Queens Blvd N,4,16,New York,Usa,11
Henry St & Bay St,9,7,New York,Usa,11
Crotona Ave & E 183 St,18,6,New York,Usa,11
Schenectady Ave & Pacific St,4,14,New York,Usa,11
E 56 St & Madison Ave,22,10,New York,Usa,11
W 155 St & Frederick Douglass Blvd,13,16,New York,Usa,11
Icahn Stadium Plaza,8,8,New York,Usa,11
Greenwich St & W Houston St,64,13,New York,Usa,11
Columbia St & Rivington St,27,14,New York,Usa,11
DeKalb Ave & S Portland Ave,16,6,New York,Usa,11
Catherine St & Monroe St,23,7,New York,Usa,11
Cliff St & Fulton St,21,43,New York,Usa,11
Fairmount Ave,3,11,New York,Usa,11
Suffolk St & Stanton St,63,12,New York,Usa,11
E Mosholu Pkwy & Van Cortlandt Ave E,8,13,New York,Usa,11
E 147 St & Bergen Ave,16,9,New York,Usa,11
E 138 St & Grand Concourse,6,14,New York,Usa,11
46 St & 6 Ave,1,19,New York,Usa,11
St Ann's Ave & E 144 St,15,8,New York,Usa,11
31 St & Northern Blvd,1,34,New York,Usa,11
Riverside Dr & W 91 St,29,28,New York,Usa,11
Washington Pl & Greene St,12,31,New York,Usa,11
E 170 St & Clay Ave,2,22,New York,Usa,11
Gerard Ave & E 146 St,9,9,New York,Usa,11
Dixon Mills,1,14,New York,Usa,11
5 Ave & 3 St,23,4,New York,Usa,11
Woodward Ave & Harman St,13,6,New York,Usa,11
Grove St & Fresh Pond Rd,15,2,New York,Usa,11
N 5 St & Wythe Ave,37,2,New York,Usa,11
Columbia St & W 9 St,19,2,New York,Usa,11
Columbia St & Degraw St,10,8,New York,Usa,11
Clay Ave & Claremont Pkwy,17,3,New York,Usa,11
Madison Ave & E 99 St,31,4,New York,Usa,11
Washington St & Gansevoort St,21,26,New York,Usa,11
St Marks Pl & 2 Ave,51,17,New York,Usa,11
Lincoln Pl & Classon Ave,18,8,New York,Usa,11
Keegan Rd & 2 Ave,25,4,New York,Usa,11
Lexington Ave & E 26 St,33,45,New York,Usa,11
Broadway & W 185 St,6,13,New York,Usa,11
Lenox Ave & W 133 St,15,9,New York,Usa,11
Bergen St & Troy Ave,9,13,New York,Usa,11
Atlantic Ave & Fort Greene Pl,38,10,New York,Usa,11
E 128 St & 3 Ave,15,4,New York,Usa,11
St Nicholas Ave & W 134 St,13,12,New York,Usa,11
E 106 St & Madison Ave,23,2,New York,Usa,11
Lafayette Park,3,11,New York,Usa,11
Lincoln Ave & E 134 St,7,9,New York,Usa,11
Intervale Ave & Kelly St,3,17,New York,Usa,11
3 Ave & E 71 St,0,46,New York,Usa,11
53 St & 4 Ave,3,22,New York,Usa,11
10 Ave & W 28 St,11,38,New York,Usa,11
Goulden Ave & Bedford Park Blvd,12,5,New York,Usa,11
Bushwick Ave & Dekalb Ave,2,24,New York,Usa,11
West Thames St,11,62,New York,Usa,11
Allen St & Stanton St,48,0,New York,Usa,11
W 21 St & 6 Ave,41,30,New York,Usa,11
E 63 St & 3 Ave,7,46,New York,Usa,11
Grand Concourse & E 192 St,2,18,New York,Usa,11
Skillman Ave & 43 Ave,9,10,New York,Usa,11
Ogden Ave & W 164 St,13,4,New York,Usa,11
30 Ave & 80 St,13,5,New York,Usa,11
E 14 St & Ave B,14,28,New York,Usa,11
34 Ave & 31 St,8,11,New York,Usa,11
Jefferson St & Cypress Ave,25,0,New York,Usa,11
93 St & Roosevelt Ave,4,20,New York,Usa,11
E 5 St & Ave A,20,26,New York,Usa,11
111 St & 53 Ave,20,4,New York,Usa,11
Irving Ave & Halsey St,4,14,New York,Usa,11
Intervale Ave & Westchester Ave,3,23,New York,Usa,11
Gansevoort St & Hudson St,70,46,New York,Usa,11
34 Ave & 113 St,20,1,New York,Usa,11
45 Ave & 21 St,14,5,New York,Usa,11
Onderdonk Ave & Dekalb Ave,11,6,New York,Usa,11
W 168 St & Fort Washington Ave,23,22,New York,Usa,11
Center Blvd & 51 Ave,11,11,New York,Usa,11
Myrtle Ave & Marcy Ave,7,14,New York,Usa,11
E 167 St & Clay Ave,20,8,New York,Usa,11
79 St & 37 Ave,3,17,New York,Usa,11
Reade St & Broadway,23,38,New York,Usa,11
Crotona Ave & E 179 St,3,17,New York,Usa,11
Nevins St & Schermerhorn St,16,11,New York,Usa,11
Menahan St & Seneca Ave,4,9,New York,Usa,11
Park Ave & E Tremont Ave,10,10,New York,Usa,11
67 Ave & Queens Blvd S,1,17,New York,Usa,11
60 St & 60 Rd,7,12,New York,Usa,11
Adam Clayton Powell Blvd & W 151 St,10,8,New York,Usa,11
Allen St & Hester St,111,4,New York,Usa,11
Carlton Ave & Dean St,21,6,New York,Usa,11
Lincoln Rd & Ocean Ave,6,15,New York,Usa,11
Fresh Pond Rd & Eliot Ave,9,11,New York,Usa,11
Broadway & Van Cortlandt Park S,28,5,New York,Usa,11
E 98 St & Park Ave,21,2,New York,Usa,11
Lincoln Park,5,12,New York,Usa,11
Stanhope St & Fairview Ave,7,10,New York,Usa,11
Westchester Ave & Longwood Ave,9,14,New York,Usa,11
Dean St & Hoyt St,70,7,New York,Usa,11
3 Ave & 81 St,6,9,New York,Usa,11
Pearl St & York St,18,34,New York,Usa,11
W 34 St & Hudson Blvd E,43,10,New York,Usa,11
W 48 St &  Rockefeller Plaza,40,16,New York,Usa,11
E 3 St & Church Ave,21,0,New York,Usa,11
72 St & 41 Ave,12,14,New York,Usa,11
Willoughby St & Ashland Pl,19,10,New York,Usa,11
4 St & River St,0,14,New York,Usa,11
Goulden Ave & W 197 St,1,16,New York,Usa,11
34 Ave & 89 St,10,16,New York,Usa,11
56 St & Arnold Ave,10,10,New York,Usa,11
55 Ave & 97 Pl,13,3,New York,Usa,11
43 St & 37 Ave,5,16,New York,Usa,11
34 Ave & 38 St,15,16,New York,Usa,11
Greene St & Prince St,37,7,New York,Usa,11
Grand Concourse & E 184 St,7,15,New York,Usa,11
12 Ave & W 125 St,34,5,New York,Usa,11
E 85 St & 3 Ave,36,0,New York,Usa,11
St Nicholas Ave & W 126 St,42,7,New York,Usa,11
Sedgwick Ave & Giles Pl,2,17,New York,Usa,11
9 St HBLR - Jackson St & 8 St,2,14,New York,Usa,11
St Marks Pl & 4 Ave,15,10,New York,Usa,11
Fulton St & Waverly Ave,16,14,New York,Usa,11
24 St & 41 Ave,5,13,New York,Usa,11
Jerome Ave & E 164 St,13,6,New York,Usa,11
Bayard St & Baxter St,26,17,New York,Usa,11
7 Ave & 41 St,1,24,New York,Usa,11
Broadway & W 122 St,27,5,New York,Usa,11
Cambridge Pl & Gates Ave,8,10,New York,Usa,11
Adam Clayton Powell Blvd & W 138 St,21,2,New York,Usa,11
99 St & 32 Ave,4,15,New York,Usa,11
Decatur St & Saratoga Ave,8,13,New York,Usa,11
96 St & Marine Ave,15,1,New York,Usa,11
Lefferts Ave & Albany Ave,20,3,New York,Usa,11
4 Ave & 3 St,26,13,New York,Usa,11
Hull Ave & E 209 St,7,2,New York,Usa,11
W 84 St & Amsterdam Ave,36,26,New York,Usa,11
University Ave & W 168 St,7,10,New York,Usa,11
Beck St & Leggett Ave,5,11,New York,Usa,11
31 Pl & Hunters Point Ave,14,4,New York,Usa,11
3 Ave & Franklin Ave,6,12,New York,Usa,11
E Tremont Ave & Jerome Ave,16,2,New York,Usa,11
Cabrini Blvd & W 177 St,17,6,New York,Usa,11
Flatbush Ave & Eastern Pkwy,20,7,New York,Usa,11
E 11 St & 1 Ave,27,32,New York,Usa,11
Hope St & Union Ave,12,12,New York,Usa,11
Lawrence St & Willoughby St,24,15,New York,Usa,11
Ave C & McDonald Ave,16,0,New York,Usa,11
Bergen Ave & Stegman St,15,3,New York,Usa,11
W 35 St & 8 Ave,5,52,New York,Usa,11
Colonial Rd & Wakeman Pl,15,1,New York,Usa,11
Prospect Ave & Greenwood Ave,10,8,New York,Usa,11
Morris Ave & E 153 St,2,15,New York,Usa,11
Review Ave & Greenpoint Ave,15,1,New York,Usa,11
India St Pier,33,20,New York,Usa,11
Adam Clayton Powell Blvd & W 141 St,13,8,New York,Usa,11
Dock St & Front St,8,20,New York,Usa,11
E 20 St & Park Ave,38,7,New York,Usa,11
Pearl St & Whitehall St,20,20,New York,Usa,11
E 118 St & 3 Ave,24,4,New York,Usa,11
Winthrop St & Rogers Ave,16,1,New York,Usa,11
34 Ave & 13 St,13,6,New York,Usa,11
Central Park S & 6 Ave,28,34,New York,Usa,11
6 Ave & Broome St,66,5,New York,Usa,11
W 16 St & The High Line,27,33,New York,Usa,11
Fulton St & Clermont Ave,34,40,New York,Usa,11
E 27 St & 1 Ave,64,21,New York,Usa,11
46 Rd & 11 St,22,1,New York,Usa,11
Van Dam St & Meeker Ave,28,2,New York,Usa,11
Irving Ave & Harman St,20,0,New York,Usa,11
St Ann's Ave & Westchester Ave,9,10,New York,Usa,11
Cooper Square & Astor Pl,65,21,New York,Usa,11
Astoria Park S & Shore Blvd,26,6,New York,Usa,11
Myrtle Ave & 65 St,15,3,New York,Usa,11
S 4 St & Wythe Ave,28,8,New York,Usa,11
St Nicholas Ave & W 150 St,14,8,New York,Usa,11
35 Ave & 10 St,20,4,New York,Usa,11
Amsterdam Ave & W 79 St,18,28,New York,Usa,11
New York Ave & Lenox Rd,21,1,New York,Usa,11
Washington St & Laight St,58,3,New York,Usa,11
Essex Light Rail,6,15,New York,Usa,11
Hull Ave & E Mosholu Pkwy N,7,10,New York,Usa,11
E 19 St & Beverley Rd,18,1,New York,Usa,11
Ditmars Blvd & 102 St,16,9,New York,Usa,11
111 St & Roosevelt Ave,18,3,New York,Usa,11
Washington St & Morgan St,3,27,New York,Usa,11
W 33 St & 10 Ave,23,29,New York,Usa,11
Riverside Dr & W 145 St,20,13,New York,Usa,11
Bedford Park Blvd & Paul Ave,8,16,New York,Usa,11
President St & Hoyt St,16,3,New York,Usa,11
Bushwick Ave & Forrest St,5,13,New York,Usa,11
Prospect Ave & E 167 St,1,17,New York,Usa,11
Morgan Ave & Lombardy St,27,3,New York,Usa,11
N 15 St & Wythe Ave,40,14,New York,Usa,11
41 St & 4 Ave,14,7,New York,Usa,11
N 5 St & Northside Piers,41,0,New York,Usa,11
94 St & 57 Ave,24,1,New York,Usa,11
Ridge Blvd & 82 St,11,1,New York,Usa,11
Empire Blvd & New York Ave,20,3,New York,Usa,11
Broadway & W 242 St,3,20,New York,Usa,11
34 Ave & 108 St,12,9,New York,Usa,11
Madison St & Forest Ave,5,18,New York,Usa,11
Rutland Rd & E 45 St,23,0,New York,Usa,11
42 Ave & 108 St,19,1,New York,Usa,11
Bergen Ave & E 152 St,16,2,New York,Usa,11
57 Rd & 59 St,13,6,New York,Usa,11
Van Brunt St & Wolcott St,21,15,New York,Usa,11
Prospect Park SW & Greenwood Ave,25,1,New York,Usa,11
W Broadway & Spring St,92,6,New York,Usa,11
Amsterdam Ave & W 152 St,8,10,New York,Usa,11
5 Ave & 41 St,0,29,New York,Usa,11
E 6 St & Ave D,23,20,New York,Usa,11
23 St & 31 Ave,10,8,New York,Usa,11
LaGuardia Pl & W 3 St,43,1,New York,Usa,11
Mercer St & Bleecker St,48,18,New York,Usa,11
E 165 St & Clay Ave,14,4,New York,Usa,11
Walker St & Baxter St,42,3,New York,Usa,11
W 17 St & 7 Ave,22,25,New York,Usa,11
W 204 St & Nagle Ave,17,3,New York,Usa,11
Harrison St & Hudson St,35,2,New York,Usa,11
Stanton St & Mangin St,10,8,New York,Usa,11
104 St & 38 Ave,22,0,New York,Usa,11
Pacific St & Nevins St,16,1,New York,Usa,11
Grand Concourse & E Mount Eden Ave,1,17,New York,Usa,11
48 St & Barnett Ave,6,12,New York,Usa,11
Kingsbridge Terrace & W 230 St,2,17,New York,Usa,11
E 34 St & Church Ave,24,0,New York,Usa,11
Dr. Lena Edwards Park,5,5,New York,Usa,11
90 St & 51 Ave,13,5,New York,Usa,11
Front St & Pine St,14,39,New York,Usa,11
Washington Park,13,11,New York,Usa,11
Madison St & Evergreen Ave,2,16,New York,Usa,11
Jerome Ave & Bedford Park Blvd E,2,21,New York,Usa,11
Greenwich Ave & Charles St,27,28,New York,Usa,11
E 67 St & Park Ave,12,26,New York,Usa,11
Prospect Park SW & Vanderbilt St,15,17,New York,Usa,11
Willoughby Ave & Walworth St,8,11,New York,Usa,11
MacDougal St & Prince St,39,6,New York,Usa,11
Broadway & Kent Ave,23,9,New York,Usa,11
Warren St & Court St,15,14,New York,Usa,11
Carlton Ave & Flushing Ave,41,3,New York,Usa,11
Caton Ave & Argyle Rd,19,1,New York,Usa,11
Prospect Ave & Vanderbilt St,7,15,New York,Usa,11
107 St & 32 Ave,1,17,New York,Usa,11
Willoughby Ave & Onderdonk Ave,26,1,New York,Usa,11
New York Ave & Montgomery St,3,17,New York,Usa,11
MacDougal St & Washington Sq,15,16,New York,Usa,11
Greenwich Ave & 8 Ave,26,48,New York,Usa,11
Union Ave & N 12 St,38,0,New York,Usa,11
E 118 St & Park Ave,24,2,New York,Usa,11
Courtlandt Ave & E 149 St,3,19,New York,Usa,11
Madison St & Seneca Ave,2,19,New York,Usa,11
St James Pl & Pearl St,21,6,New York,Usa,11
56 Ave & 92 St,24,1,New York,Usa,11
30 St & 48 Ave,28,1,New York,Usa,11
Sigourney St & Columbia St,11,10,New York,Usa,11
Parkside Ave & Flatbush Ave,22,0,New York,Usa,11
Kingston Ave & Montgomery St,8,8,New York,Usa,11
Clinton Ave & Myrtle Ave,16,13,New York,Usa,11
E 39 St & Lexington Ave,3,56,New York,Usa,11
Andrew Ave N & Hall of Fame Tce,14,5,New York,Usa,11
W 64 St & Thelonious Monk Circle,7,34,New York,Usa,11
Warren St,4,17,New York,Usa,11
Bergen St & Mother Gaston Blvd,21,1,New York,Usa,11
Franklin Ave & E 169 St,0,17,New York,Usa,11
E 161 St & Park Ave,10,9,New York,Usa,11
Shore Rd & Oliver St,10,5,New York,Usa,11
Steinway St & 23 Ave,19,1,New York,Usa,11
99 St & 3 Ave,13,0,New York,Usa,11
Evergreen Ave & Noll St,24,1,New York,Usa,11
1 Ave & E 110 St,18,5,New York,Usa,11
3 Ave & E 170 St,7,12,New York,Usa,11
W 176 St & Montgomery Ave,1,17,New York,Usa,11
Madison St & 10 St,14,5,New York,Usa,11
W 51 St & Rockefeller Plaza,14,34,New York,Usa,11
Booth St & 68 Dr,1,14,New York,Usa,11
Verveelen Pl & Broadway,16,4,New York,Usa,11
Calyer St & West St,7,28,New York,Usa,11
Monroe St & Bedford Ave,7,14,New York,Usa,11
E 18 St & Church Ave,29,1,New York,Usa,11
Jackson St & Leonard St,21,1,New York,Usa,11
15 Ave & 37 St,12,0,New York,Usa,11
Bailey Ave & W 238 St,13,5,New York,Usa,11
Jerome Ave & E Mosholu Pkwy N,3,17,New York,Usa,11
Cortelyou Rd & Albany Ave,16,4,New York,Usa,11
E 5 St & Ave C,34,21,New York,Usa,11
E 72 St & York Ave,30,4,New York,Usa,11
Independence Ave & W 240 St,7,5,New York,Usa,11
Fulton St & Williams Ave,14,7,New York,Usa,11
Queens Blvd N & 72 Rd,2,14,New York,Usa,11
W 159 St & Edgecombe Ave,1,18,New York,Usa,11
Edgecombe Ave & W 145 St,10,18,New York,Usa,11
65 St & 35 Ave,11,13,New York,Usa,11
Hudson St & W 13 St,21,19,New York,Usa,11
61 St & Queens Blvd,22,4,New York,Usa,11
Driggs Ave & Lorimer St,25,1,New York,Usa,11
MLK Dr & Bramhall Ave,6,7,New York,Usa,11
10 St & 2 Ave,18,1,New York,Usa,11
Hudson St & N Moore St,61,8,New York,Usa,11
N 7 St & Driggs Ave,45,2,New York,Usa,11
57 St & 43 Ave,0,20,New York,Usa,11
1 Ave & E 44 St,21,65,New York,Usa,11
Amsterdam Ave & W 186 St,11,9,New York,Usa,11
Manila & 1st,2,15,New York,Usa,11
W 233 St & Albany Crescent,14,5,New York,Usa,11
Nassau St & Duffield St,33,18,New York,Usa,11
Anthony Ave & E Tremont Ave,3,16,New York,Usa,11
E 196 St & Valentine Ave,4,20,New York,Usa,11
72 St & Broadway,14,6,New York,Usa,11
53 St & 2 Ave,16,14,New York,Usa,11
Washington St & Barrow St,24,32,New York,Usa,11
Broadway & 74 St,26,1,New York,Usa,11
St Johns Pl & Kingston Ave,8,14,New York,Usa,11
W 49 St & 8 Ave,12,55,New York,Usa,11
Crotona Pkwy & Bronx Park S,5,19,New York,Usa,11
Throop Ave & Myrtle Ave,9,11,New York,Usa,11
Liberty Light Rail,13,9,New York,Usa,11
Broadway & Whipple St,16,5,New York,Usa,11
1 Ave & E 30 St,19,17,New York,Usa,11
Delancey St & Eldridge St,26,4,New York,Usa,11
Devoe St & Morgan Ave,17,1,New York,Usa,11
Broadway & W 37 St,11,44,New York,Usa,11
46 St & 28 Ave,5,14,New York,Usa,11
Monroe St & Marcus Garvey Blvd,8,11,New York,Usa,11
Forsyth St & Broome St,58,7,New York,Usa,11
51 St & Hobart St,10,11,New York,Usa,11
Montgomery St & Franklin Ave,9,10,New York,Usa,11
Eastern Pkwy & Rochester Ave,12,10,New York,Usa,11
Van Sinderen Ave & Truxton St,10,11,New York,Usa,11
W 42 St & Dyer Ave,10,21,New York,Usa,11
Knickerbocker Ave & George St,20,2,New York,Usa,11
39 St & 50 Ave,3,15,New York,Usa,11
S 3 St & Bedford Ave,17,6,New York,Usa,11
Van Buren St & Broadway,4,20,New York,Usa,11
47 Ave & 109 St,25,1,New York,Usa,11
Perry Ave & E 204 St,2,19,New York,Usa,11
46 St & 25 Ave,14,10,New York,Usa,11
Albany St & Greenwich St,31,12,New York,Usa,11
St Marks Ave & Rochester Ave,5,14,New York,Usa,11
Lenox Ave & W 111 St,31,3,New York,Usa,11
Skillman Ave & Honeywell St,7,11,New York,Usa,11
60 Pl & Flushing Ave,7,11,New York,Usa,11
Garrison Ave & Manida St,22,7,New York,Usa,11
31 St & Ditmars Blvd,13,8,New York,Usa,11
Knickerbocker Ave & Moffat St,2,20,New York,Usa,11
Grant Ave & MLK Dr,8,10,New York,Usa,11
2 Ave & 32 St,23,2,New York,Usa,11
74 St & 37 Ave,2,28,New York,Usa,11
McKibbin St & Bogart St,27,1,New York,Usa,11
Inwood Ave & W 170 St,17,1,New York,Usa,11
Jay St & Tech Pl,27,22,New York,Usa,11
Stephen St & Seneca Ave,6,8,New York,Usa,11
E 103 St & Lexington Ave,30,5,New York,Usa,11
113 St & Jewel Ave,7,5,New York,Usa,11
5 Ave & 37 St,24,4,New York,Usa,11
Central Park W & W 103 St,27,10,New York,Usa,11
Grand Concourse & E 144 St,8,15,New York,Usa,11
Park Ave & E 40 St,22,47,New York,Usa,11
Broadway & W 234 St,28,1,New York,Usa,11
E 165 St & Fox St,24,1,New York,Usa,11
Lenox Ave & W 144 St,16,6,New York,Usa,11
Lenox Ave & W 115 St,23,7,New York,Usa,11
E 174 St & Walton Ave,9,18,New York,Usa,11
98 St & 41 Ave,5,16,New York,Usa,11
Tiebout Ave & E 184 St,9,9,New York,Usa,11
MacDonough St & Marcy Ave,10,11,New York,Usa,11
Barry St & Tiffany St,15,3,New York,Usa,11
Parkside Ave & Ocean Ave,23,7,New York,Usa,11
56 Ave & Junction Blvd,22,0,New York,Usa,11
Jerome Ave & W 195 St,18,12,New York,Usa,11
Cauldwell Ave & E 161 St,5,11,New York,Usa,11
Caton Ave & St. Pauls Pl,19,1,New York,Usa,11
Kenmare St & Elizabeth St,28,8,New York,Usa,11
Ditmars Blvd & 48 St,16,1,New York,Usa,11
Union St & Bedford Ave,2,21,New York,Usa,11
Hazen St & 20 Ave,22,1,New York,Usa,11
Congress St & Hicks St,16,18,New York,Usa,11
103 St & 41 Ave,10,12,New York,Usa,11
62 Dr & 97 St,24,0,New York,Usa,11
Eastern Pkwy & Nostrand Ave,2,24,New York,Usa,11
Soissons Landing,19,9,New York,Usa,11
Hancock St & Stuyvesant Ave,4,14,New York,Usa,11
40 St & 3 Ave,30,1,New York,Usa,11
72 St & Northern Blvd,7,12,New York,Usa,11
57 St & 37 Ave,10,10,New York,Usa,11
Main St & Plymouth St,7,35,New York,Usa,11
East End Ave & E 86 St,14,12,New York,Usa,11
Elmhurst Ave & Roosevelt Ave,2,18,New York,Usa,11
W 67 St & Broadway,20,10,New York,Usa,11
E 182 St & Park Ave,2,21,New York,Usa,11
Sedgwick Ave & W 195 St,3,14,New York,Usa,11
Willoughby Ave & Wyckoff Ave,17,6,New York,Usa,11
Broadway & W 138 St,7,20,New York,Usa,11
Mercer St & Spring St,62,1,New York,Usa,11
31 Ave & 86 St,0,17,New York,Usa,11
32 Ave & 77 St,3,20,New York,Usa,11
Eastern Pkwy & Franklin Ave (NE Corner),30,10,New York,Usa,11
W 113 St & Broadway,21,17,New York,Usa,11
W 47 St & 9 Ave,27,26,New York,Usa,11
1 Ave & E 78 St,24,32,New York,Usa,11
Van Cortlandt Park S & Gouverneur Ave,6,18,New York,Usa,11
E 106 St & Lexington Ave,21,4,New York,Usa,11
E 167 St & Bryant Ave,14,5,New York,Usa,11
Communipaw & Berry Lane,5,4,New York,Usa,11
E 170 St & Webster Ave,8,12,New York,Usa,11
Queens Blvd & 56 Ave,32,6,New York,Usa,11
Central Ave & Woodbine St,11,7,New York,Usa,11
Ditmars Blvd & 43 St,21,4,New York,Usa,11
64 St & Woodbine St,8,11,New York,Usa,11
Clinton St & Joralemon St,31,17,New York,Usa,11
Adelphi St & Myrtle Ave,8,19,New York,Usa,11
Rutgers St & Henry St,20,19,New York,Usa,11
E 115 St & Madison Ave,22,4,New York,Usa,11
E 201 St & Briggs Ave,2,15,New York,Usa,11
Barrow St & Hudson St,7,36,New York,Usa,11
Prospect Park W & 20 St,24,1,New York,Usa,11
43 Ave & 42 St,11,13,New York,Usa,11
Metropolitan Ave & Stewart Ave,20,0,New York,Usa,11
Knickerbocker Ave & Thames St,17,1,New York,Usa,11
10 Ave & W 204 St,17,1,New York,Usa,11
Cathedral Pkwy & Broadway,18,4,New York,Usa,11
Myrtle Ave & Grove St,17,6,New York,Usa,11
Dyckman St & Staff St,13,4,New York,Usa,11
5 Ave & E 72 St,30,1,New York,Usa,11
Van Nostrand Ave & Ocean Ave,8,5,New York,Usa,11
5 Ave & 44 St,3,21,New York,Usa,11
South Railroad Ave & Broadway,17,7,New York,Usa,11
63 Ave & 99 St,16,2,New York,Usa,11
S 4 St & Rodney St,16,4,New York,Usa,11
34 Ave & 83 St,13,7,New York,Usa,11
W 190 St & Broadway,5,15,New York,Usa,11
Adam Clayton Powell Blvd & W 132 St,17,4,New York,Usa,11
76 St & 21 Ave,20,0,New York,Usa,11
Allen St & Rivington St,28,10,New York,Usa,11
Boston Rd & E 178 St,19,3,New York,Usa,11
W 30 St & 8 Ave,0,64,New York,Usa,11
Grove St PATH,14,16,New York,Usa,11
Brevoort Pl & Bedford Ave,2,21,New York,Usa,11
Union St & 4 Ave,24,2,New York,Usa,11
Netherland Ave & W 232 St,6,5,New York,Usa,11
E 51 St & 1 Ave,3,30,New York,Usa,11
Danforth Light Rail,12,4,New York,Usa,11
McKeever Pl & Sullivan Pl,13,5,New York,Usa,11
E 8 St & Caton Ave,28,0,New York,Usa,11
21 St & 20 Ave,16,3,New York,Usa,11
Dean St & Rockaway Ave,8,13,New York,Usa,11
Suydam St & St Nicholas Ave,17,0,New York,Usa,11
Borden Ave & 25 St,17,10,New York,Usa,11
Grove St & Broadway,19,8,New York,Usa,11
Greenwich St & Perry St,13,31,New York,Usa,11
53 St & Roosevelt Ave,5,15,New York,Usa,11
72 Rd & 113 St,1,11,New York,Usa,11
Bushwick Ave & Furman Ave,26,1,New York,Usa,11
53 Ave & 62 St,17,2,New York,Usa,11
54 St & 37 Ave,17,8,New York,Usa,11
Schenectady Ave & President St,3,19,New York,Usa,11
77 St & 24 Ave,13,5,New York,Usa,11
Fieldston Rd & Mosholu Ave,10,3,New York,Usa,11
Columbus Ave & W 59 St,32,10,New York,Usa,11
Maple St & New York Ave,20,2,New York,Usa,11
Suydam St & Knickerbocker Ave,22,3,New York,Usa,11
Brooklyn Ave & Tilden Ave,24,0,New York,Usa,11
Lafayette Ave & Ft Greene Pl,30,2,New York,Usa,11
Shore Rd & 74 St,7,5,New York,Usa,11
Central Ave & Covert St,7,22,New York,Usa,11
Steinway St & 21 Ave,21,0,New York,Usa,11
Bushwick Ave & Linden St,2,26,New York,Usa,11
64 St & 51 Ave,15,2,New York,Usa,11
E 102 St & 1 Ave,21,2,New York,Usa,11
Walnut Ave & E 136 St,7,10,New York,Usa,11
5 Ave & W 131 St,17,0,New York,Usa,11
State St & Smith St,49,14,New York,Usa,11
Albany Ave & Park Pl,8,10,New York,Usa,11
Bailey Ave & W 193 St,14,7,New York,Usa,11
River Ave & E 153 St,25,1,New York,Usa,11
Clinton St & 4 Place,10,11,New York,Usa,11
7 St & 3 Ave,11,11,New York,Usa,11
W Fordham Rd & Loring Pl N,15,7,New York,Usa,11
W 27 St & 6 Ave,31,16,New York,Usa,11
E 12 St & Ave C,12,21,New York,Usa,11
Amsterdam Ave & W 175 St,15,6,New York,Usa,11
6 Ave & 9 St,19,7,New York,Usa,11
Clarkson Ave & E 37 St,18,3,New York,Usa,11
Corona Ave & 92 St,13,8,New York,Usa,11
E 26 St & 3 Ave,15,23,New York,Usa,11
3 Ave & E 82 St,29,13,New York,Usa,11
83 St & Narrows Ave,9,1,New York,Usa,11
Lorimer St & Broadway,17,12,New York,Usa,11
6 St & 7 Ave,15,5,New York,Usa,11
Tilden Ave & Lott St,14,2,New York,Usa,11
31 St & Astoria Blvd,26,5,New York,Usa,11
Danforth Ave & JFK Blvd,11,2,New York,Usa,11
89 St & 3 Ave,12,8,New York,Usa,11
E 27 St & Park Ave S,45,22,New York,Usa,11
E 17 St & Beverley Rd,21,2,New York,Usa,11
Fulton St & Broadway,22,27,New York,Usa,11
3 St & Prospect Park West,8,21,New York,Usa,11
Carmine St & 6 Ave,43,19,New York,Usa,11
Jerome Ave & Bainbridge Ave,6,11,New York,Usa,11
Metropolitan Ave & Bedford Ave,52,1,New York,Usa,11
Harman St & Seneca Ave,16,3,New York,Usa,11
Page Pl & Grand Ave,13,7,New York,Usa,11
Cadman Plaza E & Tillary St,42,10,New York,Usa,11
Madison St & Woodward Ave,4,14,New York,Usa,11
Frederick Douglass Blvd & Harlem River Dr,14,4,New York,Usa,11
Pacific St & Ralph Ave,2,14,New York,Usa,11
6 Ave & W 34 St,18,48,New York,Usa,11
Milton St & Franklin St,20,13,New York,Usa,11
Ave A & E 11 St,36,32,New York,Usa,11
W 90 St & Amsterdam Ave,10,22,New York,Usa,11
7 Ave & 20 St,20,0,New York,Usa,11
E 103 St & 2 Ave,18,15,New York,Usa,11
30 Ave & 12 St,27,6,New York,Usa,11
Catalpa Ave & Woodward Ave,10,9,New York,Usa,11
E 31 St & 3 Ave,18,43,New York,Usa,11
Broadway & Berry St,18,14,New York,Usa,11
Pearl St & Hanover Square,63,5,New York,Usa,11
2 Ave & E 99 St,20,10,New York,Usa,11
20 Ave & 48 St,22,1,New York,Usa,11
Bond St & Bergen St,25,0,New York,Usa,11
Stockholm St & Wilson Ave,18,5,New York,Usa,11
67 St & Erik Pl,9,14,New York,Usa,11
57 Rd & 58 St,14,6,New York,Usa,11
Graham Ave & Withers St,16,1,New York,Usa,11
Jerome Ave & E Mosholu Pkwy S,13,10,New York,Usa,11
44 St & 48 Ave,14,9,New York,Usa,11
Bay Ridge Pkwy & 5 Ave,7,6,New York,Usa,11
79 St & 5 Ave,5,10,New York,Usa,11
E 181 St & Bathgate Ave,2,19,New York,Usa,11
Martense Ave & 108 St,18,2,New York,Usa,11
Journal Square,4,0,New York,Usa,11
Fort Hamilton Pkwy & 85 St,13,0,New York,Usa,11
Adams St & Prospect St,8,47,New York,Usa,11
Eliot Ave & 60 Ln,10,12,New York,Usa,11
Tinton Ave & E 165 St,12,7,New York,Usa,11
24 Ave & 26 St,19,0,New York,Usa,11
Troy Ave & Linden Blvd,18,3,New York,Usa,11
W 171 St & St Nicholas Ave,11,19,New York,Usa,11
W 84 St & Columbus Ave,12,21,New York,Usa,11
36 St & 47 Ave,8,10,New York,Usa,11
Pacific St & Troy Ave,6,13,New York,Usa,11
E 153 St & E 157 St,16,3,New York,Usa,11
W 87 St & Amsterdam Ave,18,23,New York,Usa,11
31 St & Newtown Ave,35,0,New York,Usa,11
Engert Ave & McGuinness Blvd,8,11,New York,Usa,11
Driggs Ave & N 9 St,48,1,New York,Usa,11
48 St & Broadway,26,4,New York,Usa,11
W 10 St & Washington St,34,29,New York,Usa,11
57 St & 7 Ave,19,2,New York,Usa,11
8 Ave & W 24 St,4,32,New York,Usa,11
Monroe St & Tompkins Ave,9,9,New York,Usa,11
E 204 St & Webster Ave,15,4,New York,Usa,11
Union Ave & Jackson St,17,2,New York,Usa,11
10 Ave & W 34 St,6,25,New York,Usa,11
Front St & Gold St,6,30,New York,Usa,11
Crescent St & 30 Ave,8,15,New York,Usa,11
19 St & 8 Ave,3,20,New York,Usa,11
102 St & 34 Ave,16,4,New York,Usa,11
W 180 St & Fort Washington Ave,0,20,New York,Usa,11
Columbia St & Lorraine St,13,24,New York,Usa,11
Brook Ave & E 141 St,13,4,New York,Usa,11
Grand Concourse & E 176 St,7,12,New York,Usa,11
Brooklyn Bridge Park - Pier 2,17,11,New York,Usa,11
West End Ave & W 94 St,10,21,New York,Usa,11
E 19 St & 3 Ave,15,18,New York,Usa,11
39 St & 2 Ave,32,0,New York,Usa,11
Ditmars Blvd & 31 Dr,16,8,New York,Usa,11
Park Pl & Franklin Ave,11,8,New York,Usa,11
Leonard St & Maujer St,20,1,New York,Usa,11
Fort Washington Ave & W 190 St,6,13,New York,Usa,11
E 163 St & Tiffany St,9,10,New York,Usa,11
Oakland Ave,4,20,New York,Usa,11
W 26 St & 10 Ave,21,29,New York,Usa,11
E 58 St & 1 Ave (NW Corner),42,7,New York,Usa,11
5 Ave & E 30 St,36,20,New York,Usa,11
Scholes St & Lorimer St,14,13,New York,Usa,11
100 St & Northern Blvd,13,7,New York,Usa,11
Amsterdam Ave & W 172 St,8,12,New York,Usa,11
Southern Blvd & Tiffany St,18,2,New York,Usa,11
47 Ave & 104 St,11,9,New York,Usa,11
Carroll St & Smith St,39,1,New York,Usa,11
E 10 St & Ave A,64,40,New York,Usa,11
South End Ave & Albany St,24,20,New York,Usa,11
Dwight St & Dikeman St,9,12,New York,Usa,11
Montgomery St,3,9,New York,Usa,11
Douglass St & 4 Ave,50,0,New York,Usa,11
President St & Nostrand Ave,2,22,New York,Usa,11
FDR Drive & E 35 St,11,108,New York,Usa,11
Hamilton Pl & W 140 St,1,18,New York,Usa,11
7 Ave & 22 St,7,17,New York,Usa,11
Sedgwick Ave & W Tremont Ave,3,13,New York,Usa,11
Convent Ave & W 151 St,14,7,New York,Usa,11
Grand Ave & 58 Ave,10,8,New York,Usa,11
E 158 St & Melrose Ave,10,9,New York,Usa,11
Jerome Ave & W 184 St,6,12,New York,Usa,11
39 Ave & 99 St,2,18,New York,Usa,11
Willis Ave & Bruckner Blvd,3,10,New York,Usa,11
Convent Ave & W 135 St,10,20,New York,Usa,11
Brooklyn Ave & Dean St,1,17,New York,Usa,11
30 Ave & 47 St,2,19,New York,Usa,11
Southern Blvd & E 187 St,10,7,New York,Usa,11
Kappock St & Independence Ave,6,11,New York,Usa,11
E 93 St & 2 Ave,71,1,New York,Usa,11
Monmouth & 6th,2,12,New York,Usa,11
Church Sq Park - 5 St & Park Ave,1,20,New York,Usa,11
Adams St & 2 St,0,14,New York,Usa,11
Sterling Pl & Bedford Ave,9,14,New York,Usa,11
3 Ave & 14 St,0,0,New York,Usa,11
Broadway & 12 St,24,7,New York,Usa,11
9 Ave & W 204 St,21,1,New York,Usa,11
Elmhurst Ave & Forley St,2,17,New York,Usa,11
Corona Ave & 90 St,9,13,New York,Usa,11
99 St & 58 Ave,24,1,New York,Usa,11
9 Ave & W 18 St,27,53,New York,Usa,11
Pacific St & Rochester Ave,2,17,New York,Usa,11
23 Rd & 31 St,18,3,New York,Usa,11
Queens Blvd N & 75 Ave,24,1,New York,Usa,11
Kosciuszko St & Nostrand Ave,11,11,New York,Usa,11
North Moore St & Greenwich St,19,0,New York,Usa,11
N 11 St & Kent Ave,26,0,New York,Usa,11
Townsend Ave & E 175 St,6,13,New York,Usa,11
Lorimer St & Harrison Ave,13,5,New York,Usa,11
W 44 St & 11 Ave,24,52,New York,Usa,11
Nelson Ave & 167 St,5,14,New York,Usa,11
W 190 St & St Nicholas Ave,7,19,New York,Usa,11
Bedford Ave & Clarkson Ave,18,2,New York,Usa,11
Railroad Ave & Kay Ave,15,14,New York,Usa,11
N Portland Ave & Flushing Ave,28,5,New York,Usa,11
47 St & 3 Ave,13,10,New York,Usa,11
Austin St & 63 Dr,7,9,New York,Usa,11
E 13 St & 2 Ave,26,23,New York,Usa,11
91 St & 31 Ave,11,9,New York,Usa,11
Cypress Ave & Palmetto St,4,20,New York,Usa,11
E 167 St & Franklin Ave,7,12,New York,Usa,11
Lafayette Ave & Franklin Ave,26,1,New York,Usa,11
Tibbett Ave & W 234 St,14,6,New York,Usa,11
31 Ave & 103 St,12,6,New York,Usa,11
61 St & Woodside Ave,6,11,New York,Usa,11
E 58 St & 3 Ave,47,1,New York,Usa,11
6 Ave & 12 St,27,1,New York,Usa,11
Eldert St & Bushwick Ave,6,14,New York,Usa,11
Valentine Ave & E 198 St,5,14,New York,Usa,11
W 95 St & Broadway,12,18,New York,Usa,11
W 37 St & Broadway,63,16,New York,Usa,11
12 St & 4 Ave,7,18,New York,Usa,11
63 Dr & Booth St,19,1,New York,Usa,11
Lewis Ave & Kosciuszko St,8,16,New York,Usa,11
Morris Canal,8,5,New York,Usa,11
51 St & Queens Blvd,3,16,New York,Usa,11
E 91 St & 2 Ave,64,8,New York,Usa,11
51 Ave & 61 St,17,1,New York,Usa,11
Wilkins Ave & Crotona Park E,6,12,New York,Usa,11
65 St & Roosevelt Ave,9,21,New York,Usa,11
Riverside Dr E & W 155 St,11,11,New York,Usa,11
Henry St & Middagh St,16,16,New York,Usa,11
E 50 St & Park Ave,21,15,New York,Usa,11
Crescent St & Ditmars Blvd,13,5,New York,Usa,11
Thompson St & Bleecker St,36,22,New York,Usa,11
Banker St & Meserole Ave,20,11,New York,Usa,11
51 St & 43 Ave,11,16,New York,Usa,11
Sterling Pl & 5 Ave,24,2,New York,Usa,11
Pioneer St & Richards St,19,3,New York,Usa,11
Turner Pl & Coney Island Ave,14,5,New York,Usa,11
Arlington Ave & Wilkinson Ave,6,8,New York,Usa,11
Concord St & Bridge St,6,9,New York,Usa,11
Greenwood Ave & E 4 St,21,0,New York,Usa,11
Greenwich St & Hubert St,21,0,New York,Usa,11
Shore Rd & Narrows Ave,7,4,New York,Usa,11
34 Ave & 48 St,7,18,New York,Usa,11
108 St & Jewel Ave,2,16,New York,Usa,11
N 6 St & Bedford Ave,27,1,New York,Usa,11
Stewart Ave & Johnson Ave,16,1,New York,Usa,11
Crown St & Troy Ave,11,8,New York,Usa,11
E 80 St & 2 Ave,24,4,New York,Usa,11
Bushwick Ave & McKibbin St,21,0,New York,Usa,11
8 Ave & W 55 St,24,46,New York,Usa,11
Ditmars Blvd & 76 St,15,3,New York,Usa,11
Pitkin Ave & Grafton St,16,5,New York,Usa,11
56 Dr & 59 St,11,7,New York,Usa,11
Narrows Ave & MacKay Pl,7,5,New York,Usa,11
46 Ave & 5 St,16,26,New York,Usa,11
70 Rd & 112 St,4,15,New York,Usa,11
30 Ave & 96 St,13,7,New York,Usa,11
5 Ave & 67 St,10,10,New York,Usa,11
Stagg St & Morgan Ave,19,2,New York,Usa,11
River St & Newark St,22,16,New York,Usa,11
60 Ave & Fresh Pond Rd,13,5,New York,Usa,11
Greene Ave & Nostrand Ave,23,0,New York,Usa,11
58 St & 56 Dr,14,5,New York,Usa,11
Woodside Ave & 69 St,4,15,New York,Usa,11
Southpoint Park,26,9,New York,Usa,11
49 Ave & 108 St,14,8,New York,Usa,11
W 29 St & 9 Ave,10,31,New York,Usa,11
W 52 St & 6 Ave,34,25,New York,Usa,11
37 St & 13 Ave,14,1,New York,Usa,11
Lewis Ave & Madison St,3,19,New York,Usa,11
Hoboken Ave at Monmouth St,24,7,New York,Usa,11
Taylor St & Bedford Ave,20,3,New York,Usa,11
Hamilton Park,16,9,New York,Usa,11
Willis Ave & E 141 St,3,16,New York,Usa,11
E 81 St & Park Ave,41,4,New York,Usa,11
Whitney Ave & Ketcham Pl,16,7,New York,Usa,11
10 Ave & W 14 St,42,35,New York,Usa,11
W 144 St & Adam Clayton Powell Blvd,13,10,New York,Usa,11
Echo Pl & Grand Concourse,5,18,New York,Usa,11
E 191 St & Bathgate Ave,14,14,New York,Usa,11
Amsterdam Ave & W 82 St,26,11,New York,Usa,11
Vyse Ave & Boston Rd,11,7,New York,Usa,11
Lenox Ave & W 117 St,36,7,New York,Usa,11
Ashland Pl & Dekalb Ave,42,2,New York,Usa,11
10 Ave & W 207 St,35,1,New York,Usa,11
Willoughby Ave & Tompkins Ave,3,14,New York,Usa,11
Sterling Pl & Rochester Ave,7,13,New York,Usa,11
Davis St & Jackson Ave,29,0,New York,Usa,11
Old Slip & South St,5,85,New York,Usa,11
Beverley Rd & Nostrand Ave,22,0,New York,Usa,11
4 Ave & 99 St,16,0,New York,Usa,11
E 84 St & 1 Ave,22,5,New York,Usa,11
Bedford Ave & Albemarle Rd,19,2,New York,Usa,11
W 165 St & Fort Washington Ave,10,15,New York,Usa,11
11 Ave & W 59 St,10,19,New York,Usa,11
Broadway & W 25 St,49,54,New York,Usa,11
Hilltop,13,12,New York,Usa,11
E 115 St & Lexington Ave,21,3,New York,Usa,11
E 88 St & 1 Ave,31,7,New York,Usa,11
55 St & Northern Blvd,14,9,New York,Usa,11
Riverdale Ave & W 263 St,2,16,New York,Usa,11
Sunken Meadow Comfort Station,17,8,New York,Usa,11
29 St & Skillman Ave,12,15,New York,Usa,11
Metropolitan Ave & Meeker Ave,27,1,New York,Usa,11
Manhattan Ave & Leonard St,17,0,New York,Usa,11
6 Ave & 60 St,13,9,New York,Usa,11
Crotona Park North & Prospect Ave,9,10,New York,Usa,11
11 Ave & W 27 St,30,8,New York,Usa,11
South St & Broad St,0,31,New York,Usa,11
Ridge Blvd & 89 St,5,6,New York,Usa,11
W 192 St & University Ave,10,10,New York,Usa,11
114 St & 39 Ave,28,1,New York,Usa,11
Buffalo Ave & St John's Pl,11,10,New York,Usa,11
Carroll St & Columbia St,22,17,New York,Usa,11
Pacific Ave & Communipaw Ave,4,10,New York,Usa,11
W 11 St & 6 Ave,33,46,New York,Usa,11
Dyckman St & 10 Ave,18,1,New York,Usa,11
Lexington Ave & E 128 St,19,3,New York,Usa,11
Maurice Ave & 53 Dr,11,4,New York,Usa,11
Steinway St & 19 Ave,21,0,New York,Usa,11
DeKalb Ave & Vanderbilt Ave,20,3,New York,Usa,11
16 St & 4 Ave,10,20,New York,Usa,11
Division Ave & Hooper St,60,0,New York,Usa,11
N 10 St & Berry St,45,1,New York,Usa,11
McDonald Ave & Vanderbilt St,14,3,New York,Usa,11
E 180 St & Prospect Ave,14,6,New York,Usa,11
Frederick Douglass Blvd & W 112 St,22,15,New York,Usa,11
21 Ave & Crescent St,16,7,New York,Usa,11
110 St & 66 Rd,5,11,New York,Usa,11
Canal St & Rutgers St,34,10,New York,Usa,11
Shore Pkwy Greenway & Bay Ridge Ave,14,9,New York,Usa,11
University Pl & E 8 St,42,34,New York,Usa,11
Bainbridge Ave & E 196 St,3,14,New York,Usa,11
Cooper Ave & 65 Pl,20,2,New York,Usa,11
Wadsworth Ave & W 179 St,26,8,New York,Usa,11
Glenwood Ave,0,18,New York,Usa,11
50 St & 30 Ave,9,12,New York,Usa,11
74 St & Woodside Ave,4,15,New York,Usa,11
St Felix Ave & 61 St,2,15,New York,Usa,11
2 Ave & E 125 St,6,3,New York,Usa,11
Pier 40 - Hudson River Park,14,4,New York,Usa,11
60 Pl & Bleecker St,2,17,New York,Usa,11
47 Ave & Skillman Ave,9,10,New York,Usa,11
Columbus Ave & W 72 St,25,37,New York,Usa,11
E 138 St & Willow Ave,6,10,New York,Usa,11
Dean St & Franklin Ave,14,5,New York,Usa,11
E 149 St & Morris Ave,8,24,New York,Usa,11
58 St & 32 Ave,4,15,New York,Usa,11
