name,free_bikes,empty_slots,city,country,position
Chester Ave & 12 Ave,14,2,New York,Usa,2
W 56 St & 8 Ave,15,32,New York,Usa,2
S Portland Ave & Hanson Pl,11,11,New York,Usa,2
E 78 St & 2 Ave,21,0,New York,Usa,2
87 St & Roosevelt Ave,0,22,New York,Usa,2
E 157 St & River Ave,5,11,New York,Usa,2
E 17 St & Broadway,8,69,New York,Usa,2
Central Ave & Flushing Ave,10,11,New York,Usa,2
Colonial Rd & 71 St,6,6,New York,Usa,2
E 149 St & Eagle Ave,7,12,New York,Usa,2
E 165 St & Jerome Ave,8,11,New York,Usa,2
72 St & 31 Ave,12,8,New York,Usa,2
Amity St & Court St,24,1,New York,Usa,2
Irwin Ave & W 232 St,17,2,New York,Usa,2
Nassau Ave & Russell St,44,1,New York,Usa,2
1 St & 6 Ave,29,6,New York,Usa,2
Bulova Ave & Brooklyn Queens Expressway W,5,10,New York,Usa,2
45 St & 4 Ave,4,17,New York,Usa,2
Watts St & Greenwich St,36,14,New York,Usa,2
Murray St & West St (NW Corner),69,4,New York,Usa,2
Broadway & E 14 St,0,110,New York,Usa,2
Hegeman Ave & Powell St,14,1,New York,Usa,2
Harrison Pl & Porter Ave,15,2,New York,Usa,2
W 87 St & West End Ave,20,22,New York,Usa,2
108 St & 66 Rd,20,0,New York,Usa,2
3 Ave & E 109 St,13,12,New York,Usa,2
3 Ave & 92 St,11,2,New York,Usa,2
Myrtle Ave & St Edwards St,17,31,New York,Usa,2
E 9 St & Ave C,16,28,New York,Usa,2
Marcy Ave & Gates Ave,18,3,New York,Usa,2
Beverley Rd & Flatbush Ave,21,4,New York,Usa,2
Bergen St & Vanderbilt Ave,11,12,New York,Usa,2
E 149 St & Park Ave,6,18,New York,Usa,2
Sheridan Ave & E 168 St,2,16,New York,Usa,2
Dyckman St & Henshaw St,5,14,New York,Usa,2
Hudson St & Reade St,22,29,New York,Usa,2
E 106 St & 1 Ave,21,0,New York,Usa,2
E 1 St & Bowery,29,14,New York,Usa,2
Melrose Ave & E 150 St,8,21,New York,Usa,2
Botanical Sq & Webster Ave,24,3,New York,Usa,2
E 23 St & 1 Ave,17,10,New York,Usa,2
Buchanan Pl & Grand Ave,6,14,New York,Usa,2
Flatbush Ave & Ocean Ave,32,7,New York,Usa,2
Halsey St & Evergreen Ave,5,13,New York,Usa,2
Southern Blvd & E 174 St,2,21,New York,Usa,2
Park Pl & Church St,49,3,New York,Usa,2
Kent Ave & N 7 St,47,32,New York,Usa,2
E 188 St & Creston Ave,4,21,New York,Usa,2
E 92 St & Rutland Rd,12,0,New York,Usa,2
Charlton St & Hudson St,38,3,New York,Usa,2
37 St & Fort Hamilton Pkwy,5,6,New York,Usa,2
63 St & 59 Dr,15,6,New York,Usa,2
Decatur Ave & E 197 St,1,13,New York,Usa,2
E 94 St & Madison Ave,40,0,New York,Usa,2
55 Ave & 90 St,12,4,New York,Usa,2
Vernon Blvd & 41 Rd,18,5,New York,Usa,2
South St & Whitehall St,47,7,New York,Usa,2
21 St & Queens Plaza N,0,34,New York,Usa,2
Bronx Park S & Bryant Ave,15,1,New York,Usa,2
W 47 St & 6 Ave,1,64,New York,Usa,2
E 34 St & Linden Blvd,16,5,New York,Usa,2
Liberty St & Broadway,57,5,New York,Usa,2
Frost St & Debevoise Ave,1,20,New York,Usa,2
Greenwich St & Christopher St,0,0,New York,Usa,2
3 Ave & Schermerhorn St,15,10,New York,Usa,2
Franklin Ave & St Marks Ave,18,8,New York,Usa,2
W 170 St & University Ave,0,18,New York,Usa,2
Steuben Ave & E 210 St,6,7,New York,Usa,2
Menahan St & Wyckoff Ave,14,1,New York,Usa,2
E 114 St & 1 Ave,23,1,New York,Usa,2
Bergen St & 4 Ave,6,26,New York,Usa,2
Ave D & E 3 St,51,0,New York,Usa,2
Edgecombe Ave & W 167 St,13,10,New York,Usa,2
W 100 St & Broadway,5,30,New York,Usa,2
Caton Ave & E 10 St,22,1,New York,Usa,2
Morningside Ave & W 123 St,17,17,New York,Usa,2
65 Pl & Central Ave,10,10,New York,Usa,2
Gerard Ave & E 164 St,6,13,New York,Usa,2
Eastern Pkwy & Brooklyn Ave,0,15,New York,Usa,2
Riverview Park,11,5,New York,Usa,2
Jerome Ave & E Gun Hill Rd,1,15,New York,Usa,2
W 42 St & 6 Ave,0,51,New York,Usa,2
Riverside Dr & W 138 St,3,23,New York,Usa,2
39 St & Queens Blvd,7,13,New York,Usa,2
95 St & 35 Ave,3,19,New York,Usa,2
W 78 St & Broadway,13,22,New York,Usa,2
Coffey St & Conover St,8,24,New York,Usa,2
Warren St & Smith St,28,5,New York,Usa,2
Willmohr St & Rockaway Pkwy,11,3,New York,Usa,2
E 91 St & Park Ave,33,0,New York,Usa,2
59 St & 4 Ave,23,5,New York,Usa,2
5 Ave & W 126 St,10,15,New York,Usa,2
W 15 St & 6 Ave,11,58,New York,Usa,2
Crotona Pkwy & Elsmere Pl,3,22,New York,Usa,2
Powers St & Olive St,18,0,New York,Usa,2
E 55 St & 2 Ave,10,18,New York,Usa,2
Morris Ave & E 142 St,12,5,New York,Usa,2
Case St & 94 St,11,9,New York,Usa,2
E 2 St & Ave B,52,28,New York,Usa,2
Fulton Ave & E 168 St,4,14,New York,Usa,2
W 92 St & Broadway,8,11,New York,Usa,2
36 St & 4 Ave,24,3,New York,Usa,2
Bloomfield St & 15 St,7,6,New York,Usa,2
Broadway & W 153 St,3,14,New York,Usa,2
Livonia Ave & Williams Ave,12,3,New York,Usa,2
Queens Blvd N & 78 Ave,15,7,New York,Usa,2
Washington Ave & Greene Ave,7,11,New York,Usa,2
E 17 St & 2 Ave,16,28,New York,Usa,2
Forley St & Lamont Ave,15,5,New York,Usa,2
Market St & Henry St,41,1,New York,Usa,2
Pacific St & Smith St,44,2,New York,Usa,2
Pacific St & Classon Ave,16,3,New York,Usa,2
Montague St & Hicks St,27,6,New York,Usa,2
E 93 St & Winthrop St,10,4,New York,Usa,2
Union St & Bergen Ave,3,11,New York,Usa,2
W 56 St & 10 Ave,24,18,New York,Usa,2
Grand Concourse & E 199 St,1,17,New York,Usa,2
Knickerbocker Ave & Halsey St,15,1,New York,Usa,2
New York Ave & Snyder Ave,15,2,New York,Usa,2
111 St & 49 Ave,7,22,New York,Usa,2
Home St & Westchester Ave,18,1,New York,Usa,2
Andrews Ave S & W 179 St,3,11,New York,Usa,2
Morton St & Greenwich St,50,3,New York,Usa,2
Lott St & Erasmus St,12,6,New York,Usa,2
Putnam Ave & Throop Ave,11,8,New York,Usa,2
5 Ave & 88 St,14,0,New York,Usa,2
21 St & Hoyt Ave S,28,4,New York,Usa,2
E 176 St & Clinton Ave,9,8,New York,Usa,2
39 Dr & 52 St,6,10,New York,Usa,2
Greenpoint Ave & 47 St,8,14,New York,Usa,2
Clinton St & Centre St,3,18,New York,Usa,2
Bedford Ave & Fenimore St,14,0,New York,Usa,2
E 179 St & Southern Blvd,5,16,New York,Usa,2
E 134 St & Walnut Ave,8,8,New York,Usa,2
Freeman St & Reverend James A Polite Ave,0,15,New York,Usa,2
Carroll St & Washington Ave,16,8,New York,Usa,2
W 45 St & 8 Ave,27,32,New York,Usa,2
Bergen St & Saratoga Ave,4,13,New York,Usa,2
Cleveland Pl & Spring St,24,7,New York,Usa,2
E 180 St & Monterey Ave,13,5,New York,Usa,2
Sumpter St & Fulton St,8,10,New York,Usa,2
79 St & Woodside Ave,5,13,New York,Usa,2
E 15 St & 3 Ave,3,70,New York,Usa,2
Woodside Ave & 55 St,8,10,New York,Usa,2
Nostrand Ave & Flushing Ave,3,20,New York,Usa,2
Yellowstone Blvd & 65 Ave,11,3,New York,Usa,2
20 Ave & 31 St,18,3,New York,Usa,2
Franklin St & Dupont St,19,3,New York,Usa,2
Myrtle Ave & Lewis Ave,6,13,New York,Usa,2
1 Ave & E 94 St,34,2,New York,Usa,2
Queens Blvd S & 71 Ave,16,12,New York,Usa,2
E 135 St & St Ann's Ave,15,4,New York,Usa,2
E 35 St & Madison Ave,34,13,New York,Usa,2
49 St & 25 Ave,7,15,New York,Usa,2
Strong St & University Ave,3,15,New York,Usa,2
Carlton Ave & Park Ave,18,1,New York,Usa,2
110 St & 68 Ave,10,2,New York,Usa,2
Clinton St & Tillary St,32,0,New York,Usa,2
Sheridan Ave & E 172 St,18,3,New York,Usa,2
19 St & 24 Ave,20,2,New York,Usa,2
Winthrop St & Schenectady Ave,21,0,New York,Usa,2
Forsyth St & Canal St,21,4,New York,Usa,2
6 Ave & 21 St,15,10,New York,Usa,2
100 St & 37 Ave,1,18,New York,Usa,2
Beaver St & Fayette St,5,24,New York,Usa,2
Legion St & Blake Ave,10,0,New York,Usa,2
Malcolm X Blvd & DeKalb Ave,8,9,New York,Usa,2
Walton Ave & E 183 St,6,19,New York,Usa,2
Somers St & Rockaway Ave,0,17,New York,Usa,2
Carroll St & 5 Ave,20,0,New York,Usa,2
Astor Place,6,6,New York,Usa,2
12 St & Sinatra Dr N,15,13,New York,Usa,2
Cedar St & Myrtle Ave,5,18,New York,Usa,2
E 45 St & 3 Ave,6,39,New York,Usa,2
Morris Ave & McClellan St,15,5,New York,Usa,2
E 161 St & River Ave,16,17,New York,Usa,2
Park Ave & Marcy Ave,6,16,New York,Usa,2
81 St & 35 Ave,0,17,New York,Usa,2
3 Ave & E 189 St,15,13,New York,Usa,2
27 Ave & 3 St,15,1,New York,Usa,2
10 Ave & W 18 St,60,17,New York,Usa,2
Decatur Ave & Bedford Park Blvd,15,1,New York,Usa,2
Riverside Dr & W 82 St,31,32,New York,Usa,2
Fulton St & Adams St,18,26,New York,Usa,2
32 Ave & 81 St,1,13,New York,Usa,2
Driggs Ave & S 2 St,12,13,New York,Usa,2
Jerome Ave & W 193 St,4,13,New York,Usa,2
W 74 St & Columbus Ave,14,11,New York,Usa,2
Central Ave & Himrod St,7,14,New York,Usa,2
W 17 St & 8 Ave,6,55,New York,Usa,2
Paul Ave & W 205 St,13,6,New York,Usa,2
Ditmars Blvd & 79 St,21,2,New York,Usa,2
3 Ave & E 174 St,10,21,New York,Usa,2
Broadway & 49 St,22,0,New York,Usa,2
Calyer St & Jewel St,25,10,New York,Usa,2
Cypress Hills St & Otto Rd,8,9,New York,Usa,2
61 St & 39 Ave,7,21,New York,Usa,2
E 179 St & Daly Ave,12,7,New York,Usa,2
Concourse Village West & E 156 St,10,7,New York,Usa,2
Grand St,12,2,New York,Usa,2
Perry St & Bleecker St,21,10,New York,Usa,2
Broadway & Battery Pl,47,2,New York,Usa,2
Waldron St & 108 St,13,3,New York,Usa,2
Prospect Pl & Underhill Ave,21,0,New York,Usa,2
Broadway & Moylan Pl,8,30,New York,Usa,2
Queens Blvd & 56 St,18,2,New York,Usa,2
Newark St & Washington St,12,8,New York,Usa,2
1 Ave & E 42 St,26,33,New York,Usa,2
Amsterdam Ave & W 189 St,4,13,New York,Usa,2
Buffalo Ave & E New York Ave,11,11,New York,Usa,2
E 182 St & Grand Concourse,8,14,New York,Usa,2
Prospect Ave & E 151 St,21,0,New York,Usa,2
34 Ave & 74 St,7,17,New York,Usa,2
E 2 St & Ave C,73,5,New York,Usa,2
66 Rd & 102 St,16,0,New York,Usa,2
Sands St & Jay St,37,1,New York,Usa,2
Fulton Ave & E 172 St,9,8,New York,Usa,2
Shore Rd & 86 St,6,3,New York,Usa,2
Christ Hospital,1,20,New York,Usa,2
112 St & Northern Blvd,14,1,New York,Usa,2
59 St & 5 Ave,7,21,New York,Usa,2
Irving Ave & Palmetto St,16,3,New York,Usa,2
University Ave & Macombs Rd,0,18,New York,Usa,2
Riverdale Ave & Thomas S. Boyland St,11,1,New York,Usa,2
W 76 St & Columbus Ave,44,7,New York,Usa,2
Devoe St & Lorimer St,6,21,New York,Usa,2
Lewis Ave & Fulton St,7,4,New York,Usa,2
E 43 St & 2 Ave,3,44,New York,Usa,2
Cortelyou Rd & E 34 St,11,0,New York,Usa,2
46 St & Queens Blvd,10,16,New York,Usa,2
Picnic Point,15,28,New York,Usa,2
26 Ave & 2 St,17,3,New York,Usa,2
Goulden Ave & W 205 St,10,7,New York,Usa,2
53 Ave & 94 St,14,5,New York,Usa,2
Tilden Ave & Nostrand Ave,20,0,New York,Usa,2
62 St & 43 Ave,7,10,New York,Usa,2
E 7 St & Ave B,29,39,New York,Usa,2
Yellowstone Blvd & 68 Ave,13,1,New York,Usa,2
99 St & 35 Ave,0,22,New York,Usa,2
2 Ave & E 29 St,36,11,New York,Usa,2
E 6 St & 2 Ave,62,5,New York,Usa,2
21 St & 21 Ave,11,6,New York,Usa,2
Schermerhorn St & Court St,31,27,New York,Usa,2
Austin St & 66 Ave,12,0,New York,Usa,2
W 89 St & Columbus Ave,27,18,New York,Usa,2
44 Dr & 21 St,1,36,New York,Usa,2
Little West St & 1 Pl,16,14,New York,Usa,2
E 66 St & Madison Ave,8,26,New York,Usa,2
108 St & 39 Ave,21,0,New York,Usa,2
35 St & Broadway,16,1,New York,Usa,2
44 Dr & Jackson Ave,1,30,New York,Usa,2
Front St & Jay St,17,2,New York,Usa,2
New Lots Ave & Ashford St,14,2,New York,Usa,2
E 10 St & 5 Ave,22,18,New York,Usa,2
51 Ave & Junction Blvd,7,12,New York,Usa,2
Halsey St & Broadway,4,12,New York,Usa,2
Southern Blvd & E 175 St,3,15,New York,Usa,2
Berkeley Pl & 6 Ave,16,20,New York,Usa,2
Clarkson Ave & E 91 St,6,5,New York,Usa,2
Linden Blvd & Nostrand Ave,17,4,New York,Usa,2
Broadway & Roebling St,1,20,New York,Usa,2
92 St & Astoria Blvd,9,9,New York,Usa,2
Hinsdale St & Linden Blvd,6,5,New York,Usa,2
Charlotte St & Boston Rd,2,15,New York,Usa,2
Brook Ave & E 138 St,15,5,New York,Usa,2
Grand Concourse & E 171 St,1,19,New York,Usa,2
Ralph Ave & Fulton St,14,8,New York,Usa,2
Broadway & W 157 St,19,7,New York,Usa,2
Leonard St & Church St,22,21,New York,Usa,2
56 St & 2 Ave,22,10,New York,Usa,2
Bedford Ave & Bergen St,7,12,New York,Usa,2
Bus Slip & State St,63,4,New York,Usa,2
Greene Ave & Grandview Ave,5,11,New York,Usa,2
Park Pl & Carlton Ave,1,22,New York,Usa,2
JC Medical Center,14,4,New York,Usa,2
Austin St & 70 Rd,13,9,New York,Usa,2
Church Ave & E 45 St,19,2,New York,Usa,2
Fulton St & William St,21,21,New York,Usa,2
E 81 St & York Ave,36,7,New York,Usa,2
69 St & 43 Ave,6,12,New York,Usa,2
Park Circle & East Dr,27,0,New York,Usa,2
50 St & 7 Ave,2,16,New York,Usa,2
Degraw St & Hoyt St,22,1,New York,Usa,2
E Fordham Rd & Webster Ave,0,0,New York,Usa,2
Ave D & E 10 St,25,3,New York,Usa,2
36 St & Queens Blvd,6,17,New York,Usa,2
Flatbush Ave & Lincoln Rd,18,0,New York,Usa,2
E 174 St & Longfellow Ave,9,9,New York,Usa,2
Wilson Ave & Moffat St,17,11,New York,Usa,2
Livonia Ave & Rockaway Ave,20,0,New York,Usa,2
Jackson Ave & 50 Ave,2,28,New York,Usa,2
E 156 St & Brook Ave,4,12,New York,Usa,2
Bruckner Blvd & Faile St,8,12,New York,Usa,2
Pleasant Ave & E 120 St,14,4,New York,Usa,2
Onderdonk Ave & Gates Ave,8,8,New York,Usa,2
Prospect Pl & 6 Ave,11,11,New York,Usa,2
University Ave & Brandt Pl,1,18,New York,Usa,2
Lincoln Ave & E 138 St,16,7,New York,Usa,2
Edgecombe Ave & W 141 St,6,13,New York,Usa,2
8 Ave & W 27 St,13,20,New York,Usa,2
W 20 St & 5 Ave,41,15,New York,Usa,2
Lenox Ave & W 146 St,15,5,New York,Usa,2
Prospect Park SW & 10 Ave,18,1,New York,Usa,2
Boone Ave & E 172 St,9,9,New York,Usa,2
Ave D & E 12 St,22,18,New York,Usa,2
81 St & 34 Ave,10,13,New York,Usa,2
Marshall St & 2 St,7,11,New York,Usa,2
West End Ave & W 60 St,26,10,New York,Usa,2
46 St & 30 Rd,8,13,New York,Usa,2
Bayard St & Leonard St,30,13,New York,Usa,2
31 Ave & 30 St,15,5,New York,Usa,2
49 Ave & 27 St,11,12,New York,Usa,2
14 St Ferry - 14 St & Shipyard Ln,13,14,New York,Usa,2
43 St & 35 Ave,13,12,New York,Usa,2
Park Pl & Buffalo Ave,5,11,New York,Usa,2
E 61 St & Madison Ave,11,21,New York,Usa,2
E 89 St & 3 Ave,32,4,New York,Usa,2
Grand Concourse & E 181 St,3,15,New York,Usa,2
56 Dr & 61 St,13,6,New York,Usa,2
Lexington Ave & E 29 St,19,28,New York,Usa,2
Ogden Ave & W 165 St,10,4,New York,Usa,2
Willoughby Ave & Hall St,45,2,New York,Usa,2
Yankee Ferry Terminal,35,5,New York,Usa,2
Sedgwick Ave & W Burnside Ave,16,0,New York,Usa,2
Maple St & Flatbush Ave,21,1,New York,Usa,2
5 St & Market St,27,10,New York,Usa,2
Southern Blvd & E 180 St,4,10,New York,Usa,2
65 Ln & Metropolitan Ave,23,0,New York,Usa,2
Van Sinderen Ave & Atlantic Ave,2,20,New York,Usa,2
Broadway & W 160 St,12,6,New York,Usa,2
W 55 St & 6 Ave,20,20,New York,Usa,2
Popham Ave & W 174 St,6,9,New York,Usa,2
Church Ave & Nostrand Ave,12,16,New York,Usa,2
E 59 St & Lexington Ave,10,44,New York,Usa,2
Broadway & W 61 St,34,14,New York,Usa,2
Henry St & Atlantic Ave,14,6,New York,Usa,2
Grand Central Pkwy & 62 Dr,5,8,New York,Usa,2
38 St & Northern Blvd,5,15,New York,Usa,2
21 St & 31 Dr,18,0,New York,Usa,2
Washington St,14,1,New York,Usa,2
57 St & 1 Ave,21,3,New York,Usa,2
Blake Ave & Schenck Ave,13,2,New York,Usa,2
Amsterdam Ave & W 136 St,4,13,New York,Usa,2
Sutter Ave & Jerome St,3,8,New York,Usa,2
Columbia St & Kane St,19,0,New York,Usa,2
Clay Ave & E 173 St,6,11,New York,Usa,2
Scholes St & Manhattan Ave,22,9,New York,Usa,2
Alexander Ave & E 134 St,16,0,New York,Usa,2
E 58 St & 1 Ave (NE Corner),8,20,New York,Usa,2
55 Dr & Maurice Ave,13,4,New York,Usa,2
6 Ave & Walker St,10,27,New York,Usa,2
Flushing Ave & Clermont Ave,19,3,New York,Usa,2
Bushwick Ave & Stagg St,8,11,New York,Usa,2
Longwood Ave & Southern Blvd,15,5,New York,Usa,2
Livonia Ave & Mother Gaston Blvd,8,7,New York,Usa,2
Brunswick & 6th,13,0,New York,Usa,2
E 138 St & Cypress Ave,16,6,New York,Usa,2
36 St & Hunters Point Ave,3,14,New York,Usa,2
E 142 St & 3 Ave,11,2,New York,Usa,2
E 20 St & 2 Ave,53,23,New York,Usa,2
Waldo Ave & Manhattan College Pkwy,8,10,New York,Usa,2
Grand St & Samuel Dickstein Plaza,73,4,New York,Usa,2
43 Ave & 40 St,9,10,New York,Usa,2
1 Ave & E 18 St,51,0,New York,Usa,2
Smith St & 9 St,9,8,New York,Usa,2
Frederick Douglass Blvd & W 117 St,29,8,New York,Usa,2
Arlington Ave & Warwick St,15,0,New York,Usa,2
Amsterdam Ave & W 183 St,3,10,New York,Usa,2
St Marks Ave & Ralph Ave,7,9,New York,Usa,2
St Nicholas Ave & W 155 St,16,7,New York,Usa,2
97 St & 23 Ave,0,18,New York,Usa,2
77 St & Colonial Rd,12,1,New York,Usa,2
St Mary's St & Jackson Ave,14,2,New York,Usa,2
Wards Meadow Comfort Station,1,10,New York,Usa,2
Eastern Pkwy & St Marks Ave,8,13,New York,Usa,2
Amsterdam Ave & W 180 St,3,17,New York,Usa,2
Shore Rd & 4 Ave,11,0,New York,Usa,2
Old Fulton St,29,4,New York,Usa,2
111 St & 37 Ave,20,1,New York,Usa,2
Flushing Ave & Woodward Ave,17,1,New York,Usa,2
E 56 St & 3 Ave,9,66,New York,Usa,2
Central Ave & Starr St,10,10,New York,Usa,2
Columbus Park - Clinton St & 9 St,10,14,New York,Usa,2
24 Ave & 87 St,5,13,New York,Usa,2
Seneca Ave & Decatur St,1,18,New York,Usa,2
Eastern Pkwy & Washington Ave,7,21,New York,Usa,2
Pulaski St & Throop Ave,10,7,New York,Usa,2
McGuinness Blvd & Eagle St,17,20,New York,Usa,2
Walton Ave & E 176 St,2,17,New York,Usa,2
Walton Ave & E 153 St,2,11,New York,Usa,2
37 Ave & 106 St,15,2,New York,Usa,2
59 St & 59 Rd,16,2,New York,Usa,2
24 Ave & 92 St,1,19,New York,Usa,2
E 15 St & 5 Ave,4,65,New York,Usa,2
3 Ave & E 72 St,27,6,New York,Usa,2
E 23 St & FDR Dr,22,16,New York,Usa,2
Norman St & Wyckoff Ave,7,6,New York,Usa,2
Schenectady Ave & Prospect Pl,8,11,New York,Usa,2
Colonial Rd & 68 St,15,1,New York,Usa,2
Hudson Pl & Hoboken Terminal,0,36,New York,Usa,2
Pacific St & Utica Ave,6,11,New York,Usa,2
7 Ave & 62 St,17,7,New York,Usa,2
Washington Ave & Park Ave,34,2,New York,Usa,2
Grand Concourse & E 175 St,4,18,New York,Usa,2
Bailey Ave & W 229 St,12,4,New York,Usa,2
Dwight St & Van Dyke St,9,9,New York,Usa,2
University Pl & E 14 St,12,15,New York,Usa,2
Post Rd & W 251 St,4,3,New York,Usa,2
Rogers Ave & Snyder Ave,13,8,New York,Usa,2
78 St & Ridge Blvd,11,1,New York,Usa,2
Pitkin Ave & Watkins St,8,5,New York,Usa,2
Sherman Ave & E 166 St,9,8,New York,Usa,2
Park Ave & St Edwards St,40,6,New York,Usa,2
Wakeman Pl & Ridge Blvd,10,8,New York,Usa,2
St Ann's Ave & Bruckner Blvd,4,10,New York,Usa,2
Herkimer St & New York Ave,0,24,New York,Usa,2
46 Ave & Junction Blvd,5,14,New York,Usa,2
Riverside Blvd & W 67 St,22,48,New York,Usa,2
Broadway & W 53 St,9,75,New York,Usa,2
Gleane St & Britton Ave,1,19,New York,Usa,2
Dock 72 Way & Market St,7,14,New York,Usa,2
West St & Liberty St,42,1,New York,Usa,2
E 85 St & York Ave,35,8,New York,Usa,2
Riverdale Ave & W 261 St,6,3,New York,Usa,2
Varick St & Watts St,21,26,New York,Usa,2
Mother Gaston Blvd & Newport St,8,3,New York,Usa,2
38 Ave & 29 St,10,7,New York,Usa,2
Queens Blvd S & 65 Rd,15,0,New York,Usa,2
Morris Ave & E 163 St,12,6,New York,Usa,2
Featherbed Ln & Jerome Ave,14,5,New York,Usa,2
Howard St & Lafayette St,29,8,New York,Usa,2
Mets Plaza at Citi Field,5,27,New York,Usa,2
36 St & Ditmars Blvd,23,1,New York,Usa,2
Jerome Ave & Anderson Ave,10,8,New York,Usa,2
Lott Ave & Rockaway Ave,14,0,New York,Usa,2
W 53 St & 10 Ave,20,6,New York,Usa,2
E 182 St & Morris Ave,8,7,New York,Usa,2
65 Pl & Woodside Ave,3,16,New York,Usa,2
Crescent St & 34 Ave,24,0,New York,Usa,2
E Gun Hill Rd & Tryon Ave,13,5,New York,Usa,2
E 74 St & 1 Ave,64,15,New York,Usa,2
Centre St & Seneca Ave,18,1,New York,Usa,2
Somers St & Broadway,21,4,New York,Usa,2
Central Park W & W 85 St,17,20,New York,Usa,2
Central Ave & Melrose St,17,0,New York,Usa,2
E 77 St & 3 Ave,41,4,New York,Usa,2
Stuyvesant Ave & Gates Ave,4,17,New York,Usa,2
Steinway St & 28 Ave,4,17,New York,Usa,2
Cortelyou Rd & E 8 St,10,2,New York,Usa,2
South St & Gouverneur Ln,31,9,New York,Usa,2
Rogers Ave & Sterling St,10,3,New York,Usa,2
E 118 St & Madison Ave,20,5,New York,Usa,2
E 88 St & Park Ave,30,3,New York,Usa,2
Eagle St & Manhattan Ave,11,22,New York,Usa,2
E 38 St & Church Ave,19,2,New York,Usa,2
31 Ave & 84 St,10,11,New York,Usa,2
Pinehurst Ave & W 187 St,12,3,New York,Usa,2
King St & Varick St,32,2,New York,Usa,2
W 13 St & 7 Ave,12,33,New York,Usa,2
Bergen St & Kingston Ave,11,8,New York,Usa,2
Gillmore St & 27 Ave,17,0,New York,Usa,2
40 Ave & Crescent St,0,20,New York,Usa,2
Wilson Ave & Troutman St,11,13,New York,Usa,2
Wyckoff Ave & Jefferson St,0,25,New York,Usa,2
8 Ave & W 52 St,6,18,New York,Usa,2
W 18 St & 6 Ave,10,56,New York,Usa,2
35 St & 34 Ave,23,0,New York,Usa,2
Rivington St & Chrystie St,57,6,New York,Usa,2
Southern Blvd & Ave St John,14,3,New York,Usa,2
Woodside Ave & 60 St,0,21,New York,Usa,2
50 Ave & 65 St,15,2,New York,Usa,2
E 40 St & Park Ave,16,105,New York,Usa,2
Grand Ave & W Fordham Rd,4,15,New York,Usa,2
Broadway & Ellwood St,15,0,New York,Usa,2
Clifton Pl & Bedford Ave,20,0,New York,Usa,2
64 St & 3 Ave,25,9,New York,Usa,2
Adam Clayton Powell Blvd & W 115 St,9,13,New York,Usa,2
Hoe Ave & Jennings St,3,17,New York,Usa,2
61 St & 60 Ln,13,4,New York,Usa,2
Clinton St & Grand St,42,5,New York,Usa,2
Brooklyn Ave & Beverley Rd,17,1,New York,Usa,2
4 Ave & Shore Road Dr,8,12,New York,Usa,2
Forest Ave & Summerfield St,18,4,New York,Usa,2
Windsor Pl & Howard Pl,10,12,New York,Usa,2
92 St & 37 Ave,7,7,New York,Usa,2
98 St & 64 Rd,16,0,New York,Usa,2
Jackson Ave & 46 Rd,3,22,New York,Usa,2
Hancock St & Malcolm X Blvd,5,9,New York,Usa,2
York St & Marin Blvd,11,7,New York,Usa,2
Marcy Ave & Lynch St,19,1,New York,Usa,2
Margaret Corbin Plz & Ft Washington Ave,7,14,New York,Usa,2
City Hall,5,14,New York,Usa,2
Clarkson Ave & Troy Ave,18,2,New York,Usa,2
Hart St & Wyckoff Ave,16,6,New York,Usa,2
Franklin Ave & Quincy St,23,0,New York,Usa,2
99 St & 65 Rd,13,0,New York,Usa,2
Wales Ave & E 147 St,2,13,New York,Usa,2
Lefferts Pl & Franklin Ave,6,14,New York,Usa,2
Southern Blvd & E 172 St,3,16,New York,Usa,2
Kingston Ave & E New York Ave,0,0,New York,Usa,2
E 24 St & Park Ave S,1,70,New York,Usa,2
Gold St & Frankfort St,40,0,New York,Usa,2
Orchard St & Grand St,40,4,New York,Usa,2
Butler St & Court St,29,3,New York,Usa,2
Newtown Ave & 23 St,11,16,New York,Usa,2
Park Ave & Marcus Garvey Blvd,11,10,New York,Usa,2
23 Ave & 83 St,10,6,New York,Usa,2
E 184 St & 3 Ave,5,9,New York,Usa,2
Warren St & W Broadway,69,0,New York,Usa,2
Central Park W & W 72 St,45,6,New York,Usa,2
Grand Concourse & E 203 St,8,17,New York,Usa,2
49 St & 31 Ave,10,9,New York,Usa,2
N 9 St & Wythe Ave,7,41,New York,Usa,2
Union St & Nevins St,25,9,New York,Usa,2
Church St & Worth St,17,27,New York,Usa,2
Columbus Ave & W 95 St,30,5,New York,Usa,2
Lexington Ave & Stuyvesant Ave,11,4,New York,Usa,2
E 16 St & 5 Ave,35,26,New York,Usa,2
Mallory Ave & Roosevelt Ave,6,8,New York,Usa,2
Hull Ave & E Gun Hill Rd,13,3,New York,Usa,2
Colonial Rd & 83 St,15,0,New York,Usa,2
Baldwin at Montgomery,10,1,New York,Usa,2
35 Ave & 37 St,14,8,New York,Usa,2
E 20 St & FDR Dr,43,28,New York,Usa,2
Loring Pl North & W 183 St,7,12,New York,Usa,2
8 Ave & W 38 St,20,45,New York,Usa,2
Dawson St & Intervale Ave,4,14,New York,Usa,2
Queens Blvd S & Yellowstone Blvd,15,8,New York,Usa,2
President St & 4 Ave,30,0,New York,Usa,2
Ave C & E 16 St,19,28,New York,Usa,2
Thomas S. Boyland St & Marion St,7,9,New York,Usa,2
10 St & 5 Ave,22,1,New York,Usa,2
Kent St & McGuinness Blvd,20,0,New York,Usa,2
St Johns Pl & Howard Ave,9,10,New York,Usa,2
Mount Eden Pkwy & Eastburn Ave,1,13,New York,Usa,2
Ocean Ave & New St,10,2,New York,Usa,2
31 Ave & Crescent St,17,3,New York,Usa,2
W 20 St & 10 Ave,29,16,New York,Usa,2
E 11 St & 3 Ave,63,6,New York,Usa,2
Ave D & E 8 St,23,5,New York,Usa,2
Frederick Douglass Blvd & W 129 St,20,2,New York,Usa,2
Brooklyn Ave & Lefferts Ave,15,1,New York,Usa,2
Clarkson Ave & Nostrand Ave,15,2,New York,Usa,2
Academy St & Nagle Ave,3,16,New York,Usa,2
Henry St & Degraw St,20,1,New York,Usa,2
6 Ave & W 45 St,24,43,New York,Usa,2
112 St & 67 Rd,16,0,New York,Usa,2
20 Ave & 38 St,24,3,New York,Usa,2
W 204 St & Vermilyea Ave,20,0,New York,Usa,2
Marcy Ave & Rutledge St,0,18,New York,Usa,2
Stratford Rd & Beverley Rd,18,0,New York,Usa,2
Broadway & Kosciuszko St,6,17,New York,Usa,2
Arlington Ave & Bramhall Ave,5,12,New York,Usa,2
62 Dr & 97 Pl,16,0,New York,Usa,2
W 34 St & 11 Ave,21,57,New York,Usa,2
57 St & Grand Ave,5,12,New York,Usa,2
Grand Concourse & E 167 St,5,24,New York,Usa,2
E 16 St & Irving Pl,12,62,New York,Usa,2
Marcy Ave & Hart St,18,1,New York,Usa,2
McKibbin St & Manhattan Ave,16,6,New York,Usa,2
George St & Wilson Ave,18,1,New York,Usa,2
W 107 St & Columbus Ave,6,15,New York,Usa,2
W 52 St & 5 Ave,3,58,New York,Usa,2
Madison Ave & E 82 St,27,5,New York,Usa,2
Riverdale Ave & New Lots Ave,11,4,New York,Usa,2
Seneca Ave & Irvine St,9,10,New York,Usa,2
W 230 St & Marble Hill Ave,18,2,New York,Usa,2
Peck Slip & South St,43,0,New York,Usa,2
Pier 61 at Chelsea Piers,6,32,New York,Usa,2
River Ave & McClellan St,8,10,New York,Usa,2
Woodlawn Ave & Sterling Ave,13,1,New York,Usa,2
William St & Pine St,40,15,New York,Usa,2
3 Ave & Wakeman Pl,17,7,New York,Usa,2
Lafayette Ave & Hunts Point Ave,11,11,New York,Usa,2
Hegeman Ave & Vermont St,4,10,New York,Usa,2
Manhattan Ave & Devoe St,16,7,New York,Usa,2
Grand Concourse & E 166 St,8,14,New York,Usa,2
48 Ave & 5 St,13,63,New York,Usa,2
Webster Ave & E 166 St,14,1,New York,Usa,2
96 St & Northern Blvd,6,13,New York,Usa,2
W 106 St & Amsterdam Ave,4,28,New York,Usa,2
Newport PATH,0,16,New York,Usa,2
E Mosholu Pkwy & E 204 St,4,13,New York,Usa,2
E 16 St & Cortelyou Rd,21,1,New York,Usa,2
39 Ave & 56 St,15,3,New York,Usa,2
37 St & 24 Ave,5,13,New York,Usa,2
E 47 St & 1 Ave,34,33,New York,Usa,2
Sullivan St & Washington Sq,43,8,New York,Usa,2
57 St & 4 Ave,15,3,New York,Usa,2
Bialystoker Pl & Delancey St,18,12,New York,Usa,2
Henry St & Grand St,35,0,New York,Usa,2
Pioneer St & Van Brunt St,4,33,New York,Usa,2
Murray St & Greenwich St,43,6,New York,Usa,2
E 60 St & York Ave,0,0,New York,Usa,2
Dahill Rd & 12 Ave,20,1,New York,Usa,2
Waterbury St & Stagg St,8,15,New York,Usa,2
62 Ave & Queens Blvd,20,0,New York,Usa,2
E 58 St & Madison Ave,19,45,New York,Usa,2
24 St & 5 Ave,12,3,New York,Usa,2
Broadway & W 29 St,38,60,New York,Usa,2
E 171 St & Webster Ave,5,13,New York,Usa,2
E 48 St & 5 Ave,1,61,New York,Usa,2
Fulton St & Irving Pl,23,7,New York,Usa,2
W 163 St & Edgecombe Ave,8,11,New York,Usa,2
3 St & Hoyt St,49,3,New York,Usa,2
39 Ave & 54 St,4,14,New York,Usa,2
Kosciuszko St & Tompkins Ave,16,0,New York,Usa,2
60 Pl & Linden St,5,11,New York,Usa,2
Grand Ave & 55 St,8,10,New York,Usa,2
E 7 St & Ave C,19,14,New York,Usa,2
Fort Washington Ave & W 183 St,13,10,New York,Usa,2
Wyckoff Ave & Stanhope St,14,4,New York,Usa,2
E 89 St & York Ave,32,1,New York,Usa,2
Clinton St & Cherry St,42,4,New York,Usa,2
E 53 St & Madison Ave,1,49,New York,Usa,2
48 Ave & 41 St,7,13,New York,Usa,2
Spring St & Hudson St,21,28,New York,Usa,2
3 Ave & Carroll St,16,4,New York,Usa,2
David Sheridan Plaza & Broadway,11,2,New York,Usa,2
Broadway & E 21 St,19,31,New York,Usa,2
W 56 St & 6 Ave,2,46,New York,Usa,2
Broadway & W 251 St,15,2,New York,Usa,2
6 Ave & 55 St,11,6,New York,Usa,2
4 Ave & 81 St,8,9,New York,Usa,2
River Ter & Warren St,12,1,New York,Usa,2
Forsyth St & Grand St,37,22,New York,Usa,2
W 218 St & Indian Rd,16,2,New York,Usa,2
Bedford Ave & S 9 St,6,17,New York,Usa,2
78 St & Northern Blvd,23,13,New York,Usa,2
Blake Ave & Hinsdale St,6,2,New York,Usa,2
Prospect Pl & Nostrand Ave,15,0,New York,Usa,2
51 Ave & Van Loon St,20,1,New York,Usa,2
Westchester Ave & Jackson Ave,6,15,New York,Usa,2
4 Ave & 76 St,11,7,New York,Usa,2
E 82 St & East End Ave,10,21,New York,Usa,2
E 141 St & St Ann's Ave,13,1,New York,Usa,2
Chauncey St & Malcolm X Blvd,5,15,New York,Usa,2
68 St & 4 Ave,5,10,New York,Usa,2
E 169 St & Fox St,7,9,New York,Usa,2
Knickerbocker Ave & Hancock St,7,13,New York,Usa,2
Rogers Ave & Lenox Rd,16,0,New York,Usa,2
W 35 St & 9 Ave,16,12,New York,Usa,2
Barbey St & Fulton St,6,4,New York,Usa,2
Davidson Ave & W Burnside Ave,26,4,New York,Usa,2
Marcy Ave & Lafayette Ave,7,10,New York,Usa,2
Wyckoff Ave & Cooper Ave,6,11,New York,Usa,2
Woodhaven Blvd & Hoffman Dr,27,0,New York,Usa,2
Liberty Ave & Sackman St,6,6,New York,Usa,2
11 St & Washington St,12,11,New York,Usa,2
W 13 St & 5 Ave,6,32,New York,Usa,2
E 21 St & Church Ave,15,2,New York,Usa,2
Columbus Pl & Atlantic Ave,9,8,New York,Usa,2
Warren St & Roosevelt Ave,2,21,New York,Usa,2
Madison St & Malcolm X Blvd,17,5,New York,Usa,2
W 100 St & Manhattan Ave,16,18,New York,Usa,2
W 46 St & 11 Ave,6,17,New York,Usa,2
Fairmount Pl & Prospect Ave,6,8,New York,Usa,2
E 205 St & Webster Ave,9,0,New York,Usa,2
Cleveland St & Liberty Ave,10,0,New York,Usa,2
20 Ave & 42 St,18,2,New York,Usa,2
Livonia Ave & Van Sinderen Ave,3,15,New York,Usa,2
Schenectady Ave & Maple St,17,0,New York,Usa,2
Fresh Pond Rd & Flushing Ave,15,2,New York,Usa,2
32 Ave & 84 St,5,11,New York,Usa,2
60 Ave & Junction Blvd,20,1,New York,Usa,2
7 St & Monroe St,1,21,New York,Usa,2
Lenox Ave & W 126 St,27,19,New York,Usa,2
Macombs Rd & W 175 St,1,18,New York,Usa,2
Bergen St & Buffalo Ave,5,13,New York,Usa,2
Ocean Pkwy & Ave C,8,4,New York,Usa,2
3 Ave & E 172 St,2,11,New York,Usa,2
Greene Ave & Myrtle Ave,20,7,New York,Usa,2
64 St & 53 Dr,10,5,New York,Usa,2
Sharon St & Olive St,23,0,New York,Usa,2
Cedar St & Evergreen Ave,11,11,New York,Usa,2
Bainbridge Ave & Bedford Park Blvd,8,9,New York,Usa,2
Kent Ave & N 3 St,14,38,New York,Usa,2
33 St & 47 Ave,6,18,New York,Usa,2
Southwest Park - Jackson St & Observer Hwy,4,16,New York,Usa,2
Henry St & Remsen St,5,15,New York,Usa,2
Bedford Ave & Beverley Rd,22,1,New York,Usa,2
E 170 St & Sheridan Ave,2,19,New York,Usa,2
Degraw St & Smith St,15,9,New York,Usa,2
Front St & Washington St,51,1,New York,Usa,2
37 Ave & 113 St,28,0,New York,Usa,2
Ocean Ave & Crooke Ave,25,1,New York,Usa,2
Court St & Huntington St,31,2,New York,Usa,2
W 116 St & Broadway,2,39,New York,Usa,2
W Tremont Ave & Matthewson Rd,12,2,New York,Usa,2
E 128 St & Madison Ave,14,7,New York,Usa,2
Valentine Ave & E 181 St,5,14,New York,Usa,2
Macon St & Nostrand Ave,10,13,New York,Usa,2
Atlantic Ave & Snediker Ave,10,7,New York,Usa,2
5 Ave & E 135 St,7,12,New York,Usa,2
4 Ave & 94 St,11,0,New York,Usa,2
Butler St & 27 Ave,17,0,New York,Usa,2
Macombs Rd & Featherbed Ln,6,9,New York,Usa,2
30 Ave & 41 St,1,20,New York,Usa,2
Tompkins Ave & Hopkins St,14,0,New York,Usa,2
Menahan St & Onderdonk Ave,2,16,New York,Usa,2
Sterling St & Nostrand Ave,17,5,New York,Usa,2
7 Ave & 17 St,9,7,New York,Usa,2
W 50 St & 9 Ave,4,25,New York,Usa,2
E Houston St & Columbia St,45,0,New York,Usa,2
Fulton St & Utica Ave,0,14,New York,Usa,2
Grand St & Elizabeth St,42,2,New York,Usa,2
Williams Ave & Pitkin Ave,9,2,New York,Usa,2
New York Ave & St Marks Ave,5,13,New York,Usa,2
Vernon Blvd & 50 Ave,13,29,New York,Usa,2
Lafayette St & Jersey St,42,13,New York,Usa,2
Bradley Ave & Greenpoint Ave,18,1,New York,Usa,2
E 25 St & 2 Ave,17,59,New York,Usa,2
W 36 St & 9 Ave,9,33,New York,Usa,2
36 Ave & 10 St,8,8,New York,Usa,2
Knolls Crescent & Kappock St,2,13,New York,Usa,2
E 49 St & Church Ave,19,2,New York,Usa,2
Graham Ave & Conselyea St,29,0,New York,Usa,2
Lispenard St & Broadway,17,58,New York,Usa,2
Paul Ave & Mosholu Pkwy,5,13,New York,Usa,2
Center Blvd & 48 Ave,13,12,New York,Usa,2
Gerard Ave & McClellan St,28,1,New York,Usa,2
Metropolitan Ave & Flushing Ave,3,15,New York,Usa,2
Lenox Ave & W 140 St,15,7,New York,Usa,2
W 147 St & Adam Clayton Powell Blvd,8,14,New York,Usa,2
E 33 St & 1 Ave,31,49,New York,Usa,2
Marble Hill Ave & W 225 St,12,1,New York,Usa,2
Madison St & Cypress Ave,5,10,New York,Usa,2
Church Ave & McDonald Ave,24,3,New York,Usa,2
23 St & 3 Ave,15,8,New York,Usa,2
E 33 St & Park Ave,8,25,New York,Usa,2
St Nicholas Terrace & Convent Ave,2,19,New York,Usa,2
Eastern Pkwy & Troy Ave,7,17,New York,Usa,2
Queens Plaza N & Crescent St,1,38,New York,Usa,2
Lenox Rd & E 43 St,18,0,New York,Usa,2
Riverdale Ave & W 254 St,4,8,New York,Usa,2
108 St & 52 Ave,33,1,New York,Usa,2
Menahan St & Central Ave,12,7,New York,Usa,2
63 Dr & 102 St,14,0,New York,Usa,2
Columbus Drive,6,7,New York,Usa,2
Church Ave & E 42 St,16,6,New York,Usa,2
8 St & Washington St,7,13,New York,Usa,2
Broadway & W 131 St,4,13,New York,Usa,2
Yellowstone Blvd & 67 Rd,14,1,New York,Usa,2
62 St & 4 Ave,7,12,New York,Usa,2
Cumberland St & Lafayette Ave,16,12,New York,Usa,2
Ditmars Blvd & 94 St,2,16,New York,Usa,2
1 Ave & E 16 St,19,34,New York,Usa,2
Kings Hwy & E 94 St,6,11,New York,Usa,2
Lexington Ave & Patchen Ave,9,4,New York,Usa,2
61 St & Laurel Hill Blvd,12,6,New York,Usa,2
4 Ave & 26 St,15,3,New York,Usa,2
W 39 St & 9 Ave,21,20,New York,Usa,2
Willow Ave & E 133 St,17,1,New York,Usa,2
Classon Ave & St Marks Ave,16,5,New York,Usa,2
Bradhurst Ave & W 148 St,15,5,New York,Usa,2
Broadway & W 48 St,1,97,New York,Usa,2
9 Ave & W 33 St,12,79,New York,Usa,2
Cortelyou Rd & Stratford Rd,20,1,New York,Usa,2
3 Ave & E 163 St,7,16,New York,Usa,2
Pike St & Monroe St,24,1,New York,Usa,2
40 Ave & 9 St,16,2,New York,Usa,2
44 St & 3 Ave,6,15,New York,Usa,2
53 St & 5 Ave,10,14,New York,Usa,2
Parade Pl & Crooke Ave,28,0,New York,Usa,2
Shore Blvd & Astoria Park,9,19,New York,Usa,2
52 St & 6 Ave,8,9,New York,Usa,2
Church Ave & Story St,0,2,New York,Usa,2
71 Ave & 110 St,11,7,New York,Usa,2
Westchester Ave & E 156 St,6,13,New York,Usa,2
34 St & 38 Ave,9,14,New York,Usa,2
65 St & 2 Ave,16,5,New York,Usa,2
Crown St & Rogers Ave,6,12,New York,Usa,2
Westchester Ave & Southern Blvd,0,20,New York,Usa,2
Dey St,11,5,New York,Usa,2
W 4 St & 7 Ave S,39,13,New York,Usa,2
35 St & 21 Ave,21,2,New York,Usa,2
63 St & 5 Ave,6,17,New York,Usa,2
42 Pl & Northern Blvd,17,2,New York,Usa,2
E 7 St & Ave A,10,32,New York,Usa,2
1 Pl & Clinton St,27,5,New York,Usa,2
W 30 St & 10 Ave,30,21,New York,Usa,2
Grand St & Havemeyer St,10,19,New York,Usa,2
Pershing Field,3,12,New York,Usa,2
Grand Concourse & E 164 St,4,14,New York,Usa,2
Fresh Pond Rd & 69 Ave,10,17,New York,Usa,2
Putnam Ave & Wyckoff Ave,3,16,New York,Usa,2
Frederick Douglass Blvd & W 145 St,9,14,New York,Usa,2
Bergen Ave & Sip Ave,6,22,New York,Usa,2
Washington Ave & Empire Blvd,21,0,New York,Usa,2
Bainbridge Ave & E 211 St,2,18,New York,Usa,2
3 St & 3 Ave,67,8,New York,Usa,2
Vyse Ave & E 181 St,17,1,New York,Usa,2
W 59 St & 10 Ave,4,101,New York,Usa,2
Broadway & W 165 St,0,20,New York,Usa,2
Park Ave & E 42 St,10,71,New York,Usa,2
Riverdale Ave & E 98 St,5,11,New York,Usa,2
Cortelyou Rd & Argyle Rd,19,3,New York,Usa,2
5 Corners Library,0,13,New York,Usa,2
W 27 St & 7 Ave,6,67,New York,Usa,2
60 Pl & 67 Ave,6,8,New York,Usa,2
21 Ave & Shore Blvd,9,7,New York,Usa,2
Nagle Ave & Ellwood St,3,15,New York,Usa,2
Washington Ave & Park Pl,21,11,New York,Usa,2
Ocean Pkwy & Church Ave,24,0,New York,Usa,2
Pennsylvania Ave & Pitkin Ave,10,0,New York,Usa,2
Greenpoint Ave & West St,24,8,New York,Usa,2
John St & William St,59,2,New York,Usa,2
St Nicholas Ave & Manhattan Ave,18,10,New York,Usa,2
Newark Ave,14,7,New York,Usa,2
Corona Ave & 102 St,20,0,New York,Usa,2
Linden Blvd & Rockaway Pkwy,18,3,New York,Usa,2
MacDougal St & Rockaway Ave,2,16,New York,Usa,2
64 Ave & 108 St,16,0,New York,Usa,2
35 St & 30 Ave,8,17,New York,Usa,2
Herkimer St & Eastern Pkwy,6,11,New York,Usa,2
E 19 St & Cortelyou Rd,19,4,New York,Usa,2
68 St & 5 Ave,11,3,New York,Usa,2
Macon St & Patchen Ave,7,10,New York,Usa,2
W 25 St & 9 Ave,48,17,New York,Usa,2
Riverside Dr & W 148 St,5,14,New York,Usa,2
21 St & 36 Ave,8,9,New York,Usa,2
Tiebout Ave & E Fordham Rd,5,19,New York,Usa,2
E 8 St & Beverley Rd,11,0,New York,Usa,2
65 St & Broadway,3,13,New York,Usa,2
W 225 St & Exterior St,17,2,New York,Usa,2
W 211 St & 10 Ave,17,0,New York,Usa,2
Willow Ave & 12 St,9,5,New York,Usa,2
48 St & 5 Ave,6,16,New York,Usa,2
Georgia Ave & Fulton St,0,16,New York,Usa,2
3 Ave & E 62 St,11,37,New York,Usa,2
Sherman Ave & Thayer St,17,0,New York,Usa,2
Sheffield Ave & Linden Blvd,3,9,New York,Usa,2
Suydam St & Broadway,17,12,New York,Usa,2
Spruce St & Nassau St,24,8,New York,Usa,2
47 Ave & 48 St,4,14,New York,Usa,2
52 St & 1 Ave,18,0,New York,Usa,2
Fulton St & Saratoga Ave,13,5,New York,Usa,2
Lorimer St & Calyer St,16,1,New York,Usa,2
62 St & Northern Blvd,19,7,New York,Usa,2
Graham Ave & Grand St,15,12,New York,Usa,2
21 St & 38 Ave,9,7,New York,Usa,2
48 St & Skillman Ave,16,4,New York,Usa,2
69 St & 38 Ave,6,17,New York,Usa,2
Shore Rd & 97 St,10,1,New York,Usa,2
Grand Ave & Remsen Pl,21,0,New York,Usa,2
Murray St & West St (NE Corner),57,1,New York,Usa,2
Amsterdam Ave & W 131 St,9,8,New York,Usa,2
Powell St & Blake Ave,13,0,New York,Usa,2
Amsterdam Ave & W 119 St,2,27,New York,Usa,2
India St & Manhattan Ave,0,0,New York,Usa,2
E 76 St & Park Ave,19,7,New York,Usa,2
2 Ave & E 122 St,14,8,New York,Usa,2
Columbus Ave & W 103 St,2,35,New York,Usa,2
Judge St & Britton Ave,12,11,New York,Usa,2
Richardson St & N Henry St,20,5,New York,Usa,2
E 44 St & 2 Ave,3,34,New York,Usa,2
Walton Ave & E 168 St,4,11,New York,Usa,2
31 Ave & 34 St,15,5,New York,Usa,2
Irving Ave & DeKalb Ave,21,5,New York,Usa,2
E 65 St & 2 Ave,12,32,New York,Usa,2
23 Ave & 31 St,12,12,New York,Usa,2
28 Ave & 44 St,7,9,New York,Usa,2
1 Ave & E 62 St,18,27,New York,Usa,2
42 St & 1 Ave,13,2,New York,Usa,2
3 Ave & 77 St,9,3,New York,Usa,2
Powell St & Belmont Ave,13,1,New York,Usa,2
Boston Rd & West Farms Rd,0,2,New York,Usa,2
Leonard Gordon Park,6,6,New York,Usa,2
W 19 St & 11 Ave,29,29,New York,Usa,2
5 Ave & E 103 St,31,7,New York,Usa,2
White St & Moore St,20,0,New York,Usa,2
21 Ave & 80 St,16,1,New York,Usa,2
Johnson St & Gold St,19,20,New York,Usa,2
24 Ave & 29 St,17,25,New York,Usa,2
Myrtle Ave & Fleet Pl,31,14,New York,Usa,2
Amsterdam Ave & W 167 St,18,2,New York,Usa,2
Morgan Ave & Maspeth Ave,22,1,New York,Usa,2
Kingston Ave & Carroll St,0,15,New York,Usa,2
Dumont Ave & New Jersey Ave,8,4,New York,Usa,2
W 110 St & Amsterdam Ave,1,28,New York,Usa,2
Morris Ave & E 171 St,8,9,New York,Usa,2
Reservoir Oval E & Bainbridge Ave,12,1,New York,Usa,2
71 St & 32 Ave,3,14,New York,Usa,2
41 St & 3 Ave,15,1,New York,Usa,2
W 146 St & Broadway,2,24,New York,Usa,2
Culver Ave & JFK Blvd,3,11,New York,Usa,2
West End Ave & W 107 St,25,1,New York,Usa,2
7 Ave & W 55 St,1,63,New York,Usa,2
Borden Ave & Review Ave,4,15,New York,Usa,2
W 20 St & 7 Ave,3,25,New York,Usa,2
E 171 St & 3 Ave,5,10,New York,Usa,2
E 51 St & Linden Blvd,19,0,New York,Usa,2
Graham Ave & Herbert St,23,2,New York,Usa,2
New York Ave & Hawthorne St,19,0,New York,Usa,2
65 St & Otto Rd,6,14,New York,Usa,2
Union St,4,14,New York,Usa,2
Colonial Rd & 89 St,5,6,New York,Usa,2
21 St & 4 Ave,12,4,New York,Usa,2
W 140 St & Riverside Dr,3,16,New York,Usa,2
Greenpoint Ave & Monitor St,7,13,New York,Usa,2
Prospect Ave & Jennings St,10,5,New York,Usa,2
Mama Johnson Field - 4 St & Jackson St,6,14,New York,Usa,2
E 54 St & Linden Blvd,8,3,New York,Usa,2
8 Ave & W 16 St,5,29,New York,Usa,2
Mt Morris Park W & W 120 St,19,5,New York,Usa,2
Jerome Ave & W 177 St,11,14,New York,Usa,2
River St & 1 St,9,13,New York,Usa,2
W 104 St & Amsterdam Ave,8,36,New York,Usa,2
Longfellow Ave & E 165 St,9,9,New York,Usa,2
Hudson Blvd W & W 36 St,5,42,New York,Usa,2
Corona Ave & 98 St,19,0,New York,Usa,2
Clarkson Ave & E 40 St,17,12,New York,Usa,2
Broadway & W 36 St,14,42,New York,Usa,2
Clermont Ave & Lafayette Ave,30,21,New York,Usa,2
30 St & 4 Ave,18,0,New York,Usa,2
W Mosholu Pkwy S & Sedgwick Ave,0,36,New York,Usa,2
W 218 St & Broadway,24,0,New York,Usa,2
Amsterdam Ave & W 66 St,22,5,New York,Usa,2
E 2 St & 2 Ave,50,33,New York,Usa,2
Gramercy Park N & Gramercy Park E,33,14,New York,Usa,2
Bergen St & Flatbush Ave,6,24,New York,Usa,2
Albemarle Rd & E 21 St,12,3,New York,Usa,2
Water St & Gouverneur Ln,31,1,New York,Usa,2
Ferris Triangle Park,7,5,New York,Usa,2
Park Pl & Utica Ave,7,14,New York,Usa,2
E 70 St & Madison Ave,23,15,New York,Usa,2
Willis Ave & E 143 St,14,5,New York,Usa,2
W 50 St & 10 Ave,23,26,New York,Usa,2
Meserole Ave & Manhattan Ave,24,2,New York,Usa,2
2 St & Park Ave,8,5,New York,Usa,2
Featherbed Ln & Nelson Ave,4,13,New York,Usa,2
E 5 St & Cooper Sq,44,5,New York,Usa,2
E 84 St & Park Ave,39,3,New York,Usa,2
Sutter Ave & Junius St,5,11,New York,Usa,2
67 Ave & Fresh Pond Rd,10,20,New York,Usa,2
Valentine Ave & E 183 St,17,5,New York,Usa,2
E 123 St & Lexington Ave,14,11,New York,Usa,2
71 Ave & Myrtle Ave,11,2,New York,Usa,2
Crescent St & Broadway,17,1,New York,Usa,2
Anthony Ave & E 175 St,2,12,New York,Usa,2
Rockaway Pkwy & Rutland Rd,12,8,New York,Usa,2
53 St & Flushing Ave,4,12,New York,Usa,2
Bedford Ave & Nassau Ave,39,6,New York,Usa,2
E 33 St & 5 Ave,8,48,New York,Usa,2
62 St & 34 Ave,8,13,New York,Usa,2
Herzl St & Newport St,7,3,New York,Usa,2
Riverside Dr & W 72 St,24,11,New York,Usa,2
E 43 St & Madison Ave,0,0,New York,Usa,2
Hunts Point Ave & Bryant Ave,12,4,New York,Usa,2
Bank St & Washington St,18,8,New York,Usa,2
104 St & 32 Ave,2,19,New York,Usa,2
Sterling Pl & Classon Ave,16,13,New York,Usa,2
Norman Ave & Leonard St,18,5,New York,Usa,2
Madison St & Montgomery St,15,4,New York,Usa,2
43 St & 50 Ave,2,16,New York,Usa,2
62 Dr & 110 St,11,0,New York,Usa,2
E 138 St & Park Ave,14,5,New York,Usa,2
Lafayette Ave & St James Pl,27,7,New York,Usa,2
Crotona Ave & E Fordham Rd,10,11,New York,Usa,2
Arthur Ave & E Tremont Ave,0,14,New York,Usa,2
4 Ave & E 12 St,12,24,New York,Usa,2
Van Cortlandt Park S & Dickinson Ave,1,22,New York,Usa,2
Pulaski St & Marcus Garvey Blvd,17,1,New York,Usa,2
Clarkson Ave & Utica Ave,12,3,New York,Usa,2
Adam Clayton Powell Blvd & W 126 St,23,7,New York,Usa,2
86 St & 37 Ave,6,16,New York,Usa,2
43 St & Broadway,16,1,New York,Usa,2
3 St & 7 Ave,21,5,New York,Usa,2
Carroll St & Franklin Ave,3,14,New York,Usa,2
Broadway & W 142 St,4,16,New York,Usa,2
Broadway & Furman Ave,13,14,New York,Usa,2
3 Ave & E 112 St,14,9,New York,Usa,2
River Ave & E 151 St,3,21,New York,Usa,2
72 St & Woodside Ave,5,13,New York,Usa,2
32 Ave & 75 St,10,9,New York,Usa,2
Fairview Ave & Linden St,7,12,New York,Usa,2
W 36 St & 7 Ave,3,32,New York,Usa,2
E 53 St & 3 Ave,16,23,New York,Usa,2
Austin St & 76 Ave,3,12,New York,Usa,2
Prospect Ave & Longwood Ave,2,23,New York,Usa,2
Washington Ave & E 174 St,7,10,New York,Usa,2
White St & Johnson Ave,6,16,New York,Usa,2
Vernon Blvd & 47 Rd,2,29,New York,Usa,2
Stegman St & Ocean Ave,5,11,New York,Usa,2
Washington Pl & Broadway,12,9,New York,Usa,2
Isham St & Broadway,17,9,New York,Usa,2
Amsterdam Ave & W 156 St,11,13,New York,Usa,2
12 Ave & W 40 St,49,25,New York,Usa,2
Pacific St & Thomas S. Boyland St,0,19,New York,Usa,2
W Broadway & W Houston St,46,4,New York,Usa,2
Eames Pl & Claflin Ave,2,16,New York,Usa,2
Skillman Ave & 54 St,3,13,New York,Usa,2
Brook Ave & E 157 St,9,6,New York,Usa,2
34 Ave & Vernon Blvd,26,4,New York,Usa,2
Henry Hudson Pkwy E & W 231 St,7,3,New York,Usa,2
46 St & 7 Ave,6,12,New York,Usa,2
45 Rd & 11 St,10,12,New York,Usa,2
Garfield Light Rail,2,10,New York,Usa,2
Jerome Ave & W Fordham Rd,2,16,New York,Usa,2
Rugby Rd & Beverley Rd,17,5,New York,Usa,2
E 116 St & 1 Ave,23,2,New York,Usa,2
Caven Point Recreation Fields,6,6,New York,Usa,2
Troy Ave & Park Pl,14,2,New York,Usa,2
Madison Ave & E 26 St,10,64,New York,Usa,2
Adam Clayton Powell Blvd & W 118 St,15,10,New York,Usa,2
University Ave & W Burnside Ave,8,14,New York,Usa,2
W 31 St & 7 Ave,14,70,New York,Usa,2
Bradford St & Sutter Ave,10,0,New York,Usa,2
Arthur Ave & E 183 St,13,10,New York,Usa,2
W 70 St & Amsterdam Ave,36,3,New York,Usa,2
Carroll St & Bond St,16,5,New York,Usa,2
Putnam Ave & Knickerbocker Ave,5,21,New York,Usa,2
Queens Blvd S & 76 Rd,18,0,New York,Usa,2
Broadway & W 238 St,27,2,New York,Usa,2
97 St & 57 Ave,18,0,New York,Usa,2
Macon St & Howard Ave,17,1,New York,Usa,2
68 Dr & 112 St,3,8,New York,Usa,2
Parkside Ave & Parade Pl,19,1,New York,Usa,2
Hughes Ave & Oak Tree Pl,16,0,New York,Usa,2
Motorgate,31,2,New York,Usa,2
Sedgwick Ave & Hillman Ave,5,17,New York,Usa,2
Prospect Pl & Vanderbilt Ave,20,6,New York,Usa,2
71 St & 37 Ave,5,16,New York,Usa,2
St Marks Pl & 1 Ave,63,6,New York,Usa,2
Broadway & W 220 St,15,1,New York,Usa,2
Huron St & Franklin St,23,12,New York,Usa,2
Lewis Ave & Decatur St,11,7,New York,Usa,2
E 3 St & 1 Ave,48,3,New York,Usa,2
Bedford Ave & Montgomery St,11,14,New York,Usa,2
Sutter Ave & Grafton St,9,6,New York,Usa,2
W 145 St & Amsterdam Ave,2,19,New York,Usa,2
Park Ave & E 124 St,2,30,New York,Usa,2
Winthrop St & Nostrand Ave,24,0,New York,Usa,2
E 22 St & 2 Ave,13,33,New York,Usa,2
Boerum St & Broadway,3,16,New York,Usa,2
1 Ave & E 68 St,38,24,New York,Usa,2
Grand Army Plaza & Plaza St West,19,16,New York,Usa,2
Broadway & W 192 St,10,9,New York,Usa,2
78 Ave & Queens Blvd S,26,1,New York,Usa,2
4 Ave & 72 St,6,8,New York,Usa,2
34 St & 48 Ave,6,18,New York,Usa,2
Vernon Blvd & 10 St,31,8,New York,Usa,2
E 4 St & Ave B,28,7,New York,Usa,2
E 14 St & 1 Ave,13,20,New York,Usa,2
Pacific St & Sackman St,7,8,New York,Usa,2
31 Ave & 14 St,16,0,New York,Usa,2
Monroe St & Patchen Ave,5,12,New York,Usa,2
Ditmars Blvd & 19 St,19,7,New York,Usa,2
8 Ave & W 33 St,24,63,New York,Usa,2
Edgecombe Ave & W 150 St,1,15,New York,Usa,2
Brunswick St,15,1,New York,Usa,2
Hoyt St & Warren St,30,1,New York,Usa,2
79 St & Roosevelt Ave,1,21,New York,Usa,2
Southern Blvd & Xavier Way,7,21,New York,Usa,2
31 Ave & Steinway St,6,18,New York,Usa,2
Bailey Ave & Sedgwick Ave,3,15,New York,Usa,2
Sterling St & Bedford Ave,12,5,New York,Usa,2
W 160 St & St Nicholas Ave,17,5,New York,Usa,2
Faile St & Garrison Ave,13,5,New York,Usa,2
Hanson Pl & Ashland Pl,5,25,New York,Usa,2
E 48 St & 3 Ave,7,71,New York,Usa,2
33 St & Queens Blvd,0,23,New York,Usa,2
Leonard St & Boerum St,14,7,New York,Usa,2
E 6 St & Ave B,79,14,New York,Usa,2
100 St & Lewis Ave,20,1,New York,Usa,2
Anderson Ave & W 164 St,0,18,New York,Usa,2
48 St & 2 Ave,17,1,New York,Usa,2
W 20 St & 8 Ave,26,52,New York,Usa,2
Roebling St & N 4 St,4,19,New York,Usa,2
43 St & 23 Ave,14,7,New York,Usa,2
Emerson Pl & Myrtle Ave,32,26,New York,Usa,2
Henry St & W 9 St,14,2,New York,Usa,2
90 St & 32 Ave,7,10,New York,Usa,2
Eastern Pkwy & Schenectady Ave,7,13,New York,Usa,2
81 St & 24 Ave,9,9,New York,Usa,2
E 51 St & 2 Ave,6,52,New York,Usa,2
Ithaca St & Baxter Ave,2,20,New York,Usa,2
Central Park W & W 91 St,34,11,New York,Usa,2
Shea Rd & Boat Basin Pl,25,2,New York,Usa,2
Jersey & 6th St,10,2,New York,Usa,2
Fort Washington Ave & W 173 St,3,17,New York,Usa,2
Madison St & Clinton St,34,3,New York,Usa,2
37 Ave & 35 St,4,20,New York,Usa,2
Arion Pl & Broadway,2,16,New York,Usa,2
28 St & 36 Ave,27,0,New York,Usa,2
N 12 St & Bedford Ave,21,21,New York,Usa,2
6 Ave & 78 St,9,1,New York,Usa,2
9 Ave & W 22 St,71,9,New York,Usa,2
9 St & 44 Rd,27,6,New York,Usa,2
St Marks Ave & Thomas S. Boyland St,3,15,New York,Usa,2
Lewis Ave & Greene Ave,12,7,New York,Usa,2
West Side Ave & Stegman Pkwy,6,9,New York,Usa,2
E 178 St & Monterey Ave,3,14,New York,Usa,2
Jerome Ave & E 198 St,5,11,New York,Usa,2
Monroe St & Classon Ave,9,7,New York,Usa,2
5 Ave & E 87 St,31,4,New York,Usa,2
4 Ave & 85 St,18,0,New York,Usa,2
Macon St & Lewis Ave,6,11,New York,Usa,2
Nelson Ave & W 172 St,13,2,New York,Usa,2
Rockaway Pkwy & Church Ave,16,5,New York,Usa,2
Christopher Ave & Sutter Ave,14,3,New York,Usa,2
W 82 St & Central Park W,37,7,New York,Usa,2
3 Ave & E Tremont Ave,1,20,New York,Usa,2
E New York Ave & Troy Ave,16,4,New York,Usa,2
E 11 St & Ave B,35,28,New York,Usa,2
99 St & 38 Ave,1,26,New York,Usa,2
Steinway St & Broadway,6,25,New York,Usa,2
E 2 St & Ave A,46,18,New York,Usa,2
Myrtle Ave & Linden St,8,14,New York,Usa,2
Nostrand Ave & Rutland Rd,14,4,New York,Usa,2
Park Pl & Vanderbilt Ave,9,9,New York,Usa,2
Van Cleef St & 108 St,17,2,New York,Usa,2
W 47 St & 10 Ave,29,8,New York,Usa,2
Atlantic Ave & Furman St,45,7,New York,Usa,2
28 Ave & 35 St,24,1,New York,Usa,2
40 St & Queens Blvd,9,8,New York,Usa,2
1 Ave & E 38 St,11,23,New York,Usa,2
Prospect Pl & Howard Ave,0,15,New York,Usa,2
Johnson Ave & W 235 St,5,9,New York,Usa,2
5 St & 51 Ave,5,15,New York,Usa,2
Putnam Ave & Nostrand Ave,13,3,New York,Usa,2
Sands St Gate,8,8,New York,Usa,2
28 St & 41 Ave,0,25,New York,Usa,2
Boston Rd & Prospect Ave,2,13,New York,Usa,2
41 Ave & 67 St,7,12,New York,Usa,2
Roosevelt Ave & 104 St,16,5,New York,Usa,2
Boston Rd & E 167 St,4,13,New York,Usa,2
Kingsland Ave & Nassau Ave,27,9,New York,Usa,2
National St & 45 Ave,16,3,New York,Usa,2
Windsor Pl & 8 Ave,10,2,New York,Usa,2
South Waterfront Walkway - Sinatra Dr & 1 St,13,14,New York,Usa,2
Schenck Ave & Liberty Ave,11,1,New York,Usa,2
Pennsylvania Ave & Atlantic Ave,7,12,New York,Usa,2
63 St & Borden Ave,19,1,New York,Usa,2
Clark St & Henry St,39,1,New York,Usa,2
31 St & 21 Ave,22,4,New York,Usa,2
Grand Concourse & E 156 St,1,10,New York,Usa,2
W 37 St & 5 Ave,0,60,New York,Usa,2
3 Ave & E 169 St,5,14,New York,Usa,2
Old Broadway & W 133 St,2,15,New York,Usa,2
Lafayette Ave & Stuyvesant Ave,2,17,New York,Usa,2
Brooklyn Ave & Prospect Pl,20,4,New York,Usa,2
Ditmas Ave & McDonald Ave,10,5,New York,Usa,2
73 St & Ridge Blvd,11,4,New York,Usa,2
Kent Ave & Grand St,36,7,New York,Usa,2
Rockaway Pkwy & Winthrop St,5,13,New York,Usa,2
Clinton St & Union St,34,3,New York,Usa,2
5 Ave & W 139 St,11,8,New York,Usa,2
Lexington Ave & E 36 St,13,8,New York,Usa,2
60 St & 37 Ave,12,4,New York,Usa,2
W 231 St & Tibbett Ave,11,2,New York,Usa,2
25 Ave & 85 St,11,0,New York,Usa,2
Pleasant Ave & E 116 St,13,5,New York,Usa,2
Fort Hamilton Pkwy & 95 St,15,1,New York,Usa,2
Metropolitan Ave & Vandervoort Ave,20,1,New York,Usa,2
Concourse Village East & E 158 St,7,20,New York,Usa,2
Fort Hamilton Pkwy & 92 St,12,2,New York,Usa,2
Queens Blvd N & 71 Ave,15,13,New York,Usa,2
Palmetto St & Traffic Ave,3,15,New York,Usa,2
W 40 St & 7 Ave,4,34,New York,Usa,2
Irving Ave & Jefferson St,9,8,New York,Usa,2
36 Ave & 31 St,20,6,New York,Usa,2
W 160 St & Riverside Dr,14,8,New York,Usa,2
E 51 St & Lexington Ave,9,61,New York,Usa,2
Lafayette St & Grand St,66,6,New York,Usa,2
Dumont Ave & Barbey St,11,0,New York,Usa,2
City Hall - Washington St & 1 St,0,7,New York,Usa,2
E 138 St & 5 Ave,21,1,New York,Usa,2
Wyckoff St & 3 Ave,13,5,New York,Usa,2
Wallabout St & Kent Ave,6,10,New York,Usa,2
Grand Concourse & E Mosholu Pkwy S,0,20,New York,Usa,2
Sterling Pl & New York Ave,17,8,New York,Usa,2
Broadway & W 168 St,13,16,New York,Usa,2
E 10 St & 2 Ave,37,4,New York,Usa,2
Linden Blvd & Church Ave,16,2,New York,Usa,2
E 12 St & 3 Ave,28,36,New York,Usa,2
Cauldwell Ave & E 158 St,4,15,New York,Usa,2
Decatur Ave & Oliver Pl,10,12,New York,Usa,2
Maiden Ln & Pearl St,27,1,New York,Usa,2
Thomas S. Boyland St & Macon St,14,7,New York,Usa,2
Leonard St & Nassau Ave,25,10,New York,Usa,2
Lenox Rd & Remsen Ave,18,0,New York,Usa,2
Plaza St East & Flatbush Ave,26,34,New York,Usa,2
W Broadway & Watts St,43,6,New York,Usa,2
W 111 St & 5 Ave,22,0,New York,Usa,2
Lexington Ave & E 111 St,18,9,New York,Usa,2
8 Ave & W 31 St,27,67,New York,Usa,2
E 141 St & Jackson Ave,14,1,New York,Usa,2
Bushwick Ave & Harman St,5,16,New York,Usa,2
21 St & 23 Ave,6,14,New York,Usa,2
49 Ave & 21 St,1,19,New York,Usa,2
Osborn St & Linden Blvd,8,1,New York,Usa,2
E 188 St & Hughes Ave,0,10,New York,Usa,2
Newton Rd & 44 St,8,5,New York,Usa,2
Melrose Ave & E 154 St,8,7,New York,Usa,2
7 Ave S & Bleecker St,77,4,New York,Usa,2
Summerfield St & Cypress Ave,2,17,New York,Usa,2
Broadway & Madison St,19,6,New York,Usa,2
E 169 St & Webster Ave,4,13,New York,Usa,2
Cypress Ave & George St,14,4,New York,Usa,2
Marion Ave & Mosholu Pkwy,20,0,New York,Usa,2
W 51 St & 6 Ave,3,75,New York,Usa,2
Patchen Ave & Bainbridge St,8,10,New York,Usa,2
11 St & 44 Rd,18,8,New York,Usa,2
104 St & Northern Blvd,20,0,New York,Usa,2
Tyler Ave & Maurice Ave,17,1,New York,Usa,2
E New York Ave & Utica Ave,16,2,New York,Usa,2
11 Ave & Prospect Ave,6,7,New York,Usa,2
Central Park W & W 97 St,43,5,New York,Usa,2
Crescent Ave & Belmont Ave,10,11,New York,Usa,2
Bronx Shore Comfort Station,11,8,New York,Usa,2
Willoughby St & Fleet St,18,29,New York,Usa,2
Nassau Ave & Newell St,47,1,New York,Usa,2
Madison Ave & E 120 St,13,17,New York,Usa,2
W 148 St & Amsterdam Ave,4,15,New York,Usa,2
43 Ave & 111 St,18,1,New York,Usa,2
DeKalb Ave & Hudson Ave,66,8,New York,Usa,2
St Johns Pl & Utica Ave,1,19,New York,Usa,2
Verona Pl & Fulton St,7,1,New York,Usa,2
Smith St & 3 St,6,11,New York,Usa,2
34 Ave & 45 St,9,11,New York,Usa,2
5 St & 6 Ave,8,9,New York,Usa,2
Goble Pl & Macombs Rd,12,3,New York,Usa,2
W 186 St & St Nicholas Ave,7,14,New York,Usa,2
Albany Ave & Carroll St,3,11,New York,Usa,2
Metropolitan Ave & 65 Ln,26,0,New York,Usa,2
Jefferson Ave & Evergreen Ave,8,8,New York,Usa,2
E 72 St & Park Ave,41,0,New York,Usa,2
University Ave & Morton Pl,3,16,New York,Usa,2
Rogers Pl & E 165 St,6,12,New York,Usa,2
Southern Blvd & E 149 St,18,5,New York,Usa,2
St Johns Pl & Washington Ave,22,7,New York,Usa,2
Berry St & N 8 St,9,15,New York,Usa,2
College Ave & E 170 St,1,22,New York,Usa,2
Steinway St & Ditmars Blvd,10,10,New York,Usa,2
Amsterdam Ave & W 73 St,38,15,New York,Usa,2
Mother Gaston Blvd & Glenmore Ave,12,4,New York,Usa,2
Garfield Pl & 8 Ave,17,7,New York,Usa,2
Richard St Light Rail,6,9,New York,Usa,2
W 133 St & 12 Ave,11,5,New York,Usa,2
E 163 St & Union Ave,13,10,New York,Usa,2
Caton Ave & Bedford Ave,16,1,New York,Usa,2
Shakespeare Ave & W 169 St,17,2,New York,Usa,2
7 Ave & Central Park South,24,48,New York,Usa,2
Carroll St & Utica Ave,4,15,New York,Usa,2
Thomas S. Boyland St & Fulton St,21,0,New York,Usa,2
Bradford St & Dumont Ave,12,1,New York,Usa,2
Winthrop St & Albany Ave,11,2,New York,Usa,2
Laight St & Hudson St,38,48,New York,Usa,2
St James Pl & Oliver St,40,2,New York,Usa,2
50 St & Northern Blvd,17,9,New York,Usa,2
Degraw St & 3 Ave,0,0,New York,Usa,2
Ditmars Blvd & 73 St,15,3,New York,Usa,2
W 238 St & Tibbett Ave,17,4,New York,Usa,2
Ogden Ave & Merriam Ave,2,12,New York,Usa,2
23 Ave & 27 St,13,7,New York,Usa,2
Lexington Ave & E 24 St,18,57,New York,Usa,2
Withers St & Kingsland Ave,7,10,New York,Usa,2
Flatbush Ave & Fenimore St,24,0,New York,Usa,2
30 Ave & 21 St,12,3,New York,Usa,2
E 25 St & 1 Ave,12,20,New York,Usa,2
Willis Ave & E 137 St,18,3,New York,Usa,2
Green St & McGuinness Blvd,17,3,New York,Usa,2
Bedford Ave & Maple St,18,5,New York,Usa,2
Bainbridge Ave & E 198 St,7,16,New York,Usa,2
82 St & 30 Ave,14,3,New York,Usa,2
Ave A & E 14 St,27,10,New York,Usa,2
Carroll St & Rochester Ave,3,17,New York,Usa,2
Driggs Ave & N Henry St,24,31,New York,Usa,2
Washington Ave & E 163 St,10,11,New York,Usa,2
W 106 St & Central Park W,35,22,New York,Usa,2
Vernon Blvd & 31 Ave,17,0,New York,Usa,2
Adam Clayton Powell Blvd & W 130 St,14,4,New York,Usa,2
43 Ave & 47 St,3,28,New York,Usa,2
Vesey Pl & River Terrace,53,4,New York,Usa,2
Snyder Ave & Schenectady Ave,11,6,New York,Usa,2
7 Ave & 40 St,8,13,New York,Usa,2
Woodside Ave & Roosevelt Ave,14,3,New York,Usa,2
Plaza Dr & W 170 St,16,4,New York,Usa,2
S 5 Pl & S 5 St,9,31,New York,Usa,2
1 Ave & E 118 St,17,2,New York,Usa,2
24 St & 38 Ave,5,10,New York,Usa,2
Broadway & Morris St,51,16,New York,Usa,2
Aqueduct Ave & W 190 St,2,17,New York,Usa,2
Grand Ave & Bergen St,23,0,New York,Usa,2
Marin Light Rail,11,13,New York,Usa,2
Prospect Park SW & 16 St,16,7,New York,Usa,2
Grand Ave & W 181 St,2,13,New York,Usa,2
E 133 St & Cypress Pl,13,4,New York,Usa,2
W 237 St & Hudson Manor Terrace,4,4,New York,Usa,2
Louis Nine Blvd & Intervale Ave,3,10,New York,Usa,2
Stevens - River Ter & 6 St,17,1,New York,Usa,2
Berkeley Pl & 7 Ave,9,14,New York,Usa,2
Queens Blvd & Broadway,21,2,New York,Usa,2
E 1 St & 1 Ave,35,37,New York,Usa,2
Carroll St & 6 Ave,22,1,New York,Usa,2
S 4 St & Roebling St,6,32,New York,Usa,2
West Farms Rd & Boone Ave,13,5,New York,Usa,2
Washington Ave & E 167 St,2,14,New York,Usa,2
Market St & Cherry St,38,3,New York,Usa,2
Duffield St & Willoughby St,13,31,New York,Usa,2
Franklin St & W Broadway,8,13,New York,Usa,2
W 54 St & 9 Ave,27,15,New York,Usa,2
86 St & Ridge Blvd,11,4,New York,Usa,2
Frederick Douglass Blvd & W 115 St,17,12,New York,Usa,2
Sedgwick Ave & W 231 St,6,10,New York,Usa,2
E 97 St & 3 Ave,25,4,New York,Usa,2
Gerard Ave & E 165 St,4,14,New York,Usa,2
9 Ave & W 219 St,1,17,New York,Usa,2
36 St & 3 Ave,27,0,New York,Usa,2
Wythe Ave & N 13 St,23,19,New York,Usa,2
11 St & 43 Ave,14,10,New York,Usa,2
Clinton St & Grand St,10,4,New York,Usa,2
Putnam Ave & Ralph Ave,14,5,New York,Usa,2
39 St & 47 Ave,7,10,New York,Usa,2
Grand Concourse & E 205 St,3,9,New York,Usa,2
Moffat St & Bushwick,8,9,New York,Usa,2
Schermerhorn St & Hoyt St,14,43,New York,Usa,2
Stagg St & Union Ave,18,15,New York,Usa,2
41 Ave & 80 St,4,19,New York,Usa,2
Park Ave & E 162 St,8,7,New York,Usa,2
Southern Blvd & E 142 St,9,11,New York,Usa,2
Albemarle Rd & McDonald Ave,18,2,New York,Usa,2
Walton Ave & E 151 St,7,20,New York,Usa,2
Stanton St & Chrystie St,40,6,New York,Usa,2
Pike St & E Broadway,27,5,New York,Usa,2
Exchange Pl,2,28,New York,Usa,2
E 54 St & 1 Ave,7,10,New York,Usa,2
South St & Pike St,32,2,New York,Usa,2
Riverside Dr & W 153 St,6,12,New York,Usa,2
Sterling Pl & Schenectady Ave,9,10,New York,Usa,2
Central Park W & W 68 St,37,3,New York,Usa,2
E Burnside Ave & Ryer Ave,10,7,New York,Usa,2
Waterloo Pl & Crotona Park East,2,14,New York,Usa,2
Giles Pl & Fort Independence St,2,16,New York,Usa,2
Bainbridge Ave & E 206 St,11,6,New York,Usa,2
Jefferson Ave & Patchen Ave,9,8,New York,Usa,2
Douglass St & 3 Ave,33,1,New York,Usa,2
Clinton St & Newark St,1,11,New York,Usa,2
101 St & Fort Hamilton Pkwy,11,0,New York,Usa,2
Suffolk St & Delancey St,50,10,New York,Usa,2
E 187 St & 3 Ave,6,13,New York,Usa,2
Chauncey St & Howard Ave,12,9,New York,Usa,2
Shore Rd & 80 St,11,0,New York,Usa,2
W 25 St & 6 Ave,14,31,New York,Usa,2
Central Ave & Decatur St,16,2,New York,Usa,2
Bedford Ave & Lenox Rd,16,0,New York,Usa,2
Beverley Rd & E 49 St,20,0,New York,Usa,2
Seigel St & Humboldt St,13,27,New York,Usa,2
E 156 St & Courtlandt Ave,14,6,New York,Usa,2
86 St & 35 Ave,9,9,New York,Usa,2
W Tremont Ave & Grand Ave,2,19,New York,Usa,2
76 St & 45 Ave,5,14,New York,Usa,2
Crescent St & 35 Ave,16,9,New York,Usa,2
99 St & Astoria Blvd,18,2,New York,Usa,2
Van Vorst Park,13,5,New York,Usa,2
Hancock St & Bedford Ave,17,7,New York,Usa,2
W 54 St & 6 Ave,2,61,New York,Usa,2
Division Ave & Marcy Ave,14,16,New York,Usa,2
Pitkin Ave & Van Siclen Ave,6,11,New York,Usa,2
87 St & 30 Ave,17,3,New York,Usa,2
84 St & Roosevelt Ave,5,22,New York,Usa,2
6 Ave & W 33 St,7,68,New York,Usa,2
Barclay St & Church St,27,10,New York,Usa,2
55 St & 7 Ave,4,18,New York,Usa,2
Grand St & Wythe Ave,16,37,New York,Usa,2
82 St & Broadway,15,13,New York,Usa,2
Park Ave & E 179 St,12,6,New York,Usa,2
Prospect Park West & 8 St,23,2,New York,Usa,2
Lincoln Pl & Nostrand Ave,7,11,New York,Usa,2
Danforth Ave & Sullivan Dr,6,10,New York,Usa,2
New Utrecht Ave & 9 Ave,1,9,New York,Usa,2
E 144 St & Brook Ave,6,7,New York,Usa,2
Bridge St & Front St,47,0,New York,Usa,2
7 St & 5 Ave,19,0,New York,Usa,2
14 St & 5 Ave,11,8,New York,Usa,2
Eastern Pkwy & Ralph Ave,4,17,New York,Usa,2
E 44 St & Lexington Ave,3,43,New York,Usa,2
10 St & 7 Ave,5,13,New York,Usa,2
Blake Ave & Herzl St,13,1,New York,Usa,2
31 St & Hoyt Ave N,6,25,New York,Usa,2
Brook Ave & E 148 St,11,6,New York,Usa,2
W 135 St & Lenox Terrace Pl,19,7,New York,Usa,2
E 95 St & 3 Ave,26,1,New York,Usa,2
Webster Ave & Ford St,8,14,New York,Usa,2
Central Ave & Weirfield St,6,14,New York,Usa,2
E 68 St & 3 Ave,34,0,New York,Usa,2
Centre St & Worth St,63,53,New York,Usa,2
Riverside Dr & W 78 St,13,62,New York,Usa,2
12 Ave & 36 St,6,7,New York,Usa,2
Webb Ave & W 190 St,0,22,New York,Usa,2
Queens Blvd N & 63 Rd,25,3,New York,Usa,2
75 St & Northern Blvd,5,9,New York,Usa,2
27 Ave & 9 St,20,19,New York,Usa,2
Commerce St & Van Brunt St,12,0,New York,Usa,2
Adams St & 12 St,9,5,New York,Usa,2
Riverside Dr & Broadway,18,3,New York,Usa,2
Union Ave & Wallabout St,14,17,New York,Usa,2
W 84 St & Broadway,52,8,New York,Usa,2
5 Ave & E 78 St,26,17,New York,Usa,2
Underhill Ave & Pacific St,20,5,New York,Usa,2
E 149 St & Jackson Ave,10,9,New York,Usa,2
3 Ave & E 100 St,15,9,New York,Usa,2
Pitt St & Stanton St,11,1,New York,Usa,2
60 Ave & Otis Ave,19,1,New York,Usa,2
47 Ave & 31 St,11,13,New York,Usa,2
Pierrepont St & Monroe Pl,19,3,New York,Usa,2
E 30 St & Park Ave S,16,43,New York,Usa,2
Amory Ct & Metropolitan Ave,5,13,New York,Usa,2
Plaza St West & Flatbush Ave,4,38,New York,Usa,2
Seaman Ave & Isham St,22,0,New York,Usa,2
Audubon Ave & Fort George Ave,7,13,New York,Usa,2
Congress St & Clinton St,30,3,New York,Usa,2
Albany Ave & Fulton St,19,7,New York,Usa,2
E 3 St & Cortelyou Rd,8,2,New York,Usa,2
E 160 St & Tinton Ave,0,18,New York,Usa,2
103 St & Martense Ave,17,0,New York,Usa,2
21 St & 43 Ave,10,15,New York,Usa,2
31 St & Thomson Ave,15,32,New York,Usa,2
31 Ave & 61 St,21,0,New York,Usa,2
Broadway & 31 St,32,1,New York,Usa,2
Hoboken Terminal - Hudson St & Hudson Pl,14,9,New York,Usa,2
Broadway & W 133 St,3,14,New York,Usa,2
Bleecker St & Crosby St,48,13,New York,Usa,2
Adam Clayton Powell Blvd & W 123 St,14,9,New York,Usa,2
Greene Ave & Throop Ave,11,8,New York,Usa,2
77 St & 31 Ave,15,1,New York,Usa,2
Macombs Pl & W 152 St,32,1,New York,Usa,2
W 120 St & Claremont Ave,7,29,New York,Usa,2
Kingston Ave & Park Pl,13,8,New York,Usa,2
Jersey & 3rd,6,4,New York,Usa,2
Frost St & Meeker Ave,21,16,New York,Usa,2
E 47 St & Park Ave,4,73,New York,Usa,2
Mott St & Prince St,22,14,New York,Usa,2
Paulus Hook,1,11,New York,Usa,2
55 Ave & Center Blvd,21,3,New York,Usa,2
Ovington Ave & 3 Ave,8,4,New York,Usa,2
Perry St & Greenwich Ave,36,16,New York,Usa,2
E 75 St & 3 Ave,29,7,New York,Usa,2
Jackson Mill Rd & 93 St,4,14,New York,Usa,2
48 St & 37 Ave,18,9,New York,Usa,2
10 Ave & W 202 St,1,22,New York,Usa,2
70 St & Ridge Blvd,4,6,New York,Usa,2
88 St & Astoria Blvd,17,2,New York,Usa,2
Cleveland St & Fulton St,13,1,New York,Usa,2
W 12 St & Hudson St,35,6,New York,Usa,2
Grand St & Greene St,16,6,New York,Usa,2
Heights Elevator,5,11,New York,Usa,2
Bond St & Fulton St,16,25,New York,Usa,2
E 13 St & Ave A,6,79,New York,Usa,2
College Ave & E 169 St,2,10,New York,Usa,2
5 Ave & E 63 St,10,40,New York,Usa,2
Eastern Pkwy & Kingston Ave,5,22,New York,Usa,2
Central Park North & Adam Clayton Powell Blvd,29,1,New York,Usa,2
75 St & 35 Ave,7,16,New York,Usa,2
Amsterdam Ave & W 125 St,16,23,New York,Usa,2
Marble Hill Ave & W 227 St,16,1,New York,Usa,2
Linden St & Knickerbocker Ave,5,9,New York,Usa,2
Broadway & W 41 St,5,46,New York,Usa,2
20 Ave & Shore Blvd,14,5,New York,Usa,2
Sterling Pl & Ralph Ave,0,18,New York,Usa,2
W 116 St & Amsterdam Ave,3,37,New York,Usa,2
17 St & 5 Ave,14,4,New York,Usa,2
64 Rd & Grand Central Pkwy,12,0,New York,Usa,2
St Nicholas Ave & W 157 St,1,14,New York,Usa,2
Broadway & E 19 St,65,33,New York,Usa,2
Carteret Ave & Arlington Ave,8,6,New York,Usa,2
Aqueduct Ave & North St,9,10,New York,Usa,2
3 Ave & 17 St,5,14,New York,Usa,2
Bridge St & York St,33,21,New York,Usa,2
E 48 St & Tilden Ave,18,4,New York,Usa,2
Halsey St & Tompkins Ave,12,6,New York,Usa,2
85 St & Northern Blvd,7,13,New York,Usa,2
E 189 St & Bathgate Ave,12,6,New York,Usa,2
10 Ave & W 215 St,20,1,New York,Usa,2
Lee Ave & Taylor St,16,8,New York,Usa,2
2 Ave & E 96 St,39,5,New York,Usa,2
Columbia Heights & Cranberry St,25,5,New York,Usa,2
Bergen St & Smith St,39,8,New York,Usa,2
E 46 St & Madison Ave,4,45,New York,Usa,2
44 St & 2 Ave,13,5,New York,Usa,2
E 32 St & Park Ave,4,47,New York,Usa,2
West Drive & Prospect Park West,22,4,New York,Usa,2
W 41 St & 8 Ave,21,78,New York,Usa,2
Nagle Ave & Thayer St,0,28,New York,Usa,2
Broad St & Bridge St,20,22,New York,Usa,2
Broadway & W 261 St,3,8,New York,Usa,2
Bergen Ave,8,5,New York,Usa,2
E 182 St & Belmont Ave,18,1,New York,Usa,2
Monitor St & Meeker Ave,15,4,New York,Usa,2
25 Ave & 41 St,9,10,New York,Usa,2
Claflin Ave & Reservoir Ave,3,14,New York,Usa,2
Roosevelt Island Tramway,34,2,New York,Usa,2
McGinley Square,8,9,New York,Usa,2
4 Ave & 9 St,22,4,New York,Usa,2
Livonia Ave & Saratoga Ave,15,5,New York,Usa,2
Morris Ave & E Burnside Ave,8,12,New York,Usa,2
55 St & 5 Ave,5,23,New York,Usa,2
Liberty St & Nassau St,28,16,New York,Usa,2
30 Ave & 70 St,18,1,New York,Usa,2
Wyckoff Ave & Gates Ave,10,18,New York,Usa,2
President St & Henry St,20,4,New York,Usa,2
Division St & Bowery,64,5,New York,Usa,2
57 Ave & 98 Pl,24,0,New York,Usa,2
Bank St & Hudson St,17,7,New York,Usa,2
Clinton St & 7 St,14,2,New York,Usa,2
Corona Ave & 111 St,17,1,New York,Usa,2
Bushwick Ave & Powers St,12,14,New York,Usa,2
W 235 St & Independence Ave,9,7,New York,Usa,2
Wade St & MLK Dr,8,7,New York,Usa,2
Chauncey St & Stuyvesant Ave,1,19,New York,Usa,2
41 Ave & 77 St,2,21,New York,Usa,2
Morningside Dr & Amsterdam Ave,0,29,New York,Usa,2
Kane St & Clinton St,20,2,New York,Usa,2
84 St & 3 Ave,10,2,New York,Usa,2
Centre St & Chambers St,23,30,New York,Usa,2
Fulton Ave & St Paul's Pl,2,14,New York,Usa,2
Clermont Ave & Park Ave,14,0,New York,Usa,2
Broadway & Hancock St,3,30,New York,Usa,2
91 St & 23 Ave,1,21,New York,Usa,2
Audubon Ave & W 192 St,2,16,New York,Usa,2
Queens Blvd & Albion Ave,16,4,New York,Usa,2
34 Ave & Junction Blvd,8,15,New York,Usa,2
Lefferts Ave & Schenectady Ave,22,1,New York,Usa,2
Nassau St & Navy St,36,19,New York,Usa,2
14 St & 7 Ave,4,16,New York,Usa,2
Marcus Garvey Blvd & Macon St,5,13,New York,Usa,2
108 St & 62 Dr,15,0,New York,Usa,2
St Nicholas Ave & W 137 St,8,9,New York,Usa,2
Crotona Park East & E 173 St,2,16,New York,Usa,2
34 St & 35 Ave,16,4,New York,Usa,2
Brooklyn Ave & Snyder Ave,18,1,New York,Usa,2
E 40 St & 5 Ave,1,91,New York,Usa,2
37 Ave & 63 St,11,10,New York,Usa,2
4 St & Grand St,10,6,New York,Usa,2
Harlem River Dr & W 155 St,2,15,New York,Usa,2
W 43 St & 10 Ave,55,59,New York,Usa,2
West Side Ave Light Rail,16,2,New York,Usa,2
50 St & Barnett Ave,7,18,New York,Usa,2
4 Ave & 87 St,11,3,New York,Usa,2
W 52 St & 11 Ave,18,29,New York,Usa,2
6 St & Grand St,7,8,New York,Usa,2
4 Ave & 17 St,15,4,New York,Usa,2
Fort Hamilton Pkwy & E 2 St,15,2,New York,Usa,2
Montrose Ave & Bushwick Ave,18,20,New York,Usa,2
Montague St & Clinton St,35,11,New York,Usa,2
Willoughby Ave & Myrtle Ave,2,15,New York,Usa,2
Wadsworth Ave & W 175 St,1,0,New York,Usa,2
Sedgwick Ave & Hall of Fame Terrace,0,17,New York,Usa,2
98 St & 25 Ave,18,1,New York,Usa,2
Grand St & 14 St,8,6,New York,Usa,2
Park Ave & E 41 St,10,96,New York,Usa,2
Jerome Ave & E 181 St,6,9,New York,Usa,2
MacDonough St & Malcolm X Blvd,5,11,New York,Usa,2
Kent Ave & Division Ave,20,21,New York,Usa,2
Bailey Ave & W 234 St,20,2,New York,Usa,2
58 St & Pier 4,16,7,New York,Usa,2
W 51 St & 7 Ave,4,73,New York,Usa,2
Rockaway Ave & Bainbridge St,9,13,New York,Usa,2
Benham St & Roosevelt Ave,13,10,New York,Usa,2
Naples Terrace & Godwin Terrace,22,1,New York,Usa,2
73 St & 25 Ave,6,11,New York,Usa,2
Lexington Ave & Classon Ave,10,4,New York,Usa,2
2 Ave & E 31 St,40,38,New York,Usa,2
Riverdale Ave & W 258 St,7,10,New York,Usa,2
Broadway & W 38 St,4,59,New York,Usa,2
Bainbridge Ave & E 193 St,10,13,New York,Usa,2
Norfolk St & Broome St,35,20,New York,Usa,2
34 Ave & 21 St,22,0,New York,Usa,2
Central Park W & W 76 St,29,8,New York,Usa,2
Park Pl & Thomas S. Boyland St,9,12,New York,Usa,2
Broadway & Lakeview Pl,6,4,New York,Usa,2
Coffey St & Ferris St,11,9,New York,Usa,2
100 St & Humphreys St,9,14,New York,Usa,2
E 11 St & Broadway,16,72,New York,Usa,2
8 St & Astoria Blvd,14,2,New York,Usa,2
Jackson Mill Rd & 24 Ave,10,11,New York,Usa,2
Nostrand Ave & Myrtle Ave,10,11,New York,Usa,2
Jerome Ave & Ogden Ave,10,9,New York,Usa,2
Walton Ave & E 171 St,5,8,New York,Usa,2
Van Brunt St & Van Dyke St,1,17,New York,Usa,2
7 Ave & Park Pl,6,19,New York,Usa,2
25 Ave & 96 St,16,3,New York,Usa,2
Grand Concourse & E 161 St,9,9,New York,Usa,2
W 44 St & 9 Ave,18,10,New York,Usa,2
W 37 St & 10 Ave,23,14,New York,Usa,2
St James Ave & 51 Ave,19,0,New York,Usa,2
Lexington Ave & E 120 St,21,5,New York,Usa,2
Washington Pl & 6 Ave,43,32,New York,Usa,2
E 155 St & Courtlandt Ave,13,2,New York,Usa,2
W 238 St & Riverdale Ave,6,5,New York,Usa,2
Lenox Ave & W 130 St,16,7,New York,Usa,2
62 Ave & 102 St,16,0,New York,Usa,2
Water St & Fletcher St,60,16,New York,Usa,2
W 163 St & Riverside Dr,2,16,New York,Usa,2
Rogers Ave & Lincoln Rd,15,5,New York,Usa,2
Kingston Ave & Herkimer St,9,14,New York,Usa,2
Greenwich St & Rector St,51,4,New York,Usa,2
Broadway & W 58 St,6,65,New York,Usa,2
11 Ave & W 41 St,40,13,New York,Usa,2
35 St & 23 Ave,23,1,New York,Usa,2
Freeman St & Southern Blvd,11,9,New York,Usa,2
Underhill Ave & Lincoln Pl,15,9,New York,Usa,2
Lexington Ave & E 127 St,13,12,New York,Usa,2
S 2 St & Kent Ave,26,18,New York,Usa,2
Seaman Ave & Beak St,7,10,New York,Usa,2
E 97 St & Madison Ave,37,1,New York,Usa,2
Audubon Ave & W 179 St,4,13,New York,Usa,2
Maple St & Albany Ave,18,0,New York,Usa,2
Rugby Rd & Albemarle Rd,10,4,New York,Usa,2
Carlton Ave & Greene Ave,18,4,New York,Usa,2
Cypress Ave & St Felix Ave,11,8,New York,Usa,2
Bleecker St & Forest Ave,1,14,New York,Usa,2
Stanton St & Norfolk St,35,10,New York,Usa,2
Flushing Ave & Vanderbilt Ave,21,1,New York,Usa,2
Jackson Square,4,13,New York,Usa,2
48 Ave & 37 St,5,13,New York,Usa,2
Great Jones St,7,12,New York,Usa,2
E 47 St & 2 Ave,0,0,New York,Usa,2
Ocean Ave & Tennis Ct,9,7,New York,Usa,2
W 42 St & 8 Ave,25,9,New York,Usa,2
MLK Dr & Bayview Ave,3,13,New York,Usa,2
W 44 St & 5 Ave,2,64,New York,Usa,2
99 St & 50 Ave,16,3,New York,Usa,2
W 43 St & 6 Ave,11,50,New York,Usa,2
48 St & 50 Ave,6,13,New York,Usa,2
Eastern Pkwy & Franklin Ave (SW Corner),7,22,New York,Usa,2
39 Ave & 45 St,14,2,New York,Usa,2
34 St & 5 Ave,15,0,New York,Usa,2
E 4 St & 2 Ave,48,28,New York,Usa,2
W Tremont Ave & Montgomery Ave,3,15,New York,Usa,2
8 Ave & W 49 St,0,61,New York,Usa,2
W 63 St & Broadway,0,30,New York,Usa,2
Madison St & 1 St,4,15,New York,Usa,2
Amsterdam Ave & W 162 St,20,3,New York,Usa,2
27 St & Hunter St,4,27,New York,Usa,2
W 181 St & Riverside Dr,13,2,New York,Usa,2
Madison Ave & E 51 St,3,39,New York,Usa,2
Franklin Ave & Myrtle Ave,27,0,New York,Usa,2
Halsey St & Ralph Ave,9,7,New York,Usa,2
34 Ave & 71 St,12,6,New York,Usa,2
W 54 St & 11 Ave,26,32,New York,Usa,2
Union Ave & E 169 St,4,13,New York,Usa,2
Pacific St & Nostrand Ave,8,8,New York,Usa,2
Newport Pkwy,10,4,New York,Usa,2
Rivington St & Ridge St,45,12,New York,Usa,2
Stuyvesant Ave & Hart St,5,19,New York,Usa,2
W 24 St & 7 Ave,20,57,New York,Usa,2
Rockaway Ave & Blake Ave,10,5,New York,Usa,2
E 132 St & Madison Ave,7,11,New York,Usa,2
44 St & Greenpoint Ave,13,13,New York,Usa,2
Queens Blvd N & 67 Rd,18,5,New York,Usa,2
31 Ave & 57 St,3,18,New York,Usa,2
E 53 St & Lexington Ave,3,51,New York,Usa,2
6 Ave & 74 St,8,3,New York,Usa,2
Duane St & Hudson St,17,12,New York,Usa,2
E Tremont Ave & E 176 St,5,14,New York,Usa,2
E 102 St & Park Ave,24,7,New York,Usa,2
69 Ave & Queens Blvd N,16,3,New York,Usa,2
Henry St & Bay St,6,6,New York,Usa,2
Crotona Ave & E 183 St,12,8,New York,Usa,2
Schenectady Ave & Pacific St,6,11,New York,Usa,2
E 56 St & Madison Ave,22,10,New York,Usa,2
W 155 St & Frederick Douglass Blvd,15,11,New York,Usa,2
Icahn Stadium Plaza,9,5,New York,Usa,2
Greenwich St & W Houston St,42,32,New York,Usa,2
Columbia St & Rivington St,35,3,New York,Usa,2
DeKalb Ave & S Portland Ave,16,5,New York,Usa,2
Catherine St & Monroe St,27,0,New York,Usa,2
Cliff St & Fulton St,57,5,New York,Usa,2
Highland Blvd & Bulwer Pl,9,6,New York,Usa,2
Fairmount Ave,4,9,New York,Usa,2
Suffolk St & Stanton St,34,42,New York,Usa,2
E Mosholu Pkwy & Van Cortlandt Ave E,2,19,New York,Usa,2
E 147 St & Bergen Ave,12,11,New York,Usa,2
E 138 St & Grand Concourse,13,1,New York,Usa,2
46 St & 6 Ave,8,9,New York,Usa,2
St Ann's Ave & E 144 St,16,5,New York,Usa,2
31 St & Northern Blvd,17,16,New York,Usa,2
Riverside Dr & W 91 St,42,13,New York,Usa,2
Christopher St & Greenwich St,0,0,New York,Usa,2
Washington Pl & Greene St,8,36,New York,Usa,2
Livonia Ave & Wyona St,7,6,New York,Usa,2
E 170 St & Clay Ave,7,15,New York,Usa,2
Gerard Ave & E 146 St,11,5,New York,Usa,2
Dixon Mills,11,6,New York,Usa,2
5 Ave & 3 St,17,8,New York,Usa,2
Woodward Ave & Harman St,3,14,New York,Usa,2
Grove St & Fresh Pond Rd,8,9,New York,Usa,2
N 5 St & Wythe Ave,24,12,New York,Usa,2
Columbia St & W 9 St,5,16,New York,Usa,2
Columbia St & Degraw St,17,2,New York,Usa,2
Clay Ave & Claremont Pkwy,10,7,New York,Usa,2
Madison Ave & E 99 St,2,12,New York,Usa,2
Washington St & Gansevoort St,30,14,New York,Usa,2
St Marks Pl & 2 Ave,70,3,New York,Usa,2
Lincoln Pl & Classon Ave,10,15,New York,Usa,2
Keegan Rd & 2 Ave,29,5,New York,Usa,2
Lexington Ave & E 26 St,14,64,New York,Usa,2
Broadway & W 185 St,3,15,New York,Usa,2
Riverdale Ave & Osborn St,10,6,New York,Usa,2
Lenox Ave & W 133 St,14,11,New York,Usa,2
Bergen St & Troy Ave,7,14,New York,Usa,2
Atlantic Ave & Fort Greene Pl,17,32,New York,Usa,2
E 128 St & 3 Ave,3,15,New York,Usa,2
St Nicholas Ave & W 134 St,20,6,New York,Usa,2
E 106 St & Madison Ave,23,2,New York,Usa,2
Lafayette Park,13,0,New York,Usa,2
Lincoln Ave & E 134 St,11,6,New York,Usa,2
Intervale Ave & Kelly St,5,12,New York,Usa,2
3 Ave & E 71 St,38,6,New York,Usa,2
53 St & 4 Ave,14,10,New York,Usa,2
10 Ave & W 28 St,34,13,New York,Usa,2
Goulden Ave & Bedford Park Blvd,5,8,New York,Usa,2
Bushwick Ave & Dekalb Ave,16,11,New York,Usa,2
West Thames St,55,17,New York,Usa,2
Allen St & Stanton St,40,5,New York,Usa,2
W 21 St & 6 Ave,3,67,New York,Usa,2
E 63 St & 3 Ave,11,41,New York,Usa,2
Grand Concourse & E 192 St,17,2,New York,Usa,2
Skillman Ave & 43 Ave,12,2,New York,Usa,2
Ogden Ave & W 164 St,1,12,New York,Usa,2
30 Ave & 80 St,15,2,New York,Usa,2
Howard Ave & Blake Ave,15,1,New York,Usa,2
E 14 St & Ave B,34,7,New York,Usa,2
34 Ave & 31 St,16,1,New York,Usa,2
Jefferson St & Cypress Ave,13,12,New York,Usa,2
93 St & Roosevelt Ave,19,3,New York,Usa,2
E 5 St & Ave A,29,17,New York,Usa,2
111 St & 53 Ave,5,18,New York,Usa,2
Irving Ave & Halsey St,15,4,New York,Usa,2
Intervale Ave & Westchester Ave,5,21,New York,Usa,2
Gansevoort St & Hudson St,94,23,New York,Usa,2
34 Ave & 113 St,20,2,New York,Usa,2
45 Ave & 21 St,3,18,New York,Usa,2
Onderdonk Ave & Dekalb Ave,6,8,New York,Usa,2
Thomas S. Boyland St & Sutter Ave,16,0,New York,Usa,2
W 168 St & Fort Washington Ave,2,40,New York,Usa,2
Center Blvd & 51 Ave,16,4,New York,Usa,2
Myrtle Ave & Marcy Ave,3,18,New York,Usa,2
E 167 St & Clay Ave,27,1,New York,Usa,2
79 St & 37 Ave,13,7,New York,Usa,2
Reade St & Broadway,25,36,New York,Usa,2
Crotona Ave & E 179 St,2,13,New York,Usa,2
Nevins St & Schermerhorn St,15,11,New York,Usa,2
Menahan St & Seneca Ave,8,7,New York,Usa,2
Park Ave & E Tremont Ave,4,14,New York,Usa,2
67 Ave & Queens Blvd S,11,3,New York,Usa,2
60 St & 60 Rd,15,3,New York,Usa,2
Adam Clayton Powell Blvd & W 151 St,5,6,New York,Usa,2
Allen St & Hester St,111,4,New York,Usa,2
Carlton Ave & Dean St,20,4,New York,Usa,2
Lincoln Rd & Ocean Ave,16,4,New York,Usa,2
Fresh Pond Rd & Eliot Ave,11,8,New York,Usa,2
Broadway & Van Cortlandt Park S,20,12,New York,Usa,2
E 98 St & Park Ave,17,6,New York,Usa,2
Lincoln Park,7,7,New York,Usa,2
Stanhope St & Fairview Ave,4,12,New York,Usa,2
Westchester Ave & Longwood Ave,1,19,New York,Usa,2
Shepherd Ave & Fulton St,12,0,New York,Usa,2
Dean St & Hoyt St,74,2,New York,Usa,2
3 Ave & 81 St,9,6,New York,Usa,2
Pearl St & York St,46,7,New York,Usa,2
W 34 St & Hudson Blvd E,11,42,New York,Usa,2
W 48 St & Rockefeller Plaza,18,38,New York,Usa,2
E 3 St & Church Ave,20,0,New York,Usa,2
72 St & 41 Ave,3,21,New York,Usa,2
Willoughby St & Ashland Pl,24,4,New York,Usa,2
4 St & River St,7,5,New York,Usa,2
Goulden Ave & W 197 St,3,12,New York,Usa,2
34 Ave & 89 St,15,8,New York,Usa,2
56 St & Arnold Ave,10,10,New York,Usa,2
55 Ave & 97 Pl,13,1,New York,Usa,2
43 St & 37 Ave,8,12,New York,Usa,2
New Jersey Ave & Jamaica Ave,8,4,New York,Usa,2
34 Ave & 38 St,7,24,New York,Usa,2
Greene St & Prince St,12,31,New York,Usa,2
Grand Concourse & E 184 St,2,12,New York,Usa,2
29 St & 5 Ave,11,6,New York,Usa,2
12 Ave & W 125 St,10,27,New York,Usa,2
E 85 St & 3 Ave,26,9,New York,Usa,2
St Nicholas Ave & W 126 St,37,12,New York,Usa,2
Sedgwick Ave & Giles Pl,2,14,New York,Usa,2
9 St HBLR - Jackson St & 8 St,4,14,New York,Usa,2
St Marks Pl & 4 Ave,19,6,New York,Usa,2
Fulton St & Waverly Ave,9,18,New York,Usa,2
24 St & 41 Ave,2,11,New York,Usa,2
Jerome Ave & E 164 St,4,15,New York,Usa,2
Bayard St & Baxter St,27,10,New York,Usa,2
7 Ave & 41 St,10,13,New York,Usa,2
Broadway & W 122 St,3,26,New York,Usa,2
Cambridge Pl & Gates Ave,6,7,New York,Usa,2
Adam Clayton Powell Blvd & W 138 St,8,12,New York,Usa,2
99 St & 32 Ave,8,11,New York,Usa,2
Decatur St & Saratoga Ave,17,3,New York,Usa,2
96 St & Marine Ave,14,0,New York,Usa,2
Lefferts Ave & Albany Ave,20,0,New York,Usa,2
4 Ave & 3 St,34,2,New York,Usa,2
Hull Ave & E 209 St,3,5,New York,Usa,2
W 84 St & Amsterdam Ave,27,4,New York,Usa,2
University Ave & W 168 St,8,8,New York,Usa,2
Beck St & Leggett Ave,16,3,New York,Usa,2
31 Pl & Hunters Point Ave,5,14,New York,Usa,2
3 Ave & Franklin Ave,3,11,New York,Usa,2
E Tremont Ave & Jerome Ave,10,8,New York,Usa,2
Cabrini Blvd & W 177 St,6,15,New York,Usa,2
Flatbush Ave & Eastern Pkwy,13,17,New York,Usa,2
E 11 St & 1 Ave,22,38,New York,Usa,2
Hope St & Union Ave,9,10,New York,Usa,2
Lawrence St & Willoughby St,1,33,New York,Usa,2
Ave C & McDonald Ave,11,0,New York,Usa,2
Bergen Ave & Stegman St,1,2,New York,Usa,2
W 35 St & 8 Ave,14,25,New York,Usa,2
Colonial Rd & Wakeman Pl,10,3,New York,Usa,2
Prospect Ave & Greenwood Ave,10,4,New York,Usa,2
Morris Ave & E 153 St,7,12,New York,Usa,2
Review Ave & Greenpoint Ave,7,9,New York,Usa,2
India St Pier,44,8,New York,Usa,2
Adam Clayton Powell Blvd & W 141 St,10,12,New York,Usa,2
Dock St & Front St,15,2,New York,Usa,2
E 20 St & Park Ave,12,32,New York,Usa,2
Pearl St & Whitehall St,25,12,New York,Usa,2
E 118 St & 3 Ave,26,4,New York,Usa,2
Winthrop St & Rogers Ave,10,4,New York,Usa,2
34 Ave & 13 St,16,3,New York,Usa,2
Central Park S & 6 Ave,5,64,New York,Usa,2
6 Ave & Broome St,25,40,New York,Usa,2
Fulton St & Clermont Ave,26,44,New York,Usa,2
E 27 St & 1 Ave,32,54,New York,Usa,2
46 Rd & 11 St,9,13,New York,Usa,2
Van Dam St & Meeker Ave,20,9,New York,Usa,2
Irving Ave & Harman St,13,8,New York,Usa,2
St Ann's Ave & Westchester Ave,1,17,New York,Usa,2
Cooper Square & Astor Pl,28,57,New York,Usa,2
Astoria Park S & Shore Blvd,15,14,New York,Usa,2
Myrtle Ave & 65 St,10,8,New York,Usa,2
S 4 St & Wythe Ave,20,12,New York,Usa,2
St Nicholas Ave & W 150 St,5,18,New York,Usa,2
35 Ave & 10 St,10,13,New York,Usa,2
Amsterdam Ave & W 79 St,36,6,New York,Usa,2
New York Ave & Lenox Rd,14,7,New York,Usa,2
Washington St & Laight St,51,11,New York,Usa,2
Essex Light Rail,10,11,New York,Usa,2
Hull Ave & E Mosholu Pkwy N,10,2,New York,Usa,2
E 19 St & Beverley Rd,13,4,New York,Usa,2
Ditmars Blvd & 102 St,12,12,New York,Usa,2
111 St & Roosevelt Ave,11,8,New York,Usa,2
Washington St & Morgan St,10,20,New York,Usa,2
W 33 St & 10 Ave,4,51,New York,Usa,2
Riverside Dr & W 145 St,13,16,New York,Usa,2
Bedford Park Blvd & Paul Ave,4,16,New York,Usa,2
Bushwick Ave & Forrest St,7,10,New York,Usa,2
Prospect Ave & E 167 St,4,12,New York,Usa,2
Morgan Ave & Lombardy St,21,9,New York,Usa,2
N 15 St & Wythe Ave,46,6,New York,Usa,2
41 St & 4 Ave,8,12,New York,Usa,2
N 5 St & Northside Piers,22,21,New York,Usa,2
Bradford St & Liberty Ave,10,0,New York,Usa,2
94 St & 57 Ave,24,0,New York,Usa,2
Ridge Blvd & 82 St,7,2,New York,Usa,2
Empire Blvd & New York Ave,10,11,New York,Usa,2
Broadway & W 242 St,15,6,New York,Usa,2
34 Ave & 108 St,18,3,New York,Usa,2
Madison St & Forest Ave,18,5,New York,Usa,2
Rutland Rd & E 45 St,19,2,New York,Usa,2
42 Ave & 108 St,17,2,New York,Usa,2
E 95 St & Rutland Rd,9,7,New York,Usa,2
Bergen Ave & E 152 St,17,3,New York,Usa,2
57 Rd & 59 St,19,0,New York,Usa,2
Van Brunt St & Wolcott St,12,17,New York,Usa,2
Prospect Park SW & Greenwood Ave,23,6,New York,Usa,2
W Broadway & Spring St,86,12,New York,Usa,2
Amsterdam Ave & W 152 St,4,14,New York,Usa,2
5 Ave & 41 St,18,5,New York,Usa,2
E 6 St & Ave D,38,5,New York,Usa,2
23 St & 31 Ave,14,4,New York,Usa,2
LaGuardia Pl & W 3 St,22,24,New York,Usa,2
Mercer St & Bleecker St,47,11,New York,Usa,2
E 165 St & Clay Ave,14,1,New York,Usa,2
Walker St & Baxter St,26,19,New York,Usa,2
W 17 St & 7 Ave,7,36,New York,Usa,2
W 204 St & Nagle Ave,19,0,New York,Usa,2
Harrison St & Hudson St,31,0,New York,Usa,2
Stanton St & Mangin St,9,5,New York,Usa,2
104 St & 38 Ave,17,4,New York,Usa,2
Pacific St & Nevins St,11,5,New York,Usa,2
Grand Concourse & E Mount Eden Ave,7,6,New York,Usa,2
48 St & Barnett Ave,0,0,New York,Usa,2
Kingsbridge Terrace & W 230 St,15,2,New York,Usa,2
E 34 St & Church Ave,15,5,New York,Usa,2
Dr. Lena Edwards Park,5,5,New York,Usa,2
90 St & 51 Ave,13,3,New York,Usa,2
Front St & Pine St,30,20,New York,Usa,2
Clinton St & Bay St,1,24,New York,Usa,2
Washington Park,8,13,New York,Usa,2
Madison St & Evergreen Ave,9,6,New York,Usa,2
Jerome Ave & Bedford Park Blvd E,1,19,New York,Usa,2
Greenwich Ave & Charles St,46,9,New York,Usa,2
E 67 St & Park Ave,16,26,New York,Usa,2
Prospect Park SW & Vanderbilt St,9,21,New York,Usa,2
N Henry St & Norman Ave,16,11,New York,Usa,2
Willoughby Ave & Walworth St,13,4,New York,Usa,2
MacDougal St & Prince St,19,35,New York,Usa,2
Broadway & Kent Ave,20,13,New York,Usa,2
Warren St & Court St,23,7,New York,Usa,2
Carlton Ave & Flushing Ave,24,18,New York,Usa,2
Driggs Ave & N 12 St,29,3,New York,Usa,2
Caton Ave & Argyle Rd,15,1,New York,Usa,2
Prospect Ave & Vanderbilt St,6,14,New York,Usa,2
107 St & 32 Ave,8,11,New York,Usa,2
Willoughby Ave & Onderdonk Ave,9,16,New York,Usa,2
New York Ave & Montgomery St,7,10,New York,Usa,2
MacDougal St & Washington Sq,20,13,New York,Usa,2
Greenwich Ave & 8 Ave,42,29,New York,Usa,2
E 52 St & Winthrop St,6,3,New York,Usa,2
E 118 St & Park Ave,11,13,New York,Usa,2
Courtlandt Ave & E 149 St,3,16,New York,Usa,2
Madison St & Seneca Ave,3,18,New York,Usa,2
St James Pl & Pearl St,22,0,New York,Usa,2
56 Ave & 92 St,21,2,New York,Usa,2
30 St & 48 Ave,10,18,New York,Usa,2
Sigourney St & Columbia St,4,16,New York,Usa,2
Parkside Ave & Flatbush Ave,20,1,New York,Usa,2
Kingston Ave & Montgomery St,13,4,New York,Usa,2
Clinton Ave & Myrtle Ave,30,2,New York,Usa,2
E 39 St & Lexington Ave,11,44,New York,Usa,2
Andrew Ave N & Hall of Fame Tce,2,15,New York,Usa,2
W 64 St & Thelonious Monk Circle,10,30,New York,Usa,2
Warren St,14,6,New York,Usa,2
Bergen St & Mother Gaston Blvd,15,5,New York,Usa,2
Franklin Ave & E 169 St,4,12,New York,Usa,2
E 161 St & Park Ave,6,14,New York,Usa,2
Shore Rd & Oliver St,13,1,New York,Usa,2
Steinway St & 23 Ave,3,4,New York,Usa,2
99 St & 3 Ave,12,1,New York,Usa,2
Evergreen Ave & Noll St,20,5,New York,Usa,2
1 Ave & E 110 St,20,2,New York,Usa,2
3 Ave & E 170 St,2,15,New York,Usa,2
W 176 St & Montgomery Ave,2,14,New York,Usa,2
Madison St & 10 St,16,4,New York,Usa,2
W 51 St & Rockefeller Plaza,8,39,New York,Usa,2
Booth St & 68 Dr,13,0,New York,Usa,2
Verveelen Pl & Broadway,21,1,New York,Usa,2
Calyer St & West St,26,3,New York,Usa,2
Monroe St & Bedford Ave,13,7,New York,Usa,2
E 18 St & Church Ave,20,6,New York,Usa,2
Jackson St & Leonard St,17,5,New York,Usa,2
15 Ave & 37 St,10,1,New York,Usa,2
Bailey Ave & W 238 St,15,1,New York,Usa,2
Jerome Ave & E Mosholu Pkwy N,4,10,New York,Usa,2
Cortelyou Rd & Albany Ave,12,0,New York,Usa,2
E 5 St & Ave C,33,22,New York,Usa,2
Lafayette St & Astor Pl,56,45,New York,Usa,2
E 72 St & York Ave,22,4,New York,Usa,2
Independence Ave & W 240 St,4,7,New York,Usa,2
Fulton St & Williams Ave,4,16,New York,Usa,2
Queens Blvd N & 72 Rd,7,8,New York,Usa,2
W 159 St & Edgecombe Ave,5,10,New York,Usa,2
Edgecombe Ave & W 145 St,0,28,New York,Usa,2
Livonia Ave & Schenck Ave,15,1,New York,Usa,2
65 St & 35 Ave,21,3,New York,Usa,2
Hudson St & W 13 St,26,10,New York,Usa,2
Greenpoint Ave & Manhattan Ave,12,13,New York,Usa,2
61 St & Queens Blvd,15,10,New York,Usa,2
Driggs Ave & Lorimer St,23,2,New York,Usa,2
MLK Dr & Bramhall Ave,4,8,New York,Usa,2
10 St & 2 Ave,12,4,New York,Usa,2
Hudson St & N Moore St,57,11,New York,Usa,2
N 7 St & Driggs Ave,17,31,New York,Usa,2
57 St & 43 Ave,2,17,New York,Usa,2
1 Ave & E 44 St,17,68,New York,Usa,2
Amsterdam Ave & W 186 St,5,13,New York,Usa,2
Manila & 1st,4,12,New York,Usa,2
W 233 St & Albany Crescent,12,4,New York,Usa,2
Nassau St & Duffield St,50,1,New York,Usa,2
Anthony Ave & E Tremont Ave,1,12,New York,Usa,2
E 196 St & Valentine Ave,19,2,New York,Usa,2
72 St & Broadway,4,14,New York,Usa,2
53 St & 2 Ave,25,0,New York,Usa,2
W 129 St & Convent Ave,12,13,New York,Usa,2
Washington St & Barrow St,55,1,New York,Usa,2
Fulton St & Van Siclen Ave,11,3,New York,Usa,2
St Johns Pl & Kingston Ave,5,14,New York,Usa,2
W 49 St & 8 Ave,18,42,New York,Usa,2
Crotona Pkwy & Bronx Park S,3,19,New York,Usa,2
Georgia Ave & New Lots Ave,5,10,New York,Usa,2
Throop Ave & Myrtle Ave,4,15,New York,Usa,2
Liberty Light Rail,12,5,New York,Usa,2
Broadway & Whipple St,15,7,New York,Usa,2
1 Ave & E 30 St,8,29,New York,Usa,2
Delancey St & Eldridge St,31,0,New York,Usa,2
Devoe St & Morgan Ave,16,2,New York,Usa,2
Broadway & W 37 St,40,13,New York,Usa,2
46 St & 28 Ave,4,13,New York,Usa,2
Monroe St & Marcus Garvey Blvd,14,5,New York,Usa,2
Forsyth St & Broome St,58,7,New York,Usa,2
51 St & Hobart St,14,8,New York,Usa,2
Montgomery St & Franklin Ave,14,4,New York,Usa,2
Eastern Pkwy & Rochester Ave,2,21,New York,Usa,2
Van Sinderen Ave & Truxton St,0,22,New York,Usa,2
W 42 St & Dyer Ave,16,9,New York,Usa,2
Knickerbocker Ave & George St,22,0,New York,Usa,2
39 St & 50 Ave,7,12,New York,Usa,2
S 3 St & Bedford Ave,11,10,New York,Usa,2
75 St & Roosevelt Ave,2,23,New York,Usa,2
Van Buren St & Broadway,11,13,New York,Usa,2
47 Ave & 109 St,10,14,New York,Usa,2
Perry Ave & E 204 St,14,4,New York,Usa,2
46 St & 25 Ave,13,10,New York,Usa,2
Albany St & Greenwich St,46,0,New York,Usa,2
St Marks Ave & Rochester Ave,1,18,New York,Usa,2
Lenox Ave & W 111 St,31,3,New York,Usa,2
Skillman Ave & Honeywell St,2,16,New York,Usa,2
60 Pl & Flushing Ave,16,0,New York,Usa,2
Garrison Ave & Manida St,2,25,New York,Usa,2
31 St & Ditmars Blvd,7,14,New York,Usa,2
Knickerbocker Ave & Moffat St,19,2,New York,Usa,2
Grant Ave & MLK Dr,2,16,New York,Usa,2
74 St & 37 Ave,0,28,New York,Usa,2
McKibbin St & Bogart St,24,2,New York,Usa,2
Inwood Ave & W 170 St,8,11,New York,Usa,2
Kings Hwy & E 98 St,12,4,New York,Usa,2
E 103 St & Lexington Ave,20,11,New York,Usa,2
113 St & Jewel Ave,6,4,New York,Usa,2
5 Ave & 37 St,29,1,New York,Usa,2
Central Park W & W 103 St,12,24,New York,Usa,2
Grand Concourse & E 144 St,1,18,New York,Usa,2
Park Ave & E 40 St,8,62,New York,Usa,2
Georgia Ave & Liberty Ave,9,1,New York,Usa,2
Broadway & W 234 St,12,7,New York,Usa,2
E 165 St & Fox St,4,20,New York,Usa,2
Lenox Ave & W 144 St,11,9,New York,Usa,2
Manhattan Ave & Commercial St,30,1,New York,Usa,2
Lenox Ave & W 115 St,23,3,New York,Usa,2
20 Ave & 21 St,17,0,New York,Usa,2
E 174 St & Walton Ave,3,21,New York,Usa,2
98 St & 41 Ave,9,12,New York,Usa,2
Tiebout Ave & E 184 St,14,3,New York,Usa,2
MacDonough St & Marcy Ave,4,18,New York,Usa,2
Barry St & Tiffany St,2,14,New York,Usa,2
Parkside Ave & Ocean Ave,29,1,New York,Usa,2
56 Ave & Junction Blvd,21,1,New York,Usa,2
Jerome Ave & W 195 St,0,0,New York,Usa,2
Cauldwell Ave & E 161 St,3,10,New York,Usa,2
Caton Ave & St. Pauls Pl,18,0,New York,Usa,2
Kenmare St & Elizabeth St,51,0,New York,Usa,2
Ditmars Blvd & 48 St,3,14,New York,Usa,2
Union St & Bedford Ave,6,15,New York,Usa,2
Jamaica Ave & Elton St,15,2,New York,Usa,2
Hazen St & 20 Ave,20,3,New York,Usa,2
Congress St & Hicks St,30,2,New York,Usa,2
103 St & 41 Ave,8,14,New York,Usa,2
62 Dr & 97 St,22,0,New York,Usa,2
Eastern Pkwy & Nostrand Ave,3,19,New York,Usa,2
Soissons Landing,20,0,New York,Usa,2
Hancock St & Stuyvesant Ave,7,10,New York,Usa,2
40 St & 3 Ave,26,0,New York,Usa,2
72 St & Northern Blvd,15,2,New York,Usa,2
57 St & 37 Ave,7,14,New York,Usa,2
Main St & Plymouth St,39,0,New York,Usa,2
East End Ave & E 86 St,24,2,New York,Usa,2
Elmhurst Ave & Roosevelt Ave,8,12,New York,Usa,2
W 67 St & Broadway,18,12,New York,Usa,2
E 182 St & Park Ave,5,16,New York,Usa,2
Sedgwick Ave & W 195 St,7,10,New York,Usa,2
Willoughby Ave & Wyckoff Ave,12,10,New York,Usa,2
Broadway & W 138 St,0,24,New York,Usa,2
Mercer St & Spring St,55,9,New York,Usa,2
31 Ave & 86 St,7,8,New York,Usa,2
32 Ave & 77 St,8,11,New York,Usa,2
Eastern Pkwy & Franklin Ave (NE Corner),3,33,New York,Usa,2
W 113 St & Broadway,4,28,New York,Usa,2
W 47 St & 9 Ave,39,15,New York,Usa,2
1 Ave & E 78 St,50,6,New York,Usa,2
Van Cortlandt Park S & Gouverneur Ave,24,0,New York,Usa,2
E 106 St & Lexington Ave,20,4,New York,Usa,2
E 167 St & Bryant Ave,10,6,New York,Usa,2
Communipaw & Berry Lane,9,5,New York,Usa,2
E 170 St & Webster Ave,4,16,New York,Usa,2
Queens Blvd & 56 Ave,36,2,New York,Usa,2
Central Ave & Woodbine St,10,5,New York,Usa,2
Ditmars Blvd & 43 St,16,10,New York,Usa,2
64 St & Woodbine St,2,15,New York,Usa,2
Clinton St & Joralemon St,32,14,New York,Usa,2
Adelphi St & Myrtle Ave,24,2,New York,Usa,2
Utica Ave & E New York Ave,9,2,New York,Usa,2
Rutgers St & Henry St,38,1,New York,Usa,2
E 115 St & Madison Ave,24,5,New York,Usa,2
E 201 St & Briggs Ave,1,15,New York,Usa,2
Prospect Park W & 20 St,18,3,New York,Usa,2
43 Ave & 42 St,16,8,New York,Usa,2
Metropolitan Ave & Stewart Ave,5,13,New York,Usa,2
Knickerbocker Ave & Thames St,10,6,New York,Usa,2
10 Ave & W 204 St,16,3,New York,Usa,2
Cathedral Pkwy & Broadway,7,15,New York,Usa,2
Myrtle Ave & Grove St,18,1,New York,Usa,2
Dyckman St & Staff St,10,7,New York,Usa,2
5 Ave & E 72 St,23,7,New York,Usa,2
Van Nostrand Ave & Ocean Ave,5,9,New York,Usa,2
5 Ave & 44 St,3,19,New York,Usa,2
South Railroad Ave & Broadway,19,3,New York,Usa,2
63 Ave & 99 St,15,1,New York,Usa,2
S 4 St & Rodney St,9,11,New York,Usa,2
34 Ave & 83 St,6,12,New York,Usa,2
W 190 St & Broadway,15,4,New York,Usa,2
Adam Clayton Powell Blvd & W 132 St,8,11,New York,Usa,2
76 St & 21 Ave,17,2,New York,Usa,2
Allen St & Rivington St,33,6,New York,Usa,2
Boston Rd & E 178 St,18,0,New York,Usa,2
W 30 St & 8 Ave,31,35,New York,Usa,2
Grove St PATH,9,29,New York,Usa,2
Brevoort Pl & Bedford Ave,13,9,New York,Usa,2
Union St & 4 Ave,24,1,New York,Usa,2
Netherland Ave & W 232 St,5,3,New York,Usa,2
E 51 St & 1 Ave,9,21,New York,Usa,2
Danforth Light Rail,15,1,New York,Usa,2
McKeever Pl & Sullivan Pl,13,3,New York,Usa,2
E 8 St & Caton Ave,21,4,New York,Usa,2
Dean St & Rockaway Ave,0,21,New York,Usa,2
Hegeman Ave & Amboy St,18,1,New York,Usa,2
Suydam St & St Nicholas Ave,9,5,New York,Usa,2
Borden Ave & 25 St,9,14,New York,Usa,2
Grove St & Broadway,20,6,New York,Usa,2
Greenwich St & Perry St,40,3,New York,Usa,2
53 St & Roosevelt Ave,5,14,New York,Usa,2
72 Rd & 113 St,4,7,New York,Usa,2
Bushwick Ave & Furman Ave,18,9,New York,Usa,2
53 Ave & 62 St,14,2,New York,Usa,2
54 St & 37 Ave,18,6,New York,Usa,2
Schenectady Ave & President St,7,12,New York,Usa,2
77 St & 24 Ave,6,13,New York,Usa,2
Fieldston Rd & Mosholu Ave,3,9,New York,Usa,2
Columbus Ave & W 59 St,10,31,New York,Usa,2
Maple St & New York Ave,5,12,New York,Usa,2
Suydam St & Knickerbocker Ave,23,3,New York,Usa,2
Brooklyn Ave & Tilden Ave,22,0,New York,Usa,2
Lafayette Ave & Ft Greene Pl,16,19,New York,Usa,2
Shore Rd & 74 St,9,1,New York,Usa,2
Central Ave & Covert St,9,18,New York,Usa,2
Steinway St & 21 Ave,11,2,New York,Usa,2
Bushwick Ave & Linden St,13,16,New York,Usa,2
64 St & 51 Ave,16,1,New York,Usa,2
E 102 St & 1 Ave,20,0,New York,Usa,2
Walnut Ave & E 136 St,5,5,New York,Usa,2
5 Ave & W 131 St,14,5,New York,Usa,2
State St & Smith St,48,14,New York,Usa,2
Bailey Ave & W 193 St,21,0,New York,Usa,2
River Ave & E 153 St,25,1,New York,Usa,2
Clinton St & 4 Place,9,7,New York,Usa,2
7 St & 3 Ave,21,1,New York,Usa,2
W Fordham Rd & Loring Pl N,0,21,New York,Usa,2
W 27 St & 6 Ave,18,47,New York,Usa,2
E 12 St & Ave C,26,13,New York,Usa,2
Amsterdam Ave & W 175 St,8,14,New York,Usa,2
6 Ave & 9 St,13,13,New York,Usa,2
Clarkson Ave & E 37 St,8,7,New York,Usa,2
Corona Ave & 92 St,13,7,New York,Usa,2
E 26 St & 3 Ave,34,2,New York,Usa,2
3 Ave & E 82 St,34,6,New York,Usa,2
83 St & Narrows Ave,12,0,New York,Usa,2
Lorimer St & Broadway,12,14,New York,Usa,2
6 St & 7 Ave,1,14,New York,Usa,2
Tilden Ave & Lott St,16,1,New York,Usa,2
31 St & Astoria Blvd,4,23,New York,Usa,2
Danforth Ave & JFK Blvd,15,1,New York,Usa,2
89 St & 3 Ave,13,1,New York,Usa,2
Frederick Douglass Blvd & W 139 St,8,10,New York,Usa,2
E 27 St & Park Ave S,14,53,New York,Usa,2
E 17 St & Beverley Rd,6,17,New York,Usa,2
Fulton St & Broadway,24,19,New York,Usa,2
3 St & Prospect Park West,23,6,New York,Usa,2
Carmine St & 6 Ave,50,8,New York,Usa,2
Jerome Ave & Bainbridge Ave,9,8,New York,Usa,2
Metropolitan Ave & Bedford Ave,12,35,New York,Usa,2
Harman St & Seneca Ave,6,12,New York,Usa,2
Page Pl & Grand Ave,17,3,New York,Usa,2
Cadman Plaza E & Tillary St,39,6,New York,Usa,2
Madison St & Woodward Ave,17,1,New York,Usa,2
Frederick Douglass Blvd & Harlem River Dr,11,4,New York,Usa,2
Pacific St & Ralph Ave,1,15,New York,Usa,2
6 Ave & W 34 St,9,54,New York,Usa,2
Hinsdale St & Newport St,9,3,New York,Usa,2
Milton St & Franklin St,15,17,New York,Usa,2
Ave A & E 11 St,46,19,New York,Usa,2
W 90 St & Amsterdam Ave,28,0,New York,Usa,2
7 Ave & 20 St,16,1,New York,Usa,2
E 103 St & 2 Ave,30,0,New York,Usa,2
30 Ave & 12 St,27,2,New York,Usa,2
Catalpa Ave & Woodward Ave,13,4,New York,Usa,2
E 31 St & 3 Ave,23,40,New York,Usa,2
Broadway & Berry St,10,21,New York,Usa,2
Pearl St & Hanover Square,53,14,New York,Usa,2
2 Ave & E 99 St,28,0,New York,Usa,2
20 Ave & 48 St,21,1,New York,Usa,2
Bond St & Bergen St,19,3,New York,Usa,2
Stockholm St & Wilson Ave,14,7,New York,Usa,2
67 St & Erik Pl,14,8,New York,Usa,2
57 Rd & 58 St,18,1,New York,Usa,2
Graham Ave & Withers St,12,1,New York,Usa,2
Jerome Ave & E Mosholu Pkwy S,4,16,New York,Usa,2
44 St & 48 Ave,7,14,New York,Usa,2
Bay Ridge Pkwy & 5 Ave,9,2,New York,Usa,2
79 St & 5 Ave,13,2,New York,Usa,2
Highland Blvd & Vermont Pl,16,6,New York,Usa,2
E 181 St & Bathgate Ave,10,10,New York,Usa,2
Martense Ave & 108 St,16,3,New York,Usa,2
Journal Square,1,16,New York,Usa,2
Fort Hamilton Pkwy & 85 St,8,1,New York,Usa,2
Eliot Ave & 60 Ln,5,15,New York,Usa,2
Tinton Ave & E 165 St,9,7,New York,Usa,2
24 Ave & 26 St,9,8,New York,Usa,2
Troy Ave & Linden Blvd,18,1,New York,Usa,2
W 171 St & St Nicholas Ave,21,7,New York,Usa,2
36 St & 47 Ave,7,11,New York,Usa,2
Pacific St & Troy Ave,9,11,New York,Usa,2
E 153 St & E 157 St,7,9,New York,Usa,2
W 87 St & Amsterdam Ave,31,12,New York,Usa,2
31 St & Newtown Ave,20,16,New York,Usa,2
Engert Ave & McGuinness Blvd,14,4,New York,Usa,2
Driggs Ave & N 9 St,14,35,New York,Usa,2
48 St & Broadway,10,20,New York,Usa,2
W 10 St & Washington St,61,1,New York,Usa,2
57 St & 7 Ave,8,9,New York,Usa,2
8 Ave & W 24 St,4,35,New York,Usa,2
Monroe St & Tompkins Ave,15,1,New York,Usa,2
E 39 St & 2 Ave,19,21,New York,Usa,2
E 204 St & Webster Ave,9,9,New York,Usa,2
Union Ave & Jackson St,8,9,New York,Usa,2
10 Ave & W 34 St,7,24,New York,Usa,2
Front St & Gold St,36,1,New York,Usa,2
Crescent St & 30 Ave,17,4,New York,Usa,2
19 St & 8 Ave,4,15,New York,Usa,2
102 St & 34 Ave,16,4,New York,Usa,2
W 180 St & Fort Washington Ave,6,11,New York,Usa,2
Columbia St & Lorraine St,12,24,New York,Usa,2
Grand Concourse & E 176 St,1,19,New York,Usa,2
Brooklyn Bridge Park - Pier 2,17,4,New York,Usa,2
West End Ave & W 94 St,24,1,New York,Usa,2
E 19 St & 3 Ave,21,12,New York,Usa,2
39 St & 2 Ave,28,0,New York,Usa,2
94 St & Northern Blvd,3,16,New York,Usa,2
Ditmars Blvd & 31 Dr,28,0,New York,Usa,2
Park Pl & Franklin Ave,16,1,New York,Usa,2
Leonard St & Maujer St,13,7,New York,Usa,2
Fort Washington Ave & W 190 St,1,15,New York,Usa,2
E 163 St & Tiffany St,8,10,New York,Usa,2
Oakland Ave,10,15,New York,Usa,2
E 58 St & 1 Ave (NW Corner),16,32,New York,Usa,2
5 Ave & E 30 St,12,41,New York,Usa,2
Scholes St & Lorimer St,18,9,New York,Usa,2
100 St & Northern Blvd,5,14,New York,Usa,2
Amsterdam Ave & W 172 St,14,1,New York,Usa,2
Linden Blvd & E 91 St,9,3,New York,Usa,2
Southern Blvd & Tiffany St,9,8,New York,Usa,2
47 Ave & 104 St,16,3,New York,Usa,2
Carroll St & Smith St,32,8,New York,Usa,2
E 10 St & Ave A,71,31,New York,Usa,2
South End Ave & Albany St,41,0,New York,Usa,2
Dwight St & Dikeman St,2,18,New York,Usa,2
Montgomery St,8,5,New York,Usa,2
Douglass St & 4 Ave,31,12,New York,Usa,2
President St & Nostrand Ave,4,22,New York,Usa,2
FDR Drive & E 35 St,52,69,New York,Usa,2
Hamilton Pl & W 140 St,3,13,New York,Usa,2
7 Ave & 22 St,10,12,New York,Usa,2
Sedgwick Ave & W Tremont Ave,17,1,New York,Usa,2
Convent Ave & W 151 St,6,17,New York,Usa,2
Grand Ave & 58 Ave,18,1,New York,Usa,2
E 158 St & Melrose Ave,6,13,New York,Usa,2
Jerome Ave & W 184 St,2,15,New York,Usa,2
39 Ave & 99 St,0,18,New York,Usa,2
Willis Ave & Bruckner Blvd,13,2,New York,Usa,2
Convent Ave & W 135 St,2,26,New York,Usa,2
Brooklyn Ave & Dean St,9,7,New York,Usa,2
Warwick St & Hegeman Ave,10,2,New York,Usa,2
30 Ave & 47 St,15,4,New York,Usa,2
Southern Blvd & E 187 St,6,3,New York,Usa,2
Kappock St & Independence Ave,6,11,New York,Usa,2
E 93 St & 2 Ave,70,1,New York,Usa,2
Monmouth & 6th,11,3,New York,Usa,2
Church Sq Park - 5 St & Park Ave,9,9,New York,Usa,2
Adams St & 2 St,4,10,New York,Usa,2
Dumont Ave & Thomas S. Boyland St,16,0,New York,Usa,2
Sterling Pl & Bedford Ave,8,14,New York,Usa,2
3 Ave & 14 St,23,1,New York,Usa,2
Broadway & 12 St,31,0,New York,Usa,2
9 Ave & W 204 St,21,0,New York,Usa,2
Elmhurst Ave & Forley St,3,18,New York,Usa,2
Corona Ave & 90 St,16,6,New York,Usa,2
99 St & 58 Ave,23,0,New York,Usa,2
9 Ave & W 18 St,0,0,New York,Usa,2
Pacific St & Rochester Ave,3,16,New York,Usa,2
23 Rd & 31 St,18,3,New York,Usa,2
Queens Blvd N & 75 Ave,10,12,New York,Usa,2
Kosciuszko St & Nostrand Ave,5,16,New York,Usa,2
North Moore St & Greenwich St,20,7,New York,Usa,2
N 11 St & Kent Ave,16,8,New York,Usa,2
Townsend Ave & E 175 St,2,14,New York,Usa,2
Lorimer St & Harrison Ave,17,1,New York,Usa,2
W 44 St & 11 Ave,23,54,New York,Usa,2
Nelson Ave & 167 St,4,12,New York,Usa,2
W 190 St & St Nicholas Ave,0,23,New York,Usa,2
Hinsdale St & Glenmore Ave,11,1,New York,Usa,2
Railroad Ave & Kay Ave,23,1,New York,Usa,2
N Portland Ave & Flushing Ave,18,11,New York,Usa,2
47 St & 3 Ave,19,4,New York,Usa,2
Austin St & 63 Dr,15,0,New York,Usa,2
E 13 St & 2 Ave,22,29,New York,Usa,2
91 St & 31 Ave,14,5,New York,Usa,2
Cypress Ave & Palmetto St,16,6,New York,Usa,2
E 167 St & Franklin Ave,3,15,New York,Usa,2
Lafayette Ave & Franklin Ave,21,0,New York,Usa,2
Tibbett Ave & W 234 St,20,0,New York,Usa,2
31 Ave & 103 St,16,2,New York,Usa,2
61 St & Woodside Ave,3,14,New York,Usa,2
E 58 St & 3 Ave,9,37,New York,Usa,2
6 Ave & 12 St,12,17,New York,Usa,2
Eldert St & Bushwick Ave,20,1,New York,Usa,2
Valentine Ave & E 198 St,0,12,New York,Usa,2
W 95 St & Broadway,18,10,New York,Usa,2
W 37 St & Broadway,9,72,New York,Usa,2
12 St & 4 Ave,18,6,New York,Usa,2
Central Park S & Grand Army Plaza,7,73,New York,Usa,2
63 Dr & Booth St,17,0,New York,Usa,2
Lewis Ave & Kosciuszko St,7,12,New York,Usa,2
Morris Canal,0,3,New York,Usa,2
51 St & Queens Blvd,7,11,New York,Usa,2
E 91 St & 2 Ave,70,1,New York,Usa,2
Wilkins Ave & Crotona Park E,1,14,New York,Usa,2
Bristol St & Pitkin Ave,9,4,New York,Usa,2
65 St & Roosevelt Ave,14,14,New York,Usa,2
Riverside Dr E & W 155 St,10,10,New York,Usa,2
Henry St & Middagh St,21,5,New York,Usa,2
Crescent St & Ditmars Blvd,7,7,New York,Usa,2
Thompson St & Bleecker St,42,13,New York,Usa,2
Banker St & Meserole Ave,28,2,New York,Usa,2
51 St & 43 Ave,17,8,New York,Usa,2
Sterling Pl & 5 Ave,15,11,New York,Usa,2
Pioneer St & Richards St,10,13,New York,Usa,2
Turner Pl & Coney Island Ave,18,0,New York,Usa,2
Arlington Ave & Wilkinson Ave,1,11,New York,Usa,2
Concord St & Bridge St,14,0,New York,Usa,2
Greenwood Ave & E 4 St,18,0,New York,Usa,2
Greenwich St & Hubert St,22,13,New York,Usa,2
Shore Rd & Narrows Ave,9,3,New York,Usa,2
34 Ave & 48 St,21,4,New York,Usa,2
108 St & Jewel Ave,9,7,New York,Usa,2
N 6 St & Bedford Ave,10,11,New York,Usa,2
Blake Ave & Pennsylvania Ave,9,2,New York,Usa,2
Stewart Ave & Johnson Ave,14,3,New York,Usa,2
Crown St & Troy Ave,7,12,New York,Usa,2
Bushwick Ave & McKibbin St,11,9,New York,Usa,2
8 Ave & W 55 St,0,0,New York,Usa,2
Ditmars Blvd & 76 St,17,0,New York,Usa,2
Pitkin Ave & Grafton St,13,8,New York,Usa,2
Sutter Ave & Sheffield Ave,9,0,New York,Usa,2
56 Dr & 59 St,18,0,New York,Usa,2
46 Ave & 5 St,21,15,New York,Usa,2
70 Rd & 112 St,7,10,New York,Usa,2
30 Ave & 96 St,4,16,New York,Usa,2
5 Ave & 67 St,12,6,New York,Usa,2
Stagg St & Morgan Ave,11,7,New York,Usa,2
60 Ave & Fresh Pond Rd,8,9,New York,Usa,2
Greene Ave & Nostrand Ave,8,15,New York,Usa,2
58 St & 56 Dr,15,4,New York,Usa,2
Woodside Ave & 69 St,2,15,New York,Usa,2
Southpoint Park,30,5,New York,Usa,2
49 Ave & 108 St,3,18,New York,Usa,2
W 29 St & 9 Ave,14,26,New York,Usa,2
W 52 St & 6 Ave,8,48,New York,Usa,2
37 St & 13 Ave,5,9,New York,Usa,2
Lewis Ave & Madison St,13,5,New York,Usa,2
Hoboken Ave at Monmouth St,23,8,New York,Usa,2
Taylor St & Bedford Ave,16,4,New York,Usa,2
Hamilton Park,17,7,New York,Usa,2
Willis Ave & E 141 St,10,6,New York,Usa,2
Whitney Ave & Ketcham Pl,15,7,New York,Usa,2
10 Ave & W 14 St,61,16,New York,Usa,2
W 144 St & Adam Clayton Powell Blvd,13,8,New York,Usa,2
Echo Pl & Grand Concourse,9,16,New York,Usa,2
E 191 St & Bathgate Ave,21,4,New York,Usa,2
Amsterdam Ave & W 82 St,27,10,New York,Usa,2
Vyse Ave & Boston Rd,3,11,New York,Usa,2
Lenox Ave & W 117 St,7,33,New York,Usa,2
Ashland Pl & Dekalb Ave,32,12,New York,Usa,2
10 Ave & W 207 St,14,23,New York,Usa,2
Willoughby Ave & Tompkins Ave,14,2,New York,Usa,2
Sterling Pl & Rochester Ave,0,22,New York,Usa,2
Davis St & Jackson Ave,3,25,New York,Usa,2
Old Slip & South St,87,0,New York,Usa,2
Beverley Rd & Nostrand Ave,18,2,New York,Usa,2
4 Ave & 99 St,14,1,New York,Usa,2
E 84 St & 1 Ave,25,3,New York,Usa,2
Bedford Ave & Albemarle Rd,12,5,New York,Usa,2
W 165 St & Fort Washington Ave,18,4,New York,Usa,2
11 Ave & W 59 St,22,9,New York,Usa,2
Van Siclen Ave & Linden Blvd,11,3,New York,Usa,2
Broadway & W 25 St,18,89,New York,Usa,2
Hilltop,1,21,New York,Usa,2
E 115 St & Lexington Ave,16,6,New York,Usa,2
E 88 St & 1 Ave,35,2,New York,Usa,2
55 St & Northern Blvd,7,14,New York,Usa,2
Riverdale Ave & W 263 St,4,9,New York,Usa,2
Sunken Meadow Comfort Station,20,3,New York,Usa,2
29 St & Skillman Ave,7,18,New York,Usa,2
Metropolitan Ave & Meeker Ave,2,25,New York,Usa,2
New Lots Ave & Van Sinderen Ave,4,11,New York,Usa,2
Manhattan Ave & Leonard St,17,1,New York,Usa,2
6 Ave & 60 St,10,9,New York,Usa,2
Pitkin Ave & Jerome St,9,2,New York,Usa,2
Crotona Park North & Prospect Ave,7,10,New York,Usa,2
South St & Broad St,23,4,New York,Usa,2
Ridge Blvd & 89 St,9,0,New York,Usa,2
W 192 St & University Ave,3,17,New York,Usa,2
114 St & 39 Ave,26,4,New York,Usa,2
Buffalo Ave & St John's Pl,4,14,New York,Usa,2
Carroll St & Columbia St,37,2,New York,Usa,2
Pacific Ave & Communipaw Ave,15,0,New York,Usa,2
W 11 St & 6 Ave,38,37,New York,Usa,2
Mother Gaston Blvd & Lott Ave,10,1,New York,Usa,2
Dyckman St & 10 Ave,12,2,New York,Usa,2
Lexington Ave & E 128 St,9,13,New York,Usa,2
Maurice Ave & 53 Dr,13,0,New York,Usa,2
Steinway St & 19 Ave,20,0,New York,Usa,2
DeKalb Ave & Vanderbilt Ave,8,6,New York,Usa,2
16 St & 4 Ave,26,1,New York,Usa,2
Division Ave & Hooper St,47,14,New York,Usa,2
N 10 St & Berry St,19,28,New York,Usa,2
McDonald Ave & Vanderbilt St,8,10,New York,Usa,2
E 180 St & Prospect Ave,7,12,New York,Usa,2
Van Siclen Ave & Arlington Ave,6,8,New York,Usa,2
Frederick Douglass Blvd & W 112 St,15,18,New York,Usa,2
21 Ave & Crescent St,7,15,New York,Usa,2
110 St & 66 Rd,16,0,New York,Usa,2
Canal St & Rutgers St,36,7,New York,Usa,2
Shore Pkwy Greenway & Bay Ridge Ave,8,12,New York,Usa,2
University Pl & E 8 St,29,47,New York,Usa,2
Bainbridge Ave & E 196 St,7,8,New York,Usa,2
Cooper Ave & 65 Pl,9,12,New York,Usa,2
Wadsworth Ave & W 179 St,17,11,New York,Usa,2
Glenwood Ave,4,13,New York,Usa,2
50 St & 30 Ave,13,8,New York,Usa,2
34 St & 4 Ave,18,0,New York,Usa,2
74 St & Woodside Ave,5,13,New York,Usa,2
St Felix Ave & 61 St,15,0,New York,Usa,2
2 Ave & E 125 St,17,8,New York,Usa,2
Pier 40 - Hudson River Park,0,18,New York,Usa,2
60 Pl & Bleecker St,0,18,New York,Usa,2
47 Ave & Skillman Ave,2,16,New York,Usa,2
Columbus Ave & W 72 St,53,11,New York,Usa,2
E 138 St & Willow Ave,1,15,New York,Usa,2
Dean St & Franklin Ave,10,10,New York,Usa,2
E 149 St & Morris Ave,10,17,New York,Usa,2
58 St & 32 Ave,5,13,New York,Usa,2
